batter,season,season_year,runs,balls,fours,sixes,dismissals,strike_rate,average
A Ashish Reddy,2012,2012,35,29,3,1,4,120.6896551724138,8.75
A Ashish Reddy,2013,2013,125,89,8,5,6,140.4494382022472,20.833333333333332
A Ashish Reddy,2015,2015,73,46,3,5,3,158.69565217391303,24.333333333333332
A Ashish Reddy,2016,2016,47,29,2,4,2,162.06896551724137,23.5
A Badoni,2022,2022,161,130,11,7,9,123.84615384615385,17.88888888888889
A Badoni,2023,2023,238,172,13,12,9,138.37209302325581,26.444444444444443
A Badoni,2024,2024,235,171,22,5,8,137.4269005847953,29.375
A Badoni,2025,2025,329,222,27,14,10,148.19819819819818,32.9
A Badoni,2026,2026,172,122,18,6,8,140.98360655737704,21.5
A Chandila,2012,2012,0,1,0,0,1,0.0,0.0
A Chandila,2013,2013,4,6,0,0,0,66.66666666666666,4.0
A Chopra,2007/08,2007,42,52,5,0,4,80.76923076923077,10.5
A Chopra,2009,2009,11,19,2,0,1,57.89473684210527,11.0
A Choudhary,2017,2017,25,20,1,1,2,125.0,12.5
A Dananjaya,2018,2018,4,5,0,0,0,80.0,4.0
A Flintoff,2009,2009,62,53,5,2,2,116.98113207547169,31.0
A Kamboj,2024,2024,2,2,0,0,0,100.0,2.0
A Kamboj,2025,2025,14,12,2,0,2,116.66666666666667,7.0
A Kamboj,2026,2026,39,30,2,2,0,130.0,39.0
A Kumble,2007/08,2007,13,17,1,0,1,76.47058823529412,13.0
A Kumble,2009,2009,16,19,2,0,1,84.21052631578947,16.0
A Kumble,2009/10,2009,6,11,0,0,0,54.54545454545454,6.0
A Manohar,2022,2022,108,75,14,3,6,144.0,18.0
A Manohar,2023,2023,114,83,6,7,6,137.34939759036143,19.0
A Manohar,2024,2024,9,16,1,0,2,56.25,4.5
A Manohar,2025,2025,61,61,2,4,5,100.0,12.2
A Mhatre,2025,2025,240,127,31,11,7,188.9763779527559,34.285714285714285
A Mhatre,2026,2026,201,113,20,12,5,177.87610619469027,40.2
A Mishra,2007/08,2007,37,42,3,0,4,88.09523809523809,9.25
A Mishra,2009,2009,26,20,2,2,2,130.0,13.0
A Mishra,2009/10,2009,39,51,1,0,4,76.47058823529412,9.75
A Mishra,2011,2011,68,49,9,1,6,138.77551020408163,11.333333333333334
A Mishra,2012,2012,16,20,1,0,3,80.0,5.333333333333333
A Mishra,2013,2013,89,96,9,0,3,92.70833333333334,29.666666666666668
A Mishra,2014,2014,4,7,0,0,1,57.14285714285714,4.0
A Mishra,2015,2015,8,12,0,0,1,66.66666666666666,8.0
A Mishra,2016,2016,4,14,0,0,2,28.57142857142857,2.0
A Mishra,2017,2017,49,52,2,2,1,94.23076923076923,49.0
A Mishra,2018,2018,1,2,0,0,0,50.0,1.0
A Mishra,2019,2019,21,24,2,0,2,87.5,10.5
A Mishra,2023,2023,19,30,2,0,1,63.33333333333333,19.0
A Mithun,2009/10,2009,5,4,1,0,1,125.0,5.0
A Mithun,2011,2011,27,20,3,1,3,135.0,9.0
A Mithun,2013,2013,2,2,0,0,1,100.0,2.0
A Mukund,2007/08,2007,0,1,0,0,1,0.0,0.0
A Mukund,2013,2013,19,21,1,0,1,90.47619047619048,19.0
A Nehra,2007/08,2007,3,13,0,0,0,23.076923076923077,3.0
A Nehra,2009,2009,1,1,0,0,0,100.0,1.0
A Nehra,2009/10,2009,23,20,2,1,1,114.99999999999999,23.0
A Nehra,2012,2012,11,12,1,0,1,91.66666666666666,11.0
A Nehra,2013,2013,1,8,0,0,4,12.5,0.25
A Nehra,2015,2015,1,7,0,0,2,14.285714285714285,0.5
A Nehra,2016,2016,1,1,0,0,0,100.0,1.0
A Nortje,2020/21,2020,7,6,0,0,1,116.66666666666667,7.0
A Nortje,2022,2022,1,6,0,0,0,16.666666666666664,1.0
A Nortje,2023,2023,37,29,6,0,2,127.58620689655173,18.5
A Nortje,2024,2024,4,8,0,0,2,50.0,2.0
A Nortje,2026,2026,0,1,0,0,1,0.0,0.0
A Raghuvanshi,2024,2024,163,105,16,8,7,155.23809523809524,23.285714285714285
A Raghuvanshi,2025,2025,300,215,30,8,9,139.53488372093022,33.333333333333336
A Raghuvanshi,2026,2026,268,195,29,9,8,137.43589743589743,33.5
A Singh,2009,2009,1,3,0,0,1,33.33333333333333,1.0
A Singh,2011,2011,1,4,0,0,2,25.0,0.5
A Singh,2012,2012,0,3,0,0,1,0.0,0.0
A Symonds,2007/08,2007,161,105,15,9,2,153.33333333333334,80.5
A Symonds,2009,2009,249,166,15,11,8,150.0,31.125
A Symonds,2009/10,2009,429,341,35,18,13,125.80645161290323,33.0
A Symonds,2011,2011,135,138,9,3,3,97.82608695652173,45.0
A Tomar,2022,2022,4,8,1,0,1,50.0,4.0
A Uniyal,2009/10,2009,4,7,0,0,1,57.14285714285714,4.0
A Zampa,2016,2016,0,1,0,0,1,0.0,0.0
A Zampa,2017,2017,5,7,1,0,1,71.42857142857143,5.0
A Zampa,2023,2023,10,16,0,0,3,62.5,3.3333333333333335
AA Bilakhia,2009,2009,67,81,5,0,4,82.71604938271605,16.75
AA Bilakhia,2009/10,2009,2,4,0,0,1,50.0,2.0
AA Chavan,2011,2011,1,3,0,0,0,33.33333333333333,1.0
AA Chavan,2012,2012,11,8,2,0,1,137.5,11.0
AA Jhunjhunwala,2009/10,2009,183,166,16,4,10,110.24096385542168,18.3
AA Jhunjhunwala,2011,2011,10,18,2,0,2,55.55555555555556,5.0
AA Jhunjhunwala,2012,2012,24,26,1,1,2,92.3076923076923,12.0
AA Kulkarni,2024,2024,9,8,2,0,2,112.5,4.5
AA Noffke,2007/08,2007,9,10,1,0,1,90.0,9.0
AB Agarkar,2007/08,2007,54,46,5,2,4,117.3913043478261,13.5
AB Agarkar,2009,2009,66,57,3,3,2,115.78947368421053,33.0
AB Agarkar,2009/10,2009,40,29,4,0,1,137.93103448275863,40.0
AB Agarkar,2011,2011,7,6,1,0,0,116.66666666666667,7.0
AB Agarkar,2013,2013,12,16,0,0,1,75.0,12.0
AB Barath,2009/10,2009,42,42,5,1,2,100.0,21.0
AB Dinda,2007/08,2007,2,4,0,0,1,50.0,2.0
AB Dinda,2009,2009,2,3,0,0,2,66.66666666666666,1.0
AB Dinda,2009/10,2009,0,1,0,0,1,0.0,0.0
AB Dinda,2011,2011,0,5,0,0,1,0.0,0.0
AB Dinda,2012,2012,2,5,0,0,0,40.0,2.0
AB Dinda,2013,2013,9,11,1,0,2,81.81818181818183,4.5
AB Dinda,2014,2014,4,12,0,0,1,33.33333333333333,4.0
AB Dinda,2017,2017,7,7,1,0,1,100.0,7.0
AB McDonald,2009,2009,3,4,0,0,1,75.0,3.0
AB McDonald,2009/10,2009,65,52,3,2,0,125.0,65.0
AB McDonald,2011,2011,8,7,0,0,1,114.28571428571428,8.0
AB McDonald,2012,2012,47,35,6,2,2,134.28571428571428,23.5
AB McDonald,2013,2013,0,2,0,0,1,0.0,0.0
AB de Villiers,2007/08,2007,95,98,5,1,4,96.93877551020408,23.75
AB de Villiers,2009,2009,465,355,39,12,9,130.98591549295776,51.666666666666664
AB de Villiers,2009/10,2009,111,119,7,0,7,93.27731092436974,15.857142857142858
AB de Villiers,2011,2011,312,243,21,14,8,128.39506172839506,39.0
AB de Villiers,2012,2012,319,198,26,15,8,161.11111111111111,39.875
AB de Villiers,2013,2013,373,223,34,17,10,167.2645739910314,37.3
AB de Villiers,2014,2014,395,249,26,24,11,158.63453815261045,35.90909090909091
AB de Villiers,2015,2015,513,293,60,22,8,175.08532423208192,64.125
AB de Villiers,2016,2016,687,407,57,37,13,168.7960687960688,52.84615384615385
AB de Villiers,2017,2017,216,163,12,16,7,132.51533742331287,30.857142857142858
AB de Villiers,2018,2018,480,275,39,30,9,174.54545454545453,53.333333333333336
AB de Villiers,2019,2019,442,287,31,26,10,154.00696864111498,44.2
AB de Villiers,2020/21,2020,460,290,34,23,10,158.6206896551724,46.0
AB de Villiers,2021,2021,313,211,23,16,11,148.34123222748815,28.454545454545453
AC Blizzard,2011,2011,120,87,21,2,6,137.93103448275863,20.0
AC Blizzard,2012,2012,0,3,0,0,1,0.0,0.0
AC Gilchrist,2007/08,2007,436,318,51,19,13,137.1069182389937,33.53846153846154
AC Gilchrist,2009,2009,495,325,54,29,16,152.3076923076923,30.9375
AC Gilchrist,2009/10,2009,289,185,31,16,17,156.21621621621622,17.0
AC Gilchrist,2011,2011,383,295,41,18,14,129.83050847457628,27.357142857142858
AC Gilchrist,2012,2012,172,143,21,4,4,120.27972027972027,43.0
AC Gilchrist,2013,2013,294,229,41,6,12,128.38427947598254,24.5
AC Thomas,2011,2011,1,4,0,0,0,25.0,1.0
AC Thomas,2012,2012,19,15,1,1,2,126.66666666666666,9.5
AC Voges,2009/10,2009,181,143,15,3,6,126.57342657342659,30.166666666666668
AD Hales,2018,2018,148,118,13,6,6,125.42372881355932,24.666666666666668
AD Mascarenhas,2007/08,2007,9,8,0,1,1,112.5,9.0
AD Mascarenhas,2009,2009,39,39,4,0,4,100.0,9.75
AD Mascarenhas,2009/10,2009,12,10,0,0,2,120.0,6.0
AD Mascarenhas,2012,2012,14,16,1,0,3,87.5,4.666666666666667
AD Mascarenhas,2013,2013,5,5,0,0,0,100.0,5.0
AD Mathews,2009,2009,16,13,2,0,1,123.07692307692308,16.0
AD Mathews,2009/10,2009,233,184,18,8,6,126.63043478260869,38.833333333333336
AD Mathews,2012,2012,127,108,5,4,7,117.59259259259258,18.142857142857142
AD Mathews,2013,2013,172,139,5,10,8,123.74100719424462,21.5
AD Mathews,2015,2015,144,104,12,6,7,138.46153846153845,20.571428571428573
AD Mathews,2017,2017,32,27,2,1,2,118.5185185185185,16.0
AD Nath,2016,2016,20,27,1,0,3,74.07407407407408,6.666666666666667
AD Nath,2017,2017,0,1,0,0,1,0.0,0.0
AD Nath,2018,2018,9,13,1,0,1,69.23076923076923,9.0
AD Nath,2019,2019,61,57,5,2,5,107.01754385964912,12.2
AD Russell,2012,2012,47,26,3,3,2,180.76923076923077,23.5
AD Russell,2013,2013,11,14,0,0,2,78.57142857142857,5.5
AD Russell,2014,2014,2,8,0,0,2,25.0,1.0
AD Russell,2015,2015,326,169,35,19,7,192.89940828402368,46.57142857142857
AD Russell,2016,2016,188,114,10,15,7,164.91228070175438,26.857142857142858
AD Russell,2018,2018,316,171,17,31,12,184.7953216374269,26.333333333333332
AD Russell,2019,2019,514,252,32,52,10,203.96825396825395,51.4
AD Russell,2020/21,2020,117,81,9,9,9,144.44444444444443,13.0
AD Russell,2021,2021,183,120,14,14,6,152.5,30.5
AD Russell,2022,2022,335,192,18,32,9,174.47916666666669,37.22222222222222
AD Russell,2023,2023,227,156,13,18,12,145.5128205128205,18.916666666666668
AD Russell,2024,2024,222,120,20,16,6,185.0,37.0
AD Russell,2025,2025,167,102,16,14,8,163.72549019607843,20.875
AF Milne,2017,2017,7,12,0,0,3,58.333333333333336,2.3333333333333335
AF Milne,2021,2021,16,17,0,1,2,94.11764705882352,8.0
AG Murtaza,2011,2011,2,5,0,0,0,40.0,2.0
AG Murtaza,2012,2012,3,5,0,0,0,60.0,3.0
AG Murtaza,2013,2013,5,4,1,0,1,125.0,5.0
AG Paunikar,2009/10,2009,0,1,0,0,1,0.0,0.0
AG Paunikar,2011,2011,49,57,9,0,4,85.96491228070175,12.25
AJ Finch,2009/10,2009,21,21,0,1,1,100.0,21.0
AJ Finch,2011,2011,47,46,3,3,7,102.17391304347827,6.714285714285714
AJ Finch,2012,2012,55,51,8,0,2,107.84313725490196,27.5
AJ Finch,2013,2013,456,336,54,16,14,135.71428571428572,32.57142857142857
AJ Finch,2014,2014,309,263,31,9,11,117.49049429657794,28.09090909090909
AJ Finch,2015,2015,23,33,4,0,3,69.6969696969697,7.666666666666667
AJ Finch,2016,2016,393,299,45,11,8,131.438127090301,49.125
AJ Finch,2017,2017,300,184,25,19,12,163.04347826086956,25.0
AJ Finch,2018,2018,134,100,6,8,8,134.0,16.75
AJ Finch,2020/21,2020,268,241,28,8,12,111.20331950207469,22.333333333333332
AJ Finch,2022,2022,86,61,10,3,6,140.98360655737704,14.333333333333334
AJ Hosein,2023,2023,16,10,1,1,0,160.0,16.0
AJ Hosein,2026,2026,2,2,0,0,0,100.0,2.0
AJ Turner,2019,2019,3,10,0,0,3,30.0,1.0
AJ Turner,2024,2024,21,18,0,2,2,116.66666666666667,10.5
AJ Tye,2017,2017,53,30,4,3,1,176.66666666666666,53.0
AJ Tye,2018,2018,32,38,2,1,6,84.21052631578947,5.333333333333333
AJ Tye,2019,2019,0,2,0,0,0,0.0,0.0
AJ Tye,2020/21,2020,6,6,0,1,1,100.0,6.0
AK Markram,2021,2021,146,119,12,4,5,122.6890756302521,29.2
AK Markram,2022,2022,381,274,25,19,8,139.05109489051094,47.625
AK Markram,2023,2023,248,197,18,8,11,125.88832487309645,22.545454545454547
AK Markram,2024,2024,220,177,18,4,9,124.29378531073448,24.444444444444443
AK Markram,2025,2025,445,299,38,22,13,148.82943143812707,34.23076923076923
AK Markram,2026,2026,224,160,20,11,9,140.0,24.88888888888889
AL Menaria,2011,2011,180,152,10,10,10,118.42105263157893,18.0
AL Menaria,2012,2012,220,202,14,8,11,108.91089108910892,20.0
AL Menaria,2013,2013,1,2,0,0,1,50.0,1.0
AM Nayar,2007/08,2007,206,138,16,9,8,149.27536231884056,25.75
AM Nayar,2009,2009,193,152,14,7,10,126.9736842105263,19.3
AM Nayar,2009/10,2009,58,51,4,2,2,113.72549019607843,29.0
AM Nayar,2011,2011,61,67,9,0,6,91.04477611940298,10.166666666666666
AM Nayar,2012,2012,45,49,2,1,2,91.83673469387756,22.5
AM Nayar,2013,2013,66,73,5,0,7,90.41095890410958,9.428571428571429
AM Nayar,2014,2014,43,47,5,1,4,91.48936170212765,10.75
AM Rahane,2007/08,2007,4,17,1,0,2,23.52941176470588,2.0
AM Rahane,2009,2009,144,123,12,3,6,117.07317073170731,24.0
AM Rahane,2011,2011,120,98,12,2,5,122.44897959183673,24.0
AM Rahane,2012,2012,560,433,73,10,14,129.33025404157044,40.0
AM Rahane,2013,2013,488,458,42,11,15,106.55021834061135,32.53333333333333
AM Rahane,2014,2014,339,291,38,3,10,116.49484536082475,33.9
AM Rahane,2015,2015,540,413,53,13,11,130.75060532687652,49.09090909090909
AM Rahane,2016,2016,480,379,54,9,13,126.6490765171504,36.92307692307692
AM Rahane,2017,2017,382,323,35,9,15,118.26625386996905,25.466666666666665
AM Rahane,2018,2018,370,313,39,5,13,118.21086261980831,28.46153846153846
AM Rahane,2019,2019,393,285,45,9,13,137.89473684210526,30.23076923076923
AM Rahane,2020/21,2020,113,107,12,2,8,105.60747663551402,14.125
AM Rahane,2021,2021,8,8,1,0,1,100.0,8.0
AM Rahane,2022,2022,133,128,14,4,7,103.90625,19.0
AM Rahane,2023,2023,326,189,24,16,10,172.48677248677248,32.6
AM Rahane,2024,2024,242,196,24,7,13,123.46938775510203,18.615384615384617
AM Rahane,2025,2025,390,264,36,20,10,147.72727272727272,39.0
AM Rahane,2026,2026,205,156,12,11,8,131.4102564102564,25.625
AN Ahmed,2009/10,2009,4,7,0,0,0,57.14285714285714,4.0
AN Ahmed,2011,2011,18,13,1,1,0,138.46153846153845,18.0
AN Ahmed,2014,2014,4,1,1,0,0,400.0,4.0
AN Ahmed,2015,2015,10,5,2,0,1,200.0,10.0
AN Ghosh,2009,2009,7,8,1,0,2,87.5,3.5
AP Dole,2009/10,2009,34,22,3,1,2,154.54545454545453,17.0
AP Majumdar,2012,2012,87,76,7,2,4,114.4736842105263,21.75
AP Tare,2009/10,2009,50,36,5,3,4,138.88888888888889,12.5
AP Tare,2013,2013,123,84,14,5,5,146.42857142857142,24.6
AP Tare,2014,2014,126,98,16,3,8,128.57142857142858,15.75
AP Tare,2015,2015,14,17,1,0,2,82.35294117647058,7.0
AP Tare,2016,2016,8,15,1,0,2,53.333333333333336,4.0
AP Tare,2017,2017,18,23,3,0,3,78.26086956521739,6.0
AR Bawne,2017,2017,12,12,1,0,0,100.0,12.0
AR Patel,2014,2014,62,60,6,1,5,103.33333333333334,12.4
AR Patel,2015,2015,206,174,13,8,10,118.39080459770115,20.6
AR Patel,2016,2016,111,77,4,8,6,144.15584415584414,18.5
AR Patel,2017,2017,227,162,11,11,8,140.12345679012347,28.375
AR Patel,2018,2018,80,69,3,4,7,115.94202898550725,11.428571428571429
AR Patel,2019,2019,110,88,10,3,7,125.0,15.714285714285714
AR Patel,2020/21,2020,117,85,6,8,8,137.64705882352942,14.625
AR Patel,2021,2021,40,46,2,1,5,86.95652173913044,8.0
AR Patel,2022,2022,182,120,12,10,3,151.66666666666666,60.666666666666664
AR Patel,2023,2023,283,203,21,15,10,139.40886699507388,28.3
AR Patel,2024,2024,235,179,19,10,9,131.2849162011173,26.11111111111111
AR Patel,2025,2025,263,167,23,15,10,157.48502994011977,26.3
AR Patel,2026,2026,33,37,3,0,7,89.1891891891892,4.714285714285714
AS Joseph,2019,2019,15,13,2,0,0,115.38461538461537,15.0
AS Joseph,2022,2022,5,7,0,0,1,71.42857142857143,5.0
AS Joseph,2023,2023,7,12,1,0,0,58.333333333333336,7.0
AS Rajpoot,2013,2013,2,6,0,0,0,33.33333333333333,2.0
AS Rajpoot,2017,2017,4,7,1,0,1,57.14285714285714,4.0
AS Rajpoot,2018,2018,11,18,1,0,2,61.111111111111114,5.5
AS Rajpoot,2020/21,2020,9,10,0,1,1,90.0,9.0
AS Raut,2009,2009,78,61,5,3,5,127.86885245901641,15.6
AS Raut,2009/10,2009,56,48,3,3,2,116.66666666666667,28.0
AS Raut,2011,2011,60,58,5,1,4,103.44827586206897,15.0
AS Roy,2022,2022,0,2,0,0,1,0.0,0.0
AS Roy,2023,2023,23,19,3,0,2,121.05263157894737,11.5
AS Roy,2024,2024,3,3,0,0,0,100.0,3.0
AS Roy,2025,2025,0,1,0,0,1,0.0,0.0
AS Roy,2026,2026,39,27,2,2,3,144.44444444444443,13.0
AS Yadav,2007/08,2007,49,39,5,2,7,125.64102564102564,7.0
AT Carey,2020/21,2020,32,29,0,1,2,110.34482758620689,16.0
AT Rayudu,2009/10,2009,356,246,34,13,12,144.71544715447155,29.666666666666668
AT Rayudu,2011,2011,395,350,44,9,14,112.85714285714286,28.214285714285715
AT Rayudu,2012,2012,333,252,21,14,9,132.14285714285714,37.0
AT Rayudu,2013,2013,265,231,22,4,13,114.7186147186147,20.384615384615383
AT Rayudu,2014,2014,361,287,31,8,14,125.78397212543555,25.785714285714285
AT Rayudu,2015,2015,281,193,18,16,9,145.5958549222798,31.22222222222222
AT Rayudu,2016,2016,334,278,28,12,11,120.14388489208633,30.363636363636363
AT Rayudu,2017,2017,91,78,7,3,6,116.66666666666667,15.166666666666666
AT Rayudu,2018,2018,602,402,53,34,14,149.75124378109453,43.0
AT Rayudu,2019,2019,282,303,20,7,12,93.06930693069307,23.5
AT Rayudu,2020/21,2020,359,282,30,12,9,127.30496453900709,39.888888888888886
AT Rayudu,2021,2021,257,170,16,17,9,151.1764705882353,28.555555555555557
AT Rayudu,2022,2022,274,224,25,15,10,122.32142857142858,27.4
AT Rayudu,2023,2023,158,113,10,9,10,139.8230088495575,15.8
AU Rashid,2023,2023,22,16,2,1,2,137.5,11.0
AUK Pathan,2011,2011,33,16,5,2,4,206.25,8.25
AUK Pathan,2012,2012,6,7,0,0,1,85.71428571428571,6.0
Abdul Basith,2023,2023,1,1,0,0,0,100.0,1.0
Abdul Samad,2020/21,2020,113,67,8,6,6,168.65671641791045,18.833333333333332
Abdul Samad,2021,2021,111,87,4,8,9,127.58620689655173,12.333333333333334
Abdul Samad,2022,2022,4,7,0,0,2,57.14285714285714,2.0
Abdul Samad,2023,2023,169,128,10,11,5,132.03125,33.8
Abdul Samad,2024,2024,182,108,15,11,10,168.5185185185185,18.2
Abdul Samad,2025,2025,164,93,8,14,8,176.34408602150538,20.5
Abdul Samad,2026,2026,72,65,7,1,5,110.76923076923077,14.4
Abdur Razzak,2007/08,2007,0,2,0,0,0,0.0,0.0
Abhishek Sharma,2018,2018,63,33,3,5,1,190.9090909090909,63.0
Abhishek Sharma,2019,2019,9,9,1,0,2,100.0,4.5
Abhishek Sharma,2020/21,2020,71,56,6,3,5,126.78571428571428,14.2
Abhishek Sharma,2021,2021,98,75,7,4,6,130.66666666666666,16.333333333333332
Abhishek Sharma,2022,2022,426,320,47,13,15,133.125,28.4
Abhishek Sharma,2023,2023,226,157,28,6,11,143.94904458598725,20.545454545454547
Abhishek Sharma,2024,2024,484,237,36,42,15,204.2194092827004,32.266666666666666
Abhishek Sharma,2025,2025,439,227,46,28,12,193.3920704845815,36.583333333333336
Abhishek Sharma,2026,2026,475,226,43,36,11,210.1769911504425,43.18181818181818
Abishek Porel,2023,2023,33,31,1,2,4,106.4516129032258,8.25
Abishek Porel,2024,2024,327,205,36,13,11,159.51219512195124,29.727272727272727
Abishek Porel,2025,2025,301,205,28,12,13,146.8292682926829,23.153846153846153
Abishek Porel,2026,2026,30,33,3,0,1,90.9090909090909,30.0
Akash Deep,2022,2022,0,2,0,0,1,0.0,0.0
Akash Deep,2023,2023,17,8,2,1,1,212.5,17.0
Akash Deep,2024,2024,2,2,0,0,0,100.0,2.0
Akash Deep,2025,2025,6,2,0,1,1,300.0,6.0
Akash Madhwal,2024,2024,4,5,0,0,0,80.0,4.0
Akash Madhwal,2025,2025,4,9,0,0,0,44.44444444444444,4.0
Akshat Raghuwanshi,2026,2026,11,7,0,1,1,157.14285714285714,11.0
Aman Hakim Khan,2022,2022,5,3,1,0,1,166.66666666666669,5.0
Aman Hakim Khan,2023,2023,110,101,7,6,8,108.91089108910892,13.75
Aniket Verma,2025,2025,236,142,12,20,9,166.19718309859155,26.22222222222222
Aniket Verma,2026,2026,79,54,6,5,6,146.2962962962963,13.166666666666666
Anirudh Singh,2009/10,2009,63,66,6,1,4,95.45454545454545,15.75
Ankit Sharma,2012,2012,18,13,0,2,3,138.46153846153845,6.0
Ankit Sharma,2014,2014,34,30,4,1,2,113.33333333333333,17.0
Ankit Sharma,2015,2015,7,6,1,0,1,116.66666666666667,7.0
Ankit Sharma,2016,2016,3,3,0,0,0,100.0,3.0
Ankit Sharma,2017,2017,25,15,2,1,1,166.66666666666669,25.0
Ankit Soni,2017,2017,7,9,0,1,2,77.77777777777779,3.5
Anmolpreet Singh,2021,2021,16,14,2,1,1,114.28571428571428,16.0
Anmolpreet Singh,2022,2022,13,13,1,0,2,100.0,6.5
Anmolpreet Singh,2023,2023,105,82,15,2,4,128.0487804878049,26.25
Anmolpreet Singh,2024,2024,5,6,1,0,2,83.33333333333334,2.5
Anuj Rawat,2021,2021,0,1,0,0,1,0.0,0.0
Anuj Rawat,2022,2022,129,118,10,7,7,109.32203389830508,18.428571428571427
Anuj Rawat,2023,2023,91,71,6,4,3,128.16901408450704,30.333333333333332
Anuj Rawat,2024,2024,98,77,10,3,3,127.27272727272727,32.666666666666664
Anureet Singh,2015,2015,18,31,0,1,3,58.06451612903226,6.0
Anureet Singh,2017,2017,15,12,2,0,1,125.0,15.0
Anureet Singh,2018,2018,3,4,0,0,0,75.0,3.0
Arjun Tendulkar,2023,2023,13,9,0,1,1,144.44444444444443,13.0
Arshad Khan,2023,2023,18,15,0,1,2,120.0,9.0
Arshad Khan,2024,2024,78,50,5,5,2,156.0,39.0
Arshad Khan,2025,2025,23,19,0,3,2,121.05263157894737,11.5
Arshad Khan,2026,2026,8,5,1,0,0,160.0,8.0
Arshad Khan (2),2024,2024,5,4,1,0,1,125.0,5.0
Arshdeep Singh,2020/21,2020,0,3,0,0,1,0.0,0.0
Arshdeep Singh,2021,2021,2,3,0,0,0,66.66666666666666,2.0
Arshdeep Singh,2022,2022,21,29,3,0,3,72.41379310344827,7.0
Arshdeep Singh,2023,2023,2,2,0,0,0,100.0,2.0
Arshdeep Singh,2024,2024,4,3,1,0,1,133.33333333333331,4.0
Arshdeep Singh,2025,2025,2,6,0,0,1,33.33333333333333,2.0
Arshdeep Singh,2026,2026,1,1,0,0,0,100.0,1.0
Ashok Sharma,2026,2026,1,4,0,0,0,25.0,1.0
Ashutosh Sharma,2024,2024,189,113,10,15,8,167.2566371681416,23.625
Ashutosh Sharma,2025,2025,204,127,14,13,7,160.62992125984252,29.142857142857142
Ashutosh Sharma,2026,2026,72,40,7,4,3,180.0,24.0
Ashwani Kumar,2026,2026,1,6,0,0,0,16.666666666666664,1.0
Atharva Taide,2023,2023,186,129,20,6,6,144.1860465116279,31.0
Atharva Taide,2024,2024,61,39,7,2,2,156.4102564102564,30.5
Atharva Taide,2025,2025,13,9,3,0,1,144.44444444444443,13.0
Auqib Nabi,2026,2026,4,2,1,0,1,200.0,4.0
Avesh Khan,2019,2019,4,3,1,0,0,133.33333333333331,4.0
Avesh Khan,2021,2021,5,3,1,0,0,166.66666666666669,5.0
Avesh Khan,2022,2022,22,13,0,3,1,169.23076923076923,22.0
Avesh Khan,2023,2023,0,1,0,0,0,0.0,0.0
Avesh Khan,2024,2024,10,5,1,0,0,200.0,10.0
Avesh Khan,2025,2025,21,12,3,1,1,175.0,21.0
Avesh Khan,2026,2026,6,6,1,0,1,100.0,6.0
Azhar Mahmood,2012,2012,186,142,16,8,8,130.98591549295776,23.25
Azhar Mahmood,2013,2013,196,154,22,5,10,127.27272727272727,19.6
Azhar Mahmood,2015,2015,6,7,1,0,1,85.71428571428571,6.0
Azmatullah Omarzai,2024,2024,42,33,2,2,4,127.27272727272727,10.5
Azmatullah Omarzai,2025,2025,57,41,6,3,4,139.02439024390242,14.25
B Akhil,2007/08,2007,46,31,4,3,3,148.38709677419354,15.333333333333334
B Akhil,2009,2009,17,15,1,1,3,113.33333333333333,5.666666666666667
B Akhil,2011,2011,13,9,0,1,1,144.44444444444443,13.0
B Chipli,2007/08,2007,20,28,3,0,3,71.42857142857143,6.666666666666667
B Chipli,2011,2011,207,170,21,4,9,121.76470588235293,23.0
B Chipli,2012,2012,37,35,3,2,3,105.71428571428572,12.333333333333334
B Chipli,2013,2013,16,18,1,1,1,88.88888888888889,16.0
B Indrajith,2022,2022,21,30,2,0,3,70.0,7.0
B Kumar,2011,2011,1,1,0,0,0,100.0,1.0
B Kumar,2012,2012,40,40,4,0,3,100.0,13.333333333333334
B Kumar,2013,2013,52,71,3,1,7,73.23943661971832,7.428571428571429
B Kumar,2014,2014,1,4,0,0,1,25.0,1.0
B Kumar,2015,2015,17,10,2,1,1,170.0,17.0
B Kumar,2016,2016,43,27,6,1,5,159.25925925925927,8.6
B Kumar,2017,2017,4,4,0,0,1,100.0,4.0
B Kumar,2018,2018,13,16,1,0,2,81.25,6.5
B Kumar,2019,2019,12,19,1,0,3,63.1578947368421,4.0
B Kumar,2020/21,2020,0,2,0,0,1,0.0,0.0
B Kumar,2021,2021,34,30,3,0,2,113.33333333333333,17.0
B Kumar,2022,2022,24,26,3,0,2,92.3076923076923,12.0
B Kumar,2023,2023,42,47,4,0,3,89.36170212765957,14.0
B Kumar,2024,2024,23,29,3,0,3,79.3103448275862,7.666666666666667
B Kumar,2025,2025,14,25,1,0,3,56.00000000000001,4.666666666666667
B Kumar,2026,2026,27,24,3,0,0,112.5,27.0
B Laughlin,2013,2013,4,9,0,0,1,44.44444444444444,4.0
B Laughlin,2018,2018,1,4,0,0,1,25.0,1.0
B Lee,2007/08,2007,17,13,2,1,2,130.76923076923077,8.5
B Lee,2009,2009,28,34,2,1,2,82.35294117647058,14.0
B Lee,2009/10,2009,11,9,1,0,1,122.22222222222223,11.0
B Lee,2011,2011,5,9,0,0,2,55.55555555555556,2.5
B Lee,2012,2012,42,20,2,4,2,210.0,21.0
B Lee,2013,2013,21,12,1,2,1,175.0,21.0
B Sai Sudharsan,2022,2022,145,114,14,3,4,127.19298245614034,36.25
B Sai Sudharsan,2023,2023,362,256,33,12,6,141.40625,60.333333333333336
B Sai Sudharsan,2024,2024,527,373,48,17,11,141.28686327077747,47.90909090909091
B Sai Sudharsan,2025,2025,759,486,88,21,14,156.17283950617283,54.214285714285715
B Sai Sudharsan,2026,2026,385,243,38,18,10,158.43621399176953,38.5
B Stanlake,2018,2018,5,2,1,0,0,250.0,5.0
B Sumanth,2009/10,2009,35,37,3,0,1,94.5945945945946,35.0
BA Bhatt,2011,2011,0,5,0,0,0,0.0,0.0
BA Bhatt,2012,2012,6,2,0,1,0,300.0,6.0
BA Stokes,2017,2017,316,221,22,15,11,142.98642533936652,28.727272727272727
BA Stokes,2018,2018,196,161,13,6,13,121.73913043478262,15.076923076923077
BA Stokes,2019,2019,123,99,8,4,6,124.24242424242425,20.5
BA Stokes,2020/21,2020,285,200,36,7,8,142.5,35.625
BA Stokes,2021,2021,0,3,0,0,1,0.0,0.0
BA Stokes,2023,2023,15,14,2,0,2,107.14285714285714,7.5
BAW Mendis,2009,2009,0,1,0,0,1,0.0,0.0
BAW Mendis,2009/10,2009,1,1,0,0,0,100.0,1.0
BAW Mendis,2013,2013,2,4,0,0,1,50.0,2.0
BB McCullum,2007/08,2007,188,92,13,15,3,204.34782608695653,62.666666666666664
BB McCullum,2009,2009,286,240,27,12,12,119.16666666666667,23.833333333333332
BB McCullum,2009/10,2009,114,110,14,2,3,103.63636363636364,38.0
BB McCullum,2011,2011,357,275,35,16,13,129.8181818181818,27.46153846153846
BB McCullum,2012,2012,289,283,37,3,13,102.12014134275617,22.23076923076923
BB McCullum,2013,2013,6,7,1,0,1,85.71428571428571,6.0
BB McCullum,2014,2014,405,333,32,19,13,121.62162162162163,31.153846153846153
BB McCullum,2015,2015,436,280,51,23,15,155.71428571428572,29.066666666666666
BB McCullum,2016,2016,354,262,38,16,16,135.1145038167939,22.125
BB McCullum,2017,2017,320,220,29,18,11,145.45454545454547,29.09090909090909
BB McCullum,2018,2018,127,88,16,6,6,144.3181818181818,21.166666666666668
BB Samantray,2012,2012,2,2,0,0,0,100.0,2.0
BB Samantray,2013,2013,123,111,13,2,5,110.8108108108108,24.6
BB Sran,2016,2016,4,4,0,0,0,100.0,4.0
BB Sran,2018,2018,3,7,0,0,1,42.857142857142854,3.0
BB Sran,2019,2019,3,3,0,0,0,100.0,3.0
BCJ Cutting,2014,2014,8,6,0,1,0,133.33333333333331,8.0
BCJ Cutting,2016,2016,65,34,4,6,3,191.1764705882353,21.666666666666668
BCJ Cutting,2017,2017,51,26,5,3,2,196.15384615384613,25.5
BCJ Cutting,2018,2018,96,58,5,8,4,165.51724137931035,24.0
BCJ Cutting,2019,2019,18,17,1,1,2,105.88235294117648,9.0
BE Hendricks,2014,2014,0,1,0,0,1,0.0,0.0
BE Hendricks,2015,2015,1,2,0,0,0,50.0,1.0
BJ Haddin,2011,2011,18,11,2,1,1,163.63636363636365,18.0
BJ Hodge,2007/08,2007,12,17,2,0,2,70.58823529411765,6.0
BJ Hodge,2009,2009,365,310,34,9,10,117.74193548387098,36.5
BJ Hodge,2009/10,2009,99,90,11,1,4,110.00000000000001,24.75
BJ Hodge,2011,2011,285,236,26,9,11,120.76271186440677,25.90909090909091
BJ Hodge,2012,2012,245,175,18,9,8,140.0,30.625
BJ Hodge,2013,2013,293,218,27,9,8,134.40366972477065,36.625
BJ Hodge,2014,2014,101,72,4,6,3,140.27777777777777,33.666666666666664
BJ Rohrer,2013,2013,193,141,21,5,7,136.8794326241135,27.571428571428573
BKG Mendis,2025,2025,20,10,1,2,1,200.0,20.0
BMAJ Mendis,2013,2013,23,27,0,0,3,85.18518518518519,7.666666666666667
BR Dunk,2014,2014,40,35,7,0,3,114.28571428571428,13.333333333333334
BR Sharath,2024,2024,2,5,0,0,1,40.0,2.0
Basil Thampi,2017,2017,28,28,1,1,1,100.0,28.0
Basil Thampi,2018,2018,3,6,0,0,1,50.0,3.0
Basil Thampi,2019,2019,1,1,0,0,0,100.0,1.0
Bipul Sharma,2009/10,2009,9,7,1,0,0,128.57142857142858,9.0
Bipul Sharma,2011,2011,23,18,1,0,1,127.77777777777777,23.0
Bipul Sharma,2012,2012,72,47,6,3,2,153.19148936170214,36.0
Bipul Sharma,2015,2015,1,2,0,0,1,50.0,1.0
Bipul Sharma,2016,2016,51,25,1,5,1,204.0,51.0
Bipul Sharma,2017,2017,31,24,2,1,1,129.16666666666669,31.0
Brijesh Sharma,2026,2026,1,3,0,0,0,33.33333333333333,1.0
C Bosch,2025,2025,47,32,3,3,2,146.875,23.5
C Bosch,2026,2026,11,4,2,0,0,275.0,11.0
C Connolly,2026,2026,377,220,31,26,7,171.36363636363637,53.857142857142854
C Green,2023,2023,452,282,40,22,10,160.2836879432624,45.2
C Green,2024,2024,255,178,22,10,10,143.25842696629215,25.5
C Green,2026,2026,199,131,16,10,5,151.9083969465649,39.8
C Madan,2009/10,2009,15,19,3,0,1,78.94736842105263,15.0
C Munro,2016,2016,30,30,3,0,1,100.0,30.0
C Munro,2018,2018,63,41,7,4,4,153.65853658536585,15.75
C Munro,2019,2019,84,70,9,4,4,120.0,21.0
C Nanda,2009,2009,0,1,0,0,1,0.0,0.0
C Sakariya,2021,2021,16,25,2,0,4,64.0,4.0
C Sakariya,2023,2023,4,6,1,0,1,66.66666666666666,4.0
C de Grandhomme,2017,2017,126,92,10,6,8,136.95652173913044,15.75
C de Grandhomme,2018,2018,131,84,4,10,4,155.95238095238096,32.75
C de Grandhomme,2019,2019,46,49,4,2,3,93.87755102040816,15.333333333333334
CA Ingram,2011,2011,21,26,2,0,2,80.76923076923077,10.5
CA Ingram,2019,2019,184,154,20,5,10,119.48051948051948,18.4
CA Lynn,2012,2012,6,9,1,0,1,66.66666666666666,6.0
CA Lynn,2014,2014,58,49,5,3,2,118.36734693877551,29.0
CA Lynn,2016,2016,25,22,0,1,1,113.63636363636364,25.0
CA Lynn,2017,2017,295,163,25,19,6,180.98159509202455,49.166666666666664
CA Lynn,2018,2018,491,377,56,18,14,130.23872679045093,35.07142857142857
CA Lynn,2019,2019,405,290,41,22,13,139.6551724137931,31.153846153846153
CA Lynn,2021,2021,49,35,4,3,2,140.0,24.5
CA Pujara,2009/10,2009,122,115,14,3,4,106.08695652173914,30.5
CA Pujara,2011,2011,34,31,4,0,3,109.6774193548387,11.333333333333334
CA Pujara,2012,2012,17,22,1,1,3,77.27272727272727,5.666666666666667
CA Pujara,2013,2013,92,99,14,0,4,92.92929292929293,23.0
CA Pujara,2014,2014,125,124,17,0,4,100.80645161290323,31.25
CH Gayle,2009,2009,184,148,18,10,7,124.32432432432432,26.285714285714285
CH Gayle,2009/10,2009,292,184,30,16,9,158.69565217391303,32.44444444444444
CH Gayle,2011,2011,608,332,57,44,9,183.13253012048193,67.55555555555556
CH Gayle,2012,2012,733,456,46,59,12,160.74561403508773,61.083333333333336
CH Gayle,2013,2013,720,459,57,52,12,156.86274509803923,60.0
CH Gayle,2014,2014,196,184,18,12,9,106.5217391304348,21.77777777777778
CH Gayle,2015,2015,491,333,39,38,13,147.44744744744744,37.76923076923077
CH Gayle,2016,2016,227,150,17,21,10,151.33333333333334,22.7
CH Gayle,2017,2017,200,163,15,14,9,122.69938650306749,22.22222222222222
CH Gayle,2018,2018,368,252,30,27,8,146.03174603174602,46.0
CH Gayle,2019,2019,490,319,45,34,12,153.6050156739812,40.833333333333336
CH Gayle,2020/21,2020,295,212,15,24,6,139.1509433962264,49.166666666666664
CH Gayle,2021,2021,193,154,21,8,11,125.32467532467533,17.545454545454547
CH Morris,2013,2013,14,16,0,0,2,87.5,7.0
CH Morris,2015,2015,76,46,3,5,2,165.2173913043478,38.0
CH Morris,2016,2016,195,109,15,12,4,178.89908256880733,48.75
CH Morris,2017,2017,154,94,15,6,5,163.82978723404256,30.8
CH Morris,2018,2018,46,26,3,2,1,176.9230769230769,46.0
CH Morris,2019,2019,32,37,1,2,6,86.48648648648648,5.333333333333333
CH Morris,2020/21,2020,34,21,2,3,4,161.9047619047619,8.5
CH Morris,2021,2021,67,49,2,5,5,136.73469387755102,13.4
CJ Anderson,2014,2014,265,181,21,15,9,146.40883977900552,29.444444444444443
CJ Anderson,2015,2015,114,97,11,6,3,117.5257731958763,38.0
CJ Anderson,2017,2017,142,123,8,9,7,115.44715447154472,20.285714285714285
CJ Anderson,2018,2018,17,22,0,1,3,77.27272727272727,5.666666666666667
CJ Ferguson,2011,2011,48,54,6,0,2,88.88888888888889,24.0
CJ Ferguson,2012,2012,50,63,3,0,4,79.36507936507937,12.5
CJ Jordan,2016,2016,3,4,0,0,0,75.0,3.0
CJ Jordan,2017,2017,0,1,0,0,1,0.0,0.0
CJ Jordan,2020/21,2020,29,31,2,0,3,93.54838709677419,9.666666666666666
CJ Jordan,2021,2021,32,21,1,3,2,152.38095238095238,16.0
CJ Jordan,2022,2022,11,8,0,0,1,137.5,11.0
CJ Jordan,2023,2023,6,12,0,0,2,50.0,3.0
CJ McKay,2012,2012,8,15,0,0,1,53.333333333333336,8.0
CK Kapugedera,2007/08,2007,16,23,0,0,3,69.56521739130434,5.333333333333333
CK Langeveldt,2009/10,2009,0,1,0,0,1,0.0,0.0
CK Langeveldt,2011,2011,8,8,0,1,1,100.0,8.0
CL White,2007/08,2007,114,102,8,4,5,111.76470588235294,22.8
CL White,2009/10,2009,48,33,3,3,2,145.45454545454547,24.0
CL White,2011,2011,104,109,6,2,4,95.41284403669725,26.0
CL White,2012,2012,479,320,41,20,12,149.6875,39.916666666666664
CL White,2013,2013,226,196,18,9,12,115.3061224489796,18.833333333333332
CM Gautam,2013,2013,44,34,4,1,2,129.41176470588235,22.0
CM Gautam,2014,2014,121,111,13,5,6,109.009009009009,20.166666666666668
CM Gautam,2015,2015,4,5,0,0,1,80.0,4.0
CR Brathwaite,2016,2016,83,38,6,8,6,218.42105263157893,13.833333333333334
CR Brathwaite,2017,2017,12,15,2,0,2,80.0,6.0
CR Brathwaite,2018,2018,75,48,1,8,4,156.25,18.75
CR Brathwaite,2019,2019,11,10,1,0,2,110.00000000000001,5.5
CR Woakes,2017,2017,46,47,4,1,3,97.87234042553192,15.333333333333334
CR Woakes,2018,2018,17,19,1,1,2,89.47368421052632,8.5
CR Woakes,2021,2021,15,11,2,0,0,136.36363636363635,15.0
CRD Fernando,2007/08,2007,2,1,0,0,1,200.0,2.0
CRD Fernando,2009/10,2009,2,2,0,0,0,100.0,2.0
CV Varun,2020/21,2020,10,15,0,0,2,66.66666666666666,5.0
CV Varun,2021,2021,2,4,0,0,0,50.0,2.0
CV Varun,2022,2022,12,18,2,0,0,66.66666666666666,12.0
CV Varun,2023,2023,1,9,0,0,0,11.11111111111111,1.0
CV Varun,2025,2025,1,1,0,0,0,100.0,1.0
CV Varun,2026,2026,0,1,0,0,1,0.0,0.0
D Brevis,2022,2022,161,113,14,11,7,142.47787610619469,23.0
D Brevis,2024,2024,69,59,3,5,3,116.94915254237289,23.0
D Brevis,2025,2025,225,125,13,17,6,180.0,37.5
D Brevis,2026,2026,64,53,5,4,4,120.75471698113208,16.0
D Ferreira,2024,2024,8,11,0,0,2,72.72727272727273,4.0
D Ferreira,2025,2025,1,3,0,0,1,33.33333333333333,1.0
D Ferreira,2026,2026,229,129,21,16,5,177.51937984496124,45.8
D Kalyankrishna,2007/08,2007,3,8,0,0,1,37.5,3.0
D Padikkal,2020/21,2020,473,379,51,8,14,124.80211081794195,33.785714285714285
D Padikkal,2021,2021,411,328,44,14,14,125.30487804878048,29.357142857142858
D Padikkal,2022,2022,376,306,41,14,17,122.87581699346406,22.11764705882353
D Padikkal,2023,2023,261,200,31,6,10,130.5,26.1
D Padikkal,2024,2024,38,53,3,0,7,71.69811320754717,5.428571428571429
D Padikkal,2025,2025,247,164,22,14,9,150.609756097561,27.444444444444443
D Padikkal,2026,2026,282,150,27,18,7,188.0,40.285714285714285
D Pretorius,2022,2022,44,28,3,3,4,157.14285714285714,11.0
D Salunkhe,2007/08,2007,33,24,5,0,1,137.5,33.0
D Wiese,2015,2015,122,86,12,4,5,141.86046511627907,24.4
D Wiese,2016,2016,5,4,0,0,0,125.0,5.0
D Wiese,2023,2023,21,11,0,3,1,190.9090909090909,21.0
D du Preez,2009,2009,10,13,0,0,1,76.92307692307693,10.0
DA Miller,2012,2012,98,75,6,4,2,130.66666666666666,49.0
DA Miller,2013,2013,418,254,28,24,8,164.56692913385825,52.25
DA Miller,2014,2014,446,299,34,21,9,149.1638795986622,49.55555555555556
DA Miller,2015,2015,357,267,21,21,12,133.7078651685393,29.75
DA Miller,2016,2016,161,131,11,4,10,122.90076335877862,16.1
DA Miller,2017,2017,83,80,4,4,3,103.75000000000001,27.666666666666668
DA Miller,2018,2018,74,64,3,2,2,115.625,37.0
DA Miller,2019,2019,213,164,19,7,8,129.8780487804878,26.625
DA Miller,2021,2021,124,113,11,3,5,109.73451327433628,24.8
DA Miller,2022,2022,481,337,32,23,9,142.7299703264095,53.44444444444444
DA Miller,2023,2023,259,178,18,13,8,145.5056179775281,32.375
DA Miller,2024,2024,210,139,20,8,7,151.0791366906475,30.0
DA Miller,2025,2025,153,120,13,4,5,127.49999999999999,30.6
DA Miller,2026,2026,123,84,12,6,4,146.42857142857142,30.75
DA Payne,2026,2026,6,5,0,0,0,120.0,6.0
DA Warner,2009,2009,163,132,16,5,7,123.48484848484848,23.285714285714285
DA Warner,2009/10,2009,282,191,27,14,10,147.64397905759162,28.2
DA Warner,2011,2011,324,276,34,11,13,117.3913043478261,24.923076923076923
DA Warner,2012,2012,256,156,28,14,7,164.1025641025641,36.57142857142857
DA Warner,2013,2013,410,324,41,14,14,126.54320987654322,29.285714285714285
DA Warner,2014,2014,528,375,39,24,12,140.79999999999998,44.0
DA Warner,2015,2015,562,359,65,21,12,156.5459610027855,46.833333333333336
DA Warner,2016,2016,848,560,88,31,16,151.42857142857142,53.0
DA Warner,2017,2017,641,452,63,26,11,141.8141592920354,58.27272727272727
DA Warner,2019,2019,692,481,57,21,12,143.86694386694387,57.666666666666664
DA Warner,2020/21,2020,548,408,52,14,14,134.31372549019608,39.142857142857146
DA Warner,2021,2021,197,184,15,6,6,107.06521739130434,32.833333333333336
DA Warner,2022,2022,432,287,52,15,9,150.5226480836237,48.0
DA Warner,2023,2023,516,392,69,10,13,131.6326530612245,39.69230769230769
DA Warner,2024,2024,168,125,17,10,8,134.4,21.0
DAJ Bracewell,2012,2012,12,9,1,0,0,133.33333333333331,12.0
DB Das,2007/08,2007,103,94,9,5,6,109.57446808510637,17.166666666666668
DB Das,2012,2012,126,93,9,6,1,135.48387096774192,126.0
DB Das,2013,2013,75,74,5,5,5,101.35135135135135,15.0
DB Ravi Teja,2007/08,2007,109,82,10,5,6,132.9268292682927,18.166666666666668
DB Ravi Teja,2009,2009,65,70,7,0,4,92.85714285714286,16.25
DB Ravi Teja,2011,2011,183,144,17,4,7,127.08333333333333,26.142857142857142
DB Ravi Teja,2012,2012,4,4,1,0,2,100.0,2.0
DB Ravi Teja,2013,2013,14,17,0,0,1,82.35294117647058,14.0
DE Bollinger,2009/10,2009,18,17,1,1,0,105.88235294117648,18.0
DE Bollinger,2011,2011,0,1,0,0,0,0.0,0.0
DE Bollinger,2012,2012,3,5,0,0,1,60.0,3.0
DG Nalkande,2023,2023,0,1,0,0,1,0.0,0.0
DG Nalkande,2024,2024,12,11,0,1,1,109.09090909090908,12.0
DH Yagnik,2011,2011,16,22,1,0,1,72.72727272727273,16.0
DH Yagnik,2012,2012,25,13,5,0,1,192.30769230769232,25.0
DH Yagnik,2013,2013,125,96,17,2,7,130.20833333333331,17.857142857142858
DH Yagnik,2014,2014,4,6,0,0,0,66.66666666666666,4.0
DJ Bravo,2007/08,2007,178,134,19,5,6,132.8358208955224,29.666666666666668
DJ Bravo,2009,2009,218,203,15,8,8,107.38916256157636,27.25
DJ Bravo,2009/10,2009,61,53,3,4,7,115.09433962264151,8.714285714285714
DJ Bravo,2011,2011,11,6,1,1,1,183.33333333333331,11.0
DJ Bravo,2012,2012,371,264,20,20,8,140.53030303030303,46.375
DJ Bravo,2013,2013,121,106,11,3,8,114.15094339622642,15.125
DJ Bravo,2014,2014,8,3,0,1,0,266.66666666666663,8.0
DJ Bravo,2015,2015,195,148,22,5,8,131.75675675675674,24.375
DJ Bravo,2016,2016,99,82,11,1,8,120.73170731707317,12.375
DJ Bravo,2018,2018,141,91,8,10,4,154.94505494505495,35.25
DJ Bravo,2019,2019,80,66,6,3,5,121.21212121212122,16.0
DJ Bravo,2020/21,2020,7,6,0,0,2,116.66666666666667,3.5
DJ Bravo,2021,2021,47,18,3,4,2,261.11111111111114,23.5
DJ Bravo,2022,2022,23,24,1,1,2,95.83333333333334,11.5
DJ Harris,2012,2012,111,101,11,5,3,109.9009900990099,37.0
DJ Hooda,2015,2015,151,95,6,11,9,158.94736842105263,16.77777777777778
DJ Hooda,2016,2016,144,121,9,5,11,119.00826446280992,13.090909090909092
DJ Hooda,2017,2017,78,52,5,4,3,150.0,26.0
DJ Hooda,2018,2018,87,81,2,3,5,107.40740740740742,17.4
DJ Hooda,2019,2019,64,63,5,1,5,101.58730158730158,12.8
DJ Hooda,2020/21,2020,102,72,5,5,1,141.66666666666669,102.0
DJ Hooda,2021,2021,160,123,9,9,9,130.0813008130081,17.77777777777778
DJ Hooda,2022,2022,451,330,36,18,14,136.66666666666666,32.214285714285715
DJ Hooda,2023,2023,84,90,3,2,11,93.33333333333333,7.636363636363637
DJ Hooda,2024,2024,145,105,16,3,8,138.0952380952381,18.125
DJ Hooda,2025,2025,31,41,2,1,5,75.60975609756098,6.2
DJ Hussey,2007/08,2007,319,259,19,17,11,123.16602316602317,29.0
DJ Hussey,2009,2009,98,59,7,6,3,166.10169491525423,32.666666666666664
DJ Hussey,2009/10,2009,94,86,5,5,3,109.30232558139534,31.333333333333332
DJ Hussey,2011,2011,64,63,3,3,6,101.58730158730158,10.666666666666666
DJ Hussey,2012,2012,396,305,28,17,12,129.8360655737705,33.0
DJ Hussey,2013,2013,235,209,20,6,11,112.4401913875598,21.363636363636363
DJ Hussey,2014,2014,116,94,8,6,2,123.40425531914893,58.0
DJ Jacobs,2011,2011,92,88,10,4,6,104.54545454545455,15.333333333333334
DJ Jacobs,2012,2012,0,10,0,0,1,0.0,0.0
DJ Malan,2021,2021,26,26,1,1,1,100.0,26.0
DJ Mitchell,2022,2022,33,44,1,0,2,75.0,16.5
DJ Mitchell,2024,2024,318,223,27,10,11,142.60089686098652,28.90909090909091
DJ Muthuswami,2015,2015,1,3,0,0,1,33.33333333333333,1.0
DJ Thornely,2007/08,2007,39,53,2,2,3,73.58490566037736,13.0
DJ Willey,2022,2022,18,30,3,0,3,60.0,6.0
DJ Willey,2023,2023,35,32,4,0,0,109.375,35.0
DJG Sammy,2013,2013,174,132,11,10,6,131.8181818181818,29.0
DJG Sammy,2014,2014,108,91,4,8,7,118.68131868131869,15.428571428571429
DJG Sammy,2015,2015,13,18,0,0,2,72.22222222222221,6.5
DJM Short,2018,2018,115,99,11,5,7,116.16161616161615,16.428571428571427
DL Chahar,2017,2017,14,6,0,2,1,233.33333333333334,14.0
DL Chahar,2018,2018,50,29,1,4,3,172.41379310344826,16.666666666666668
DL Chahar,2019,2019,7,9,1,0,2,77.77777777777779,3.5
DL Chahar,2020/21,2020,7,12,0,0,1,58.333333333333336,7.0
DL Chahar,2021,2021,1,1,0,0,0,100.0,1.0
DL Chahar,2023,2023,1,2,0,0,0,50.0,1.0
DL Chahar,2025,2025,37,25,3,2,1,148.0,37.0
DL Chahar,2026,2026,6,5,1,0,0,120.0,6.0
DL Vettori,2009,2009,34,32,3,0,2,106.25,17.0
DL Vettori,2009/10,2009,33,27,4,0,1,122.22222222222223,33.0
DL Vettori,2011,2011,23,28,1,1,1,82.14285714285714,23.0
DL Vettori,2012,2012,31,26,3,1,3,119.23076923076923,10.333333333333334
DM Bravo,2017,2017,6,5,1,0,0,120.0,6.0
DNT Zoysa,2007/08,2007,11,9,1,0,1,122.22222222222223,11.0
DP Conway,2022,2022,252,173,23,12,6,145.66473988439304,42.0
DP Conway,2023,2023,672,481,77,18,14,139.7089397089397,48.0
DP Conway,2025,2025,156,119,17,4,5,131.0924369747899,31.2
DP Nannes,2009/10,2009,4,13,0,0,1,30.76923076923077,4.0
DP Vijaykumar,2007/08,2007,1,1,0,0,0,100.0,1.0
DPMD Jayawardene,2007/08,2007,179,131,15,7,9,136.64122137404578,19.88888888888889
DPMD Jayawardene,2009,2009,219,165,17,7,7,132.72727272727275,31.285714285714285
DPMD Jayawardene,2009/10,2009,445,300,55,12,12,148.33333333333334,37.083333333333336
DPMD Jayawardene,2011,2011,299,257,35,5,12,116.34241245136188,24.916666666666668
DPMD Jayawardene,2012,2012,335,298,39,3,10,112.41610738255035,33.5
DPMD Jayawardene,2013,2013,331,313,39,6,14,105.75079872204473,23.642857142857142
DR Martyn,2009/10,2009,19,24,1,0,2,79.16666666666666,9.5
DR Sams,2020/21,2020,0,2,0,0,1,0.0,0.0
DR Sams,2021,2021,6,6,0,0,1,100.0,6.0
DR Sams,2022,2022,38,36,1,3,8,105.55555555555556,4.75
DR Shorey,2018,2018,8,9,0,1,1,88.88888888888889,8.0
DR Shorey,2019,2019,5,8,0,0,1,62.5,5.0
DR Smith,2007/08,2007,45,40,5,1,2,112.5,22.5
DR Smith,2009,2009,215,132,12,15,8,162.87878787878788,26.875
DR Smith,2009/10,2009,22,25,1,1,2,88.0,11.0
DR Smith,2012,2012,157,98,18,7,4,160.20408163265304,39.25
DR Smith,2013,2013,418,341,40,19,13,122.58064516129032,32.15384615384615
DR Smith,2014,2014,566,416,50,34,17,136.05769230769232,33.294117647058826
DR Smith,2015,2015,399,335,52,16,14,119.1044776119403,28.5
DR Smith,2016,2016,324,221,35,16,11,146.60633484162895,29.454545454545453
DR Smith,2017,2017,239,156,32,8,10,153.2051282051282,23.9
DS Kulkarni,2007/08,2007,2,16,0,0,0,12.5,2.0
DS Kulkarni,2009,2009,9,17,0,0,2,52.94117647058824,4.5
DS Kulkarni,2011,2011,2,4,0,0,1,50.0,2.0
DS Kulkarni,2012,2012,10,5,2,0,0,200.0,10.0
DS Kulkarni,2014,2014,35,25,1,2,1,140.0,35.0
DS Kulkarni,2015,2015,4,11,0,0,2,36.36363636363637,2.0
DS Kulkarni,2016,2016,27,16,3,0,2,168.75,13.5
DS Kulkarni,2017,2017,1,2,0,0,1,50.0,1.0
DS Kulkarni,2018,2018,6,7,0,0,0,85.71428571428571,6.0
DS Kulkarni,2019,2019,5,3,1,0,0,166.66666666666669,5.0
DS Kulkarni,2020/21,2020,3,2,0,0,0,150.0,3.0
DS Lehmann,2007/08,2007,18,18,3,0,2,100.0,9.0
DS Rathi,2025,2025,1,3,0,0,1,33.33333333333333,1.0
DS Rathi,2026,2026,2,5,0,0,0,40.0,2.0
DT Christian,2011,2011,190,159,9,7,10,119.49685534591194,19.0
DT Christian,2012,2012,145,118,8,6,5,122.88135593220339,29.0
DT Christian,2013,2013,6,15,0,0,2,40.0,3.0
DT Christian,2017,2017,79,49,5,5,6,161.22448979591837,13.166666666666666
DT Christian,2018,2018,26,33,0,1,1,78.78787878787878,26.0
DT Christian,2021,2021,14,24,1,0,4,58.333333333333336,3.5
DT Patil,2007/08,2007,13,13,1,0,1,100.0,13.0
DV Malewar,2026,2026,2,5,0,0,2,40.0,1.0
DW Steyn,2007/08,2007,2,5,0,0,2,40.0,1.0
DW Steyn,2009,2009,0,3,0,0,1,0.0,0.0
DW Steyn,2009/10,2009,13,17,2,0,4,76.47058823529412,3.25
DW Steyn,2011,2011,36,35,3,0,3,102.85714285714285,12.0
DW Steyn,2012,2012,19,21,0,1,5,90.47619047619048,3.8
DW Steyn,2013,2013,53,36,5,2,2,147.22222222222223,26.5
DW Steyn,2014,2014,22,26,1,0,2,84.61538461538461,11.0
DW Steyn,2015,2015,20,13,3,0,2,153.84615384615387,10.0
DW Steyn,2016,2016,1,2,0,0,1,50.0,1.0
DW Steyn,2020/21,2020,1,2,0,0,0,50.0,1.0
Dhruv Jurel,2023,2023,152,88,11,9,6,172.72727272727272,25.333333333333332
Dhruv Jurel,2024,2024,195,141,18,7,7,138.29787234042556,27.857142857142858
Dhruv Jurel,2025,2025,333,213,22,22,9,156.33802816901408,37.0
Dhruv Jurel,2026,2026,290,192,29,11,9,151.04166666666669,32.22222222222222
E Lewis,2018,2018,382,276,32,24,13,138.40579710144928,29.384615384615383
E Lewis,2019,2019,48,52,4,2,3,92.3076923076923,16.0
E Lewis,2021,2021,151,93,18,7,5,162.36559139784944,30.2
E Lewis,2022,2022,73,56,8,3,3,130.35714285714286,24.333333333333332
E Malinga,2026,2026,2,6,0,0,0,33.33333333333333,2.0
EJG Morgan,2009/10,2009,35,30,2,1,3,116.66666666666667,11.666666666666666
EJG Morgan,2011,2011,137,117,17,3,8,117.0940170940171,17.125
EJG Morgan,2013,2013,307,240,28,13,10,127.91666666666666,30.7
EJG Morgan,2015,2015,187,151,11,11,8,123.84105960264901,23.375
EJG Morgan,2016,2016,123,105,8,4,5,117.14285714285715,24.6
EJG Morgan,2017,2017,65,62,6,2,4,104.83870967741935,16.25
EJG Morgan,2020/21,2020,419,304,32,24,11,137.82894736842107,38.09090909090909
EJG Morgan,2021,2021,133,139,8,6,12,95.68345323741008,11.083333333333334
ER Dwivedi,2016,2016,24,14,2,2,2,171.42857142857142,12.0
F Behardien,2016,2016,14,13,2,0,2,107.6923076923077,7.0
F du Plessis,2012,2012,398,304,29,17,11,130.92105263157893,36.18181818181818
F du Plessis,2014,2014,303,235,26,7,10,128.93617021276594,30.3
F du Plessis,2015,2015,380,304,37,5,11,125.0,34.54545454545455
F du Plessis,2016,2016,206,162,17,9,6,127.16049382716051,34.333333333333336
F du Plessis,2017,2017,8,7,1,0,1,114.28571428571428,8.0
F du Plessis,2018,2018,162,129,17,6,6,125.5813953488372,27.0
F du Plessis,2019,2019,396,321,36,15,11,123.3644859813084,36.0
F du Plessis,2020/21,2020,449,319,42,14,11,140.75235109717866,40.81818181818182
F du Plessis,2021,2021,633,458,61,23,14,138.20960698689956,45.214285714285715
F du Plessis,2022,2022,468,367,49,13,16,127.52043596730245,29.25
F du Plessis,2023,2023,730,475,60,36,13,153.68421052631578,56.15384615384615
F du Plessis,2024,2024,438,271,47,21,15,161.62361623616238,29.2
F du Plessis,2025,2025,202,163,18,8,10,123.92638036809815,20.2
FA Allen,2021,2021,6,12,0,0,1,50.0,6.0
FA Allen,2022,2022,8,7,1,0,1,114.28571428571428,8.0
FH Allen,2026,2026,110,55,16,6,6,200.0,18.333333333333332
FH Edwards,2009,2009,4,5,0,0,1,80.0,4.0
FY Fazal,2009/10,2009,164,154,19,1,8,106.49350649350649,20.5
FY Fazal,2011,2011,19,19,3,0,1,100.0,19.0
Fazalhaq Farooqi,2022,2022,2,8,0,0,0,25.0,2.0
Fazalhaq Farooqi,2023,2023,1,5,0,0,0,20.0,1.0
Fazalhaq Farooqi,2025,2025,2,2,0,0,0,100.0,2.0
G Coetzee,2024,2024,14,22,0,1,4,63.63636363636363,3.5
G Coetzee,2025,2025,17,11,2,1,2,154.54545454545453,8.5
G Gambhir,2007/08,2007,534,379,68,8,13,140.89709762532982,41.07692307692308
G Gambhir,2009,2009,286,278,32,2,13,102.87769784172663,22.0
G Gambhir,2009/10,2009,277,217,32,2,10,127.64976958525345,27.7
G Gambhir,2011,2011,378,317,44,3,11,119.24290220820188,34.36363636363637
G Gambhir,2012,2012,590,411,64,17,14,143.5523114355231,42.142857142857146
G Gambhir,2013,2013,406,343,51,5,15,118.36734693877551,27.066666666666666
G Gambhir,2014,2014,335,293,36,4,14,114.33447098976109,23.928571428571427
G Gambhir,2015,2015,327,278,41,4,14,117.62589928057554,23.357142857142858
G Gambhir,2016,2016,501,411,54,6,12,121.8978102189781,41.75
G Gambhir,2017,2017,498,389,62,7,14,128.02056555269922,35.57142857142857
G Gambhir,2018,2018,85,88,8,1,4,96.5909090909091,21.25
GB Hogg,2012,2012,15,16,1,0,2,93.75,7.5
GB Hogg,2015,2015,7,6,0,0,0,116.66666666666667,7.0
GC Smith,2007/08,2007,441,362,54,8,12,121.82320441988949,36.75
GC Smith,2009,2009,212,216,27,1,11,98.14814814814815,19.272727272727273
GC Smith,2009/10,2009,44,39,7,0,3,112.82051282051282,14.666666666666666
GC Smith,2011,2011,42,51,6,0,4,82.35294117647058,10.5
GC Viljoen,2019,2019,3,7,0,0,2,42.857142857142854,1.5
GD McGrath,2007/08,2007,4,5,1,0,1,80.0,4.0
GD Phillips,2021,2021,26,33,1,2,2,78.78787878787878,13.0
GD Phillips,2023,2023,39,22,2,4,5,177.27272727272728,7.8
GD Phillips,2026,2026,67,54,4,2,4,124.07407407407408,16.75
GF Linde,2026,2026,31,21,6,0,3,147.61904761904762,10.333333333333334
GH Vihari,2013,2013,241,278,17,1,14,86.6906474820144,17.214285714285715
GH Vihari,2015,2015,39,35,6,0,4,111.42857142857143,9.75
GH Vihari,2019,2019,4,8,0,0,2,50.0,2.0
GHS Garton,2021,2021,2,4,0,0,1,50.0,2.0
GJ Bailey,2009,2009,45,39,7,0,3,115.38461538461537,15.0
GJ Bailey,2009/10,2009,18,27,2,0,2,66.66666666666666,9.0
GJ Bailey,2014,2014,257,190,19,10,10,135.26315789473685,25.7
GJ Bailey,2015,2015,259,190,22,7,10,136.31578947368422,25.9
GJ Bailey,2016,2016,84,98,9,2,4,85.71428571428571,21.0
GJ Maxwell,2012,2012,6,11,0,0,1,54.54545454545454,6.0
GJ Maxwell,2013,2013,36,27,1,4,2,133.33333333333331,18.0
GJ Maxwell,2014,2014,552,294,48,36,17,187.75510204081633,32.470588235294116
GJ Maxwell,2015,2015,146,113,13,8,11,129.20353982300884,13.272727272727273
GJ Maxwell,2016,2016,179,124,14,8,9,144.35483870967744,19.88888888888889
GJ Maxwell,2017,2017,310,179,20,26,10,173.18435754189946,31.0
GJ Maxwell,2018,2018,169,120,14,9,12,140.83333333333334,14.083333333333334
GJ Maxwell,2020/21,2020,108,106,9,0,7,101.88679245283019,15.428571428571429
GJ Maxwell,2021,2021,513,356,48,21,11,144.1011235955056,46.63636363636363
GJ Maxwell,2022,2022,301,178,31,15,10,169.1011235955056,30.1
GJ Maxwell,2023,2023,400,218,29,31,12,183.4862385321101,33.333333333333336
GJ Maxwell,2024,2024,52,43,6,2,9,120.93023255813952,5.777777777777778
GJ Maxwell,2025,2025,48,49,5,1,6,97.95918367346938,8.0
GR Napier,2009,2009,15,16,1,0,1,93.75,15.0
Gulbadin Naib,2024,2024,19,15,1,1,1,126.66666666666666,19.0
Gurkeerat Singh,2012,2012,86,52,12,2,3,165.3846153846154,28.666666666666668
Gurkeerat Singh,2013,2013,108,95,10,3,9,113.68421052631578,12.0
Gurkeerat Singh,2015,2015,35,39,3,1,5,89.74358974358975,7.0
Gurkeerat Singh,2016,2016,113,86,11,3,6,131.3953488372093,18.833333333333332
Gurkeerat Singh,2019,2019,98,70,11,2,3,140.0,32.666666666666664
Gurkeerat Singh,2020/21,2020,71,80,8,0,1,88.75,71.0
H Das,2007/08,2007,2,5,0,0,1,40.0,2.0
H Klaasen,2018,2018,57,47,5,1,3,121.27659574468086,19.0
H Klaasen,2019,2019,9,10,0,0,2,90.0,4.5
H Klaasen,2023,2023,448,253,32,25,9,177.07509881422925,49.77777777777778
H Klaasen,2024,2024,479,280,19,38,12,171.07142857142856,39.916666666666664
H Klaasen,2025,2025,487,282,42,25,10,172.69503546099293,48.7
H Klaasen,2026,2026,494,314,36,23,9,157.3248407643312,54.888888888888886
HC Brook,2023,2023,190,154,23,4,9,123.37662337662339,21.11111111111111
HE van der Dussen,2022,2022,22,24,2,0,2,91.66666666666666,11.0
HF Gurney,2019,2019,1,5,0,0,0,20.0,1.0
HH Gibbs,2007/08,2007,167,153,17,8,9,109.15032679738562,18.555555555555557
HH Gibbs,2009,2009,371,331,32,12,11,112.08459214501512,33.72727272727273
HH Gibbs,2009/10,2009,267,235,26,9,10,113.61702127659574,26.7
HH Gibbs,2012,2012,81,88,8,2,2,92.04545454545455,40.5
HH Pandya,2015,2015,112,62,9,8,5,180.64516129032256,22.4
HH Pandya,2016,2016,44,63,4,0,7,69.84126984126983,6.285714285714286
HH Pandya,2017,2017,250,160,11,20,8,156.25,31.25
HH Pandya,2018,2018,260,195,20,11,9,133.33333333333331,28.88888888888889
HH Pandya,2019,2019,409,212,28,30,9,192.9245283018868,45.44444444444444
HH Pandya,2020/21,2020,283,160,14,25,8,176.875,35.375
HH Pandya,2021,2021,127,112,11,5,9,113.39285714285714,14.11111111111111
HH Pandya,2022,2022,487,371,49,12,10,131.26684636118597,48.7
HH Pandya,2023,2023,346,253,26,15,11,136.75889328063244,31.454545454545453
HH Pandya,2024,2024,216,151,17,11,12,143.04635761589404,18.0
HH Pandya,2025,2025,224,137,18,13,10,163.5036496350365,22.4
HH Pandya,2026,2026,146,107,16,4,7,136.4485981308411,20.857142857142858
HM Amla,2016,2016,157,119,20,4,6,131.9327731092437,26.166666666666668
HM Amla,2017,2017,420,288,40,17,7,145.83333333333331,60.0
HR Shokeen,2022,2022,43,48,5,0,2,89.58333333333334,21.5
HR Shokeen,2023,2023,23,17,4,0,1,135.29411764705884,23.0
HV Patel,2012,2012,15,15,1,0,2,100.0,7.5
HV Patel,2014,2014,13,7,1,1,2,185.71428571428572,6.5
HV Patel,2015,2015,19,12,0,2,3,158.33333333333331,6.333333333333333
HV Patel,2018,2018,60,33,1,6,0,181.8181818181818,60.0
HV Patel,2019,2019,0,2,0,0,1,0.0,0.0
HV Patel,2020/21,2020,21,24,2,0,2,87.5,10.5
HV Patel,2021,2021,59,46,6,2,6,128.26086956521738,9.833333333333334
HV Patel,2022,2022,43,39,4,2,4,110.25641025641026,10.75
HV Patel,2023,2023,6,6,0,1,2,100.0,3.0
HV Patel,2024,2024,13,19,1,1,3,68.42105263157895,4.333333333333333
HV Patel,2025,2025,21,26,0,0,2,80.76923076923077,10.5
HV Patel,2026,2026,10,9,2,0,2,111.11111111111111,5.0
Harbhajan Singh,2007/08,2007,30,17,1,3,2,176.47058823529412,15.0
Harbhajan Singh,2009,2009,84,53,6,5,9,158.49056603773585,9.333333333333334
Harbhajan Singh,2009/10,2009,105,63,12,5,6,166.66666666666669,17.5
Harbhajan Singh,2011,2011,103,71,9,6,4,145.07042253521126,25.75
Harbhajan Singh,2012,2012,108,80,14,3,9,135.0,12.0
Harbhajan Singh,2013,2013,116,79,12,5,5,146.8354430379747,23.2
Harbhajan Singh,2014,2014,28,25,2,2,6,112.00000000000001,4.666666666666667
Harbhajan Singh,2015,2015,117,73,9,9,7,160.27397260273972,16.714285714285715
Harbhajan Singh,2016,2016,92,84,11,2,3,109.52380952380953,30.666666666666668
Harbhajan Singh,2017,2017,16,16,0,1,2,100.0,8.0
Harbhajan Singh,2018,2018,29,36,3,1,2,80.55555555555556,14.5
Harbhajan Singh,2019,2019,1,3,0,0,1,33.33333333333333,1.0
Harbhajan Singh,2021,2021,4,4,0,0,0,100.0,4.0
Harmeet Singh,2009/10,2009,0,1,0,0,1,0.0,0.0
Harmeet Singh,2012,2012,15,7,3,0,1,214.28571428571428,15.0
Harmeet Singh,2013,2013,3,4,0,0,0,75.0,3.0
Harpreet Brar,2019,2019,20,12,2,1,0,166.66666666666669,20.0
Harpreet Brar,2021,2021,64,58,3,2,0,110.34482758620689,64.0
Harpreet Brar,2022,2022,22,25,1,2,3,88.0,7.333333333333333
Harpreet Brar,2023,2023,52,41,5,2,7,126.82926829268293,7.428571428571429
Harpreet Brar,2024,2024,75,54,8,2,2,138.88888888888889,37.5
Harpreet Brar,2025,2025,11,13,0,1,1,84.61538461538461,11.0
Harpreet Singh,2011,2011,14,20,0,0,1,70.0,14.0
Harpreet Singh,2012,2012,6,6,0,0,1,100.0,6.0
Harpreet Singh,2023,2023,76,59,8,3,2,128.81355932203388,38.0
Harpreet Singh,2024,2024,27,34,2,0,2,79.41176470588235,13.5
Harsh Dubey,2026,2026,13,9,2,0,2,144.44444444444443,6.5
Harshit Rana,2022,2022,2,2,0,0,1,100.0,2.0
Harshit Rana,2023,2023,0,1,0,0,1,0.0,0.0
Harshit Rana,2025,2025,57,53,5,3,5,107.54716981132076,11.4
Himmat Singh,2026,2026,75,57,4,4,2,131.57894736842107,37.5
I Malhotra,2011,2011,7,4,1,0,0,175.0,7.0
I Sharma,2007/08,2007,11,11,1,0,1,100.0,11.0
I Sharma,2009,2009,16,13,1,1,2,123.07692307692308,8.0
I Sharma,2009/10,2009,6,17,0,0,2,35.294117647058826,3.0
I Sharma,2011,2011,4,5,0,0,0,80.0,4.0
I Sharma,2017,2017,8,12,1,0,2,66.66666666666666,4.0
I Sharma,2019,2019,10,3,1,1,0,333.33333333333337,10.0
I Sharma,2023,2023,1,1,0,0,0,100.0,1.0
I Sharma,2024,2024,1,7,0,0,0,14.285714285714285,1.0
I Udana,2020/21,2020,15,11,1,1,3,136.36363636363635,5.0
IC Pandey,2013,2013,0,2,0,0,1,0.0,0.0
IK Pathan,2007/08,2007,131,116,9,6,5,112.93103448275863,26.2
IK Pathan,2009,2009,196,158,17,6,11,124.0506329113924,17.818181818181817
IK Pathan,2009/10,2009,276,186,21,10,8,148.38709677419354,34.5
IK Pathan,2011,2011,150,138,12,6,7,108.69565217391303,21.428571428571427
IK Pathan,2012,2012,176,126,14,6,7,139.68253968253967,25.142857142857142
IK Pathan,2013,2013,153,156,10,4,8,98.07692307692307,19.125
IK Pathan,2014,2014,55,54,5,0,3,101.85185185185186,18.333333333333332
IK Pathan,2016,2016,11,13,0,0,2,84.61538461538461,5.5
IK Pathan,2017,2017,2,3,0,0,1,66.66666666666666,2.0
IR Jaggi,2011,2011,28,37,3,0,2,75.67567567567568,14.0
IR Jaggi,2012,2012,15,21,0,0,2,71.42857142857143,7.5
IR Jaggi,2017,2017,33,39,3,0,1,84.61538461538461,33.0
IS Sodhi,2018,2018,1,6,0,0,1,16.666666666666664,1.0
IS Sodhi,2019,2019,6,11,0,0,1,54.54545454545454,6.0
Imran Tahir,2014,2014,8,10,2,0,2,80.0,4.0
Imran Tahir,2015,2015,5,6,0,0,1,83.33333333333334,5.0
Imran Tahir,2016,2016,5,7,1,0,1,71.42857142857143,5.0
Imran Tahir,2017,2017,0,2,0,0,0,0.0,0.0
Imran Tahir,2018,2018,2,2,0,0,0,100.0,2.0
Imran Tahir,2020/21,2020,13,10,2,0,0,130.0,13.0
Iqbal Abdulla,2007/08,2007,1,2,0,0,0,50.0,1.0
Iqbal Abdulla,2009/10,2009,0,1,0,0,0,0.0,0.0
Iqbal Abdulla,2011,2011,15,12,1,0,0,125.0,15.0
Iqbal Abdulla,2012,2012,2,3,0,0,0,66.66666666666666,2.0
Iqbal Abdulla,2013,2013,8,14,0,0,0,57.14285714285714,8.0
Iqbal Abdulla,2015,2015,20,18,4,0,1,111.11111111111111,20.0
Iqbal Abdulla,2016,2016,37,27,4,1,0,137.03703703703704,37.0
Iqbal Abdulla,2017,2017,5,7,0,0,0,71.42857142857143,5.0
Ishan Kishan,2016,2016,42,41,5,0,4,102.4390243902439,10.5
Ishan Kishan,2017,2017,277,206,29,13,10,134.46601941747574,27.7
Ishan Kishan,2018,2018,275,184,22,17,12,149.45652173913044,22.916666666666668
Ishan Kishan,2019,2019,101,100,8,4,5,101.0,20.2
Ishan Kishan,2020/21,2020,516,354,36,30,9,145.76271186440678,57.333333333333336
Ishan Kishan,2021,2021,241,180,21,10,9,133.88888888888889,26.77777777777778
Ishan Kishan,2022,2022,418,348,45,11,13,120.11494252873563,32.15384615384615
Ishan Kishan,2023,2023,454,318,54,18,15,142.76729559748426,30.266666666666666
Ishan Kishan,2024,2024,320,215,35,16,14,148.8372093023256,22.857142857142858
Ishan Kishan,2025,2025,354,232,33,15,10,152.58620689655174,35.4
Ishan Kishan,2026,2026,409,219,41,22,10,186.7579908675799,40.9
J Arunkumar,2007/08,2007,23,23,5,0,3,100.0,7.666666666666667
J Botha,2009,2009,47,40,5,0,3,117.5,15.666666666666666
J Botha,2011,2011,230,198,20,2,6,116.16161616161615,38.333333333333336
J Botha,2012,2012,58,54,4,1,4,107.40740740740742,14.5
J Botha,2013,2013,43,52,5,1,6,82.6923076923077,7.166666666666667
J Botha,2015,2015,31,15,5,1,3,206.66666666666669,10.333333333333334
J Fraser-McGurk,2024,2024,330,141,32,28,8,234.04255319148936,41.25
J Fraser-McGurk,2025,2025,55,52,7,2,6,105.76923076923077,9.166666666666666
J Overton,2025,2025,15,7,1,1,0,214.28571428571428,15.0
J Overton,2026,2026,136,86,13,6,5,158.13953488372093,27.2
J Suchith,2015,2015,48,32,4,2,1,150.0,48.0
J Suchith,2019,2019,6,15,0,0,1,40.0,6.0
J Suchith,2021,2021,14,6,2,1,0,233.33333333333334,14.0
J Suchith,2022,2022,2,8,0,0,2,25.0,1.0
J Syed Mohammad,2011,2011,15,12,2,0,0,125.0,15.0
J Syed Mohammad,2012,2012,4,1,1,0,0,400.0,4.0
J Syed Mohammad,2013,2013,10,13,1,0,2,76.92307692307693,5.0
J Theron,2009/10,2009,2,5,0,0,2,40.0,1.0
J Theron,2012,2012,7,6,1,0,0,116.66666666666667,7.0
J Theron,2015,2015,1,1,0,0,0,100.0,1.0
J Yadav,2016,2016,6,10,0,0,0,60.0,6.0
J Yadav,2021,2021,34,26,2,1,2,130.76923076923077,17.0
JA Morkel,2007/08,2007,241,163,18,14,8,147.8527607361963,30.125
JA Morkel,2009,2009,97,70,8,4,5,138.57142857142856,19.4
JA Morkel,2009/10,2009,199,132,10,13,7,150.75757575757575,28.428571428571427
JA Morkel,2011,2011,138,102,8,8,5,135.29411764705884,27.6
JA Morkel,2012,2012,107,68,5,6,7,157.35294117647058,15.285714285714286
JA Morkel,2013,2013,46,37,2,3,3,124.32432432432432,15.333333333333334
JA Morkel,2014,2014,45,41,1,3,3,109.75609756097562,15.0
JA Morkel,2015,2015,86,65,9,2,1,132.3076923076923,86.0
JA Morkel,2016,2016,16,9,0,2,1,177.77777777777777,16.0
JA Richardson,2021,2021,15,24,2,0,2,62.5,7.5
JA Richardson,2024,2024,2,2,0,0,1,100.0,2.0
JC Archer,2018,2018,15,21,2,0,5,71.42857142857143,3.0
JC Archer,2019,2019,67,40,4,4,2,167.5,33.5
JC Archer,2020/21,2020,113,63,5,10,6,179.36507936507937,18.833333333333332
JC Archer,2023,2023,4,4,0,0,0,100.0,4.0
JC Archer,2025,2025,63,50,3,4,5,126.0,12.6
JC Archer,2026,2026,14,15,1,0,2,93.33333333333333,7.0
JC Buttler,2016,2016,255,184,23,11,10,138.58695652173913,25.5
JC Buttler,2017,2017,273,179,27,15,9,152.51396648044692,30.333333333333332
JC Buttler,2018,2018,548,353,52,21,11,155.24079320113316,49.81818181818182
JC Buttler,2019,2019,311,205,38,14,7,151.70731707317074,44.42857142857143
JC Buttler,2020/21,2020,328,227,27,16,11,144.49339207048456,29.818181818181817
JC Buttler,2021,2021,254,166,27,13,7,153.0120481927711,36.285714285714285
JC Buttler,2022,2022,863,579,84,45,15,149.05008635578582,57.53333333333333
JC Buttler,2023,2023,392,282,42,14,15,139.00709219858157,26.133333333333333
JC Buttler,2024,2024,359,255,36,12,10,140.7843137254902,35.9
JC Buttler,2025,2025,538,330,52,24,10,163.03030303030303,53.8
JC Buttler,2026,2026,335,219,34,17,9,152.96803652968038,37.22222222222222
JD Ryder,2009,2009,56,49,9,0,5,114.28571428571428,11.2
JD Ryder,2011,2011,292,197,37,11,13,148.2233502538071,22.46153846153846
JD Ryder,2012,2012,256,212,23,8,11,120.75471698113208,23.272727272727273
JD Unadkat,2013,2013,2,2,0,0,0,100.0,2.0
JD Unadkat,2014,2014,1,6,0,0,1,16.666666666666664,1.0
JD Unadkat,2017,2017,2,5,0,0,0,40.0,2.0
JD Unadkat,2018,2018,49,38,6,1,5,128.94736842105263,9.8
JD Unadkat,2019,2019,1,3,0,0,1,33.33333333333333,1.0
JD Unadkat,2020/21,2020,9,13,0,0,1,69.23076923076923,9.0
JD Unadkat,2021,2021,41,29,3,2,2,141.3793103448276,20.5
JD Unadkat,2022,2022,59,37,4,3,1,159.45945945945945,59.0
JD Unadkat,2023,2023,9,7,1,0,1,128.57142857142858,9.0
JD Unadkat,2024,2024,24,26,2,1,2,92.3076923076923,12.0
JD Unadkat,2026,2026,4,3,0,0,0,133.33333333333331,4.0
JDP Oram,2007/08,2007,18,12,1,1,1,150.0,18.0
JDP Oram,2009,2009,88,93,5,4,6,94.6236559139785,14.666666666666666
JDP Oram,2011,2011,0,3,0,0,1,0.0,0.0
JDS Neesham,2014,2014,42,46,3,1,3,91.30434782608695,14.0
JDS Neesham,2020/21,2020,19,18,0,1,2,105.55555555555556,9.5
JDS Neesham,2021,2021,0,2,0,0,2,0.0,0.0
JDS Neesham,2022,2022,31,27,3,0,1,114.81481481481481,31.0
JE Root,2023,2023,10,15,1,0,1,66.66666666666666,10.0
JE Taylor,2011,2011,3,3,0,0,0,100.0,3.0
JEC Franklin,2011,2011,107,78,10,2,2,137.17948717948718,53.5
JEC Franklin,2012,2012,220,223,15,7,9,98.65470852017937,24.444444444444443
JG Bethell,2025,2025,67,39,9,3,2,171.7948717948718,33.5
JG Bethell,2026,2026,39,26,5,2,3,150.0,13.0
JH Kallis,2007/08,2007,199,183,23,4,11,108.74316939890711,18.09090909090909
JH Kallis,2009,2009,361,332,37,8,13,108.73493975903614,27.76923076923077
JH Kallis,2009/10,2009,572,494,67,9,12,115.78947368421053,47.666666666666664
JH Kallis,2011,2011,424,378,46,6,15,112.16931216931216,28.266666666666666
JH Kallis,2012,2012,409,384,34,10,17,106.51041666666667,24.058823529411764
JH Kallis,2013,2013,311,322,35,3,15,96.58385093167702,20.733333333333334
JH Kallis,2014,2014,151,129,13,4,6,117.05426356589147,25.166666666666668
JJ Bumrah,2014,2014,1,3,0,0,0,33.33333333333333,1.0
JJ Bumrah,2016,2016,8,11,1,0,1,72.72727272727273,8.0
JJ Bumrah,2017,2017,16,12,0,1,1,133.33333333333331,16.0
JJ Bumrah,2018,2018,10,11,1,0,1,90.9090909090909,10.0
JJ Bumrah,2019,2019,0,1,0,0,0,0.0,0.0
JJ Bumrah,2020/21,2020,5,3,0,0,0,166.66666666666669,5.0
JJ Bumrah,2021,2021,16,17,2,0,3,94.11764705882352,5.333333333333333
JJ Bumrah,2022,2022,0,8,0,0,1,0.0,0.0
JJ Bumrah,2024,2024,12,12,1,0,0,100.0,12.0
JJ Bumrah,2025,2025,0,1,0,0,0,0.0,0.0
JJ Bumrah,2026,2026,7,7,1,0,1,100.0,7.0
JJ Roy,2017,2017,59,40,9,1,2,147.5,29.5
JJ Roy,2018,2018,120,94,9,7,3,127.65957446808511,40.0
JJ Roy,2021,2021,150,121,21,1,5,123.96694214876034,30.0
JJ Roy,2023,2023,285,188,36,12,8,151.59574468085106,35.625
JJ van der Wath,2011,2011,18,16,1,1,2,112.5,9.0
JL Denly,2019,2019,0,1,0,0,1,0.0,0.0
JL Pattinson,2020/21,2020,15,13,2,0,1,115.38461538461537,15.0
JM Bairstow,2019,2019,445,283,48,18,8,157.24381625441697,55.625
JM Bairstow,2020/21,2020,345,272,31,13,12,126.83823529411764,28.75
JM Bairstow,2021,2021,248,175,20,15,7,141.7142857142857,35.42857142857143
JM Bairstow,2022,2022,253,175,34,9,11,144.57142857142858,23.0
JM Bairstow,2024,2024,298,195,33,14,10,152.82051282051282,29.8
JM Bairstow,2025,2025,85,46,7,5,2,184.7826086956522,42.5
JM Kemp,2009/10,2009,26,24,1,1,2,108.33333333333333,13.0
JM Sharma,2022,2022,234,143,22,12,8,163.63636363636365,29.25
JM Sharma,2023,2023,309,198,22,21,13,156.06060606060606,23.76923076923077
JM Sharma,2024,2024,187,142,9,12,11,131.69014084507043,17.0
JM Sharma,2025,2025,261,148,24,17,7,176.35135135135135,37.285714285714285
JM Sharma,2026,2026,63,56,5,3,7,112.5,9.0
JO Holder,2014,2014,16,12,2,1,1,133.33333333333331,16.0
JO Holder,2016,2016,22,19,2,1,4,115.78947368421053,5.5
JO Holder,2020/21,2020,66,53,5,3,2,124.52830188679245,33.0
JO Holder,2021,2021,85,72,2,6,6,118.05555555555556,14.166666666666666
JO Holder,2022,2022,58,44,2,6,6,131.8181818181818,9.666666666666666
JO Holder,2023,2023,12,11,0,1,2,109.09090909090908,6.0
JO Holder,2026,2026,40,27,1,3,2,148.14814814814815,20.0
JP Behrendorff,2023,2023,6,9,0,0,0,66.66666666666666,6.0
JP Duminy,2009,2009,372,325,26,11,8,114.46153846153845,46.5
JP Duminy,2009/10,2009,157,131,13,5,4,119.84732824427482,39.25
JP Duminy,2011,2011,205,174,9,8,10,117.81609195402298,20.5
JP Duminy,2012,2012,244,190,13,11,3,128.42105263157896,81.33333333333333
JP Duminy,2014,2014,410,305,22,20,8,134.4262295081967,51.25
JP Duminy,2015,2015,414,315,27,20,10,131.42857142857142,41.4
JP Duminy,2016,2016,191,156,13,3,5,122.43589743589745,38.2
JP Duminy,2018,2018,36,40,3,1,1,90.0,36.0
JP Faulkner,2012,2012,14,13,0,0,1,107.6923076923077,14.0
JP Faulkner,2013,2013,57,57,5,2,5,100.0,11.4
JP Faulkner,2014,2014,181,94,8,16,5,192.5531914893617,36.2
JP Faulkner,2015,2015,144,110,12,5,9,130.9090909090909,16.0
JP Faulkner,2016,2016,77,59,7,0,3,130.5084745762712,25.666666666666668
JP Faulkner,2017,2017,54,57,4,0,5,94.73684210526315,10.8
JP Inglis,2025,2025,278,171,26,16,9,162.5730994152047,30.88888888888889
JP Inglis,2026,2026,13,5,3,0,1,260.0,13.0
JPR Scantlebury-Searles,2018,2018,8,6,0,1,1,133.33333333333331,8.0
JR Hazlewood,2022,2022,18,26,1,0,0,69.23076923076923,18.0
JR Hazlewood,2023,2023,1,2,0,0,0,50.0,1.0
JR Hazlewood,2025,2025,0,1,0,0,0,0.0,0.0
JR Hazlewood,2026,2026,0,1,0,0,1,0.0,0.0
JR Hopes,2007/08,2007,221,148,27,8,11,149.32432432432432,20.09090909090909
JR Hopes,2011,2011,196,158,22,3,6,124.0506329113924,32.666666666666664
JR Philippe,2020/21,2020,78,77,9,1,4,101.29870129870129,19.5
Jaskaran Singh,2009/10,2009,8,11,0,0,2,72.72727272727273,4.0
Joginder Sharma,2007/08,2007,16,11,1,1,2,145.45454545454547,8.0
Joginder Sharma,2009,2009,20,18,0,1,1,111.11111111111111,20.0
Joginder Sharma,2011,2011,0,1,0,0,1,0.0,0.0
K Goel,2007/08,2007,76,78,7,4,5,97.43589743589743,15.2
K Goel,2009,2009,124,133,9,4,7,93.23308270676691,17.714285714285715
K Goel,2009/10,2009,18,20,1,1,1,90.0,18.0
K Gowtham,2018,2018,126,64,9,9,9,196.875,14.0
K Gowtham,2019,2019,18,19,1,1,3,94.73684210526315,6.0
K Gowtham,2020/21,2020,42,27,3,2,1,155.55555555555557,42.0
K Gowtham,2022,2022,0,1,0,0,1,0.0,0.0
K Gowtham,2023,2023,61,37,2,5,4,164.86486486486487,15.25
K Kartikeya,2022,2022,3,5,0,0,1,60.0,3.0
K Kartikeya,2023,2023,6,7,1,0,1,85.71428571428571,6.0
K Kartikeya,2025,2025,3,5,0,0,1,60.0,3.0
K Rabada,2017,2017,55,64,5,1,3,85.9375,18.333333333333332
K Rabada,2019,2019,14,15,0,1,3,93.33333333333333,4.666666666666667
K Rabada,2020/21,2020,56,49,4,2,3,114.28571428571428,18.666666666666668
K Rabada,2021,2021,13,6,2,0,1,216.66666666666666,13.0
K Rabada,2022,2022,48,43,5,2,4,111.62790697674419,12.0
K Rabada,2023,2023,0,2,0,0,1,0.0,0.0
K Rabada,2024,2024,20,14,0,2,1,142.85714285714286,20.0
K Rabada,2025,2025,9,8,0,1,2,112.5,4.5
K Rabada,2026,2026,35,30,3,2,1,116.66666666666667,35.0
K Upadhyay,2012,2012,11,8,0,1,0,137.5,11.0
K Upadhyay,2013,2013,1,1,0,0,0,100.0,1.0
K Yadav,2021,2021,0,4,0,0,0,0.0,0.0
KA Jamieson,2021,2021,65,55,5,3,3,118.18181818181819,21.666666666666668
KA Jamieson,2025,2025,0,5,0,0,0,0.0,0.0
KA Jamieson,2026,2026,12,13,1,1,1,92.3076923076923,12.0
KA Maharaj,2024,2024,1,2,0,0,1,50.0,1.0
KA Pollard,2009/10,2009,273,147,23,17,14,185.71428571428572,19.5
KA Pollard,2011,2011,146,133,12,6,10,109.77443609022556,14.6
KA Pollard,2012,2012,220,159,15,14,9,138.36477987421384,24.444444444444443
KA Pollard,2013,2013,420,281,27,29,11,149.46619217081852,38.18181818181818
KA Pollard,2014,2014,273,203,15,15,9,134.48275862068965,30.333333333333332
KA Pollard,2015,2015,419,256,28,28,10,163.671875,41.9
KA Pollard,2016,2016,207,144,11,16,8,143.75,25.875
KA Pollard,2017,2017,395,279,27,23,14,141.57706093189964,28.214285714285715
KA Pollard,2018,2018,133,100,10,7,7,133.0,19.0
KA Pollard,2019,2019,281,179,14,22,10,156.9832402234637,28.1
KA Pollard,2020/21,2020,281,149,17,22,7,188.59060402684565,40.142857142857146
KA Pollard,2021,2021,245,165,16,16,8,148.4848484848485,30.625
KA Pollard,2022,2022,144,134,6,9,12,107.46268656716418,12.0
KAJ Roach,2009/10,2009,10,9,1,0,1,111.11111111111111,10.0
KB Arun Karthik,2009/10,2009,3,5,0,0,0,60.0,3.0
KB Arun Karthik,2011,2011,7,8,1,0,2,87.5,3.5
KB Arun Karthik,2013,2013,41,38,3,1,3,107.89473684210526,13.666666666666666
KC Cariappa,2016,2016,13,11,0,1,1,118.18181818181819,13.0
KC Cariappa,2017,2017,2,7,0,0,2,28.57142857142857,1.0
KC Cariappa,2019,2019,9,3,0,1,0,300.0,9.0
KC Sangakkara,2007/08,2007,320,198,41,8,10,161.6161616161616,32.0
KC Sangakkara,2009,2009,332,324,29,5,14,102.46913580246914,23.714285714285715
KC Sangakkara,2009/10,2009,357,257,47,5,12,138.91050583657588,29.75
KC Sangakkara,2011,2011,358,293,44,5,13,122.18430034129693,27.53846153846154
KC Sangakkara,2012,2012,200,184,21,4,11,108.69565217391303,18.181818181818183
KC Sangakkara,2013,2013,120,136,13,0,9,88.23529411764706,13.333333333333334
KD Karthik,2007/08,2007,145,107,13,4,7,135.5140186915888,20.714285714285715
KD Karthik,2009,2009,288,217,20,9,8,132.7188940092166,36.0
KD Karthik,2009/10,2009,278,237,26,6,11,117.29957805907173,25.272727272727273
KD Karthik,2011,2011,282,220,32,7,12,128.1818181818182,23.5
KD Karthik,2012,2012,238,213,30,2,15,111.73708920187792,15.866666666666667
KD Karthik,2013,2013,510,411,54,14,20,124.08759124087592,25.5
KD Karthik,2014,2014,325,258,28,11,14,125.96899224806202,23.214285714285715
KD Karthik,2015,2015,141,117,15,4,10,120.51282051282051,14.1
KD Karthik,2016,2016,335,266,38,3,14,125.93984962406014,23.928571428571427
KD Karthik,2017,2017,361,259,30,11,9,139.3822393822394,40.111111111111114
KD Karthik,2018,2018,498,337,49,16,9,147.77448071216617,55.333333333333336
KD Karthik,2019,2019,254,174,22,14,9,145.97701149425288,28.22222222222222
KD Karthik,2020/21,2020,169,136,20,4,12,124.26470588235294,14.083333333333334
KD Karthik,2021,2021,223,170,22,7,10,131.1764705882353,22.3
KD Karthik,2022,2022,330,180,27,22,6,183.33333333333331,55.0
KD Karthik,2023,2023,140,104,13,5,12,134.6153846153846,11.666666666666666
KD Karthik,2024,2024,326,174,27,22,9,187.35632183908046,36.22222222222222
KH Pandya,2016,2016,237,124,22,13,5,191.1290322580645,47.4
KH Pandya,2017,2017,243,179,24,7,7,135.75418994413408,34.714285714285715
KH Pandya,2018,2018,228,157,22,10,9,145.22292993630572,25.333333333333332
KH Pandya,2019,2019,183,150,18,5,11,122.0,16.636363636363637
KH Pandya,2020/21,2020,109,92,9,5,6,118.4782608695652,18.166666666666668
KH Pandya,2021,2021,143,123,10,6,10,116.26016260162602,14.3
KH Pandya,2022,2022,183,145,16,4,10,126.20689655172414,18.3
KH Pandya,2023,2023,188,165,15,6,11,113.93939393939394,17.09090909090909
KH Pandya,2024,2024,133,105,8,5,5,126.66666666666666,26.6
KH Pandya,2025,2025,109,86,9,4,6,126.74418604651163,18.166666666666668
KH Pandya,2026,2026,40,32,4,2,2,125.0,20.0
KJ Abbott,2016,2016,13,8,0,1,1,162.5,13.0
KK Ahmed,2019,2019,0,1,0,0,1,0.0,0.0
KK Ahmed,2020/21,2020,0,2,0,0,1,0.0,0.0
KK Ahmed,2021,2021,1,2,0,0,1,50.0,1.0
KK Ahmed,2022,2022,0,2,0,0,2,0.0,0.0
KK Ahmed,2025,2025,1,2,0,0,0,50.0,1.0
KK Cooper,2012,2012,38,20,3,3,2,190.0,19.0
KK Cooper,2013,2013,39,22,4,2,4,177.27272727272728,9.75
KK Cooper,2014,2014,39,26,2,3,3,150.0,13.0
KK Nair,2013,2013,9,12,0,0,2,75.0,4.5
KK Nair,2014,2014,330,232,38,9,11,142.24137931034483,30.0
KK Nair,2015,2015,181,145,18,5,10,124.82758620689656,18.1
KK Nair,2016,2016,357,297,40,6,11,120.2020202020202,32.45454545454545
KK Nair,2017,2017,281,226,39,6,13,124.33628318584071,21.615384615384617
KK Nair,2018,2018,301,221,23,13,13,136.19909502262445,23.153846153846153
KK Nair,2019,2019,5,6,0,0,1,83.33333333333334,5.0
KK Nair,2020/21,2020,16,14,2,0,2,114.28571428571428,8.0
KK Nair,2022,2022,16,18,1,0,2,88.88888888888889,8.0
KK Nair,2025,2025,198,115,24,10,7,172.17391304347828,28.285714285714285
KK Nair,2026,2026,18,18,3,0,2,100.0,9.0
KL Nagarkoti,2020/21,2020,22,31,1,0,3,70.96774193548387,7.333333333333333
KL Nagarkoti,2021,2021,0,2,0,0,1,0.0,0.0
KL Rahul,2013,2013,20,16,4,0,2,125.0,10.0
KL Rahul,2014,2014,166,164,12,3,8,101.21951219512195,20.75
KL Rahul,2015,2015,142,126,8,5,7,112.6984126984127,20.285714285714285
KL Rahul,2016,2016,397,271,37,16,9,146.49446494464945,44.111111111111114
KL Rahul,2018,2018,659,416,66,32,12,158.41346153846155,54.916666666666664
KL Rahul,2019,2019,593,438,49,25,11,135.3881278538813,53.90909090909091
KL Rahul,2020/21,2020,676,524,58,23,15,129.00763358778627,45.06666666666667
KL Rahul,2021,2021,626,451,48,30,9,138.80266075388025,69.55555555555556
KL Rahul,2022,2022,616,455,45,30,11,135.3846153846154,56.0
KL Rahul,2023,2023,274,242,28,4,8,113.22314049586777,34.25
KL Rahul,2024,2024,520,382,45,19,14,136.12565445026178,37.142857142857146
KL Rahul,2025,2025,546,363,53,21,9,150.4132231404959,60.666666666666664
KL Rahul,2026,2026,445,246,44,24,10,180.8943089430894,44.5
KM Asif,2023,2023,0,2,0,0,1,0.0,0.0
KM Jadhav,2009/10,2009,76,56,7,2,4,135.71428571428572,19.0
KM Jadhav,2011,2011,18,23,1,0,3,78.26086956521739,6.0
KM Jadhav,2013,2013,152,124,8,5,8,122.58064516129032,19.0
KM Jadhav,2014,2014,149,101,13,7,3,147.5247524752475,49.666666666666664
KM Jadhav,2015,2015,189,140,16,7,8,135.0,23.625
KM Jadhav,2016,2016,42,32,2,2,0,131.25,42.0
KM Jadhav,2017,2017,267,186,25,10,11,143.5483870967742,24.272727272727273
KM Jadhav,2018,2018,24,22,1,2,0,109.09090909090908,24.0
KM Jadhav,2019,2019,162,169,19,3,9,95.85798816568047,18.0
KM Jadhav,2020/21,2020,62,66,7,0,4,93.93939393939394,15.5
KM Jadhav,2021,2021,55,52,2,2,4,105.76923076923077,13.75
KM Jadhav,2023,2023,12,10,1,0,0,120.0,12.0
KMA Paul,2019,2019,18,24,1,1,4,75.0,4.5
KMDN Kulasekara,2012,2012,5,3,1,0,0,166.66666666666669,5.0
KP Appanna,2009,2009,0,1,0,0,0,0.0,0.0
KP Appanna,2009/10,2009,2,3,0,0,1,66.66666666666666,2.0
KP Pietersen,2009,2009,93,85,8,2,6,109.41176470588236,15.5
KP Pietersen,2009/10,2009,236,157,23,8,3,150.31847133757964,78.66666666666667
KP Pietersen,2012,2012,305,207,22,20,6,147.34299516908214,50.833333333333336
KP Pietersen,2014,2014,294,233,34,7,10,126.1802575107296,29.4
KP Pietersen,2016,2016,73,61,4,3,3,119.67213114754098,24.333333333333332
KR Mayers,2023,2023,379,263,38,22,13,144.106463878327,29.153846153846153
KR Sen,2022,2022,0,3,0,0,0,0.0,0.0
KS Bharat,2021,2021,191,156,10,8,5,122.43589743589745,38.2
KS Bharat,2022,2022,8,7,2,0,2,114.28571428571428,4.0
KS Rathore,2025,2025,0,5,0,0,1,0.0,0.0
KS Sharma,2022,2022,4,4,1,0,1,100.0,4.0
KS Sharma,2023,2023,12,21,0,0,2,57.14285714285714,6.0
KS Williamson,2015,2015,31,27,1,1,1,114.81481481481481,31.0
KS Williamson,2016,2016,124,122,14,0,6,101.63934426229508,20.666666666666668
KS Williamson,2017,2017,256,169,20,10,5,151.4792899408284,51.2
KS Williamson,2018,2018,735,516,64,28,15,142.4418604651163,49.0
KS Williamson,2019,2019,156,130,12,5,7,120.0,22.285714285714285
KS Williamson,2020/21,2020,317,237,26,10,7,133.75527426160338,45.285714285714285
KS Williamson,2021,2021,270,238,30,2,6,113.4453781512605,45.0
KS Williamson,2022,2022,216,231,16,8,10,93.5064935064935,21.6
KS Williamson,2024,2024,27,27,4,0,2,100.0,13.5
KT Maphaka,2025,2025,8,2,2,0,0,400.0,8.0
KV Sharma,2009,2009,1,3,0,0,1,33.33333333333333,1.0
KV Sharma,2013,2013,85,86,6,2,5,98.83720930232558,17.0
KV Sharma,2014,2014,42,29,1,3,3,144.82758620689654,14.0
KV Sharma,2015,2015,104,85,3,6,6,122.3529411764706,17.333333333333332
KV Sharma,2016,2016,36,30,3,1,0,120.0,36.0
KV Sharma,2017,2017,49,41,5,2,6,119.51219512195121,8.166666666666666
KV Sharma,2023,2023,3,5,0,0,2,60.0,1.5
KV Sharma,2024,2024,31,15,2,3,2,206.66666666666669,15.5
KV Sharma,2025,2025,1,1,0,0,0,100.0,1.0
KW Richardson,2013,2013,34,36,2,1,2,94.44444444444444,17.0
KW Richardson,2014,2014,1,2,0,0,1,50.0,1.0
KW Richardson,2016,2016,1,1,0,0,0,100.0,1.0
Kamran Akmal,2007/08,2007,128,78,13,8,4,164.1025641025641,32.0
Kamran Khan,2009,2009,3,5,0,0,1,60.0,3.0
Karanveer Singh,2014,2014,1,1,0,0,0,100.0,1.0
Karanveer Singh,2015,2015,11,16,1,0,1,68.75,11.0
Kartik Sharma,2026,2026,153,120,11,9,5,127.49999999999999,30.6
Kartik Tyagi,2020/21,2020,4,6,0,0,1,66.66666666666666,4.0
Kartik Tyagi,2021,2021,2,4,0,0,1,50.0,2.0
Kartik Tyagi,2022,2022,7,6,1,0,2,116.66666666666667,3.5
Kartik Tyagi,2026,2026,11,9,1,1,2,122.22222222222223,5.5
Krish Bhagat,2026,2026,10,21,0,0,1,47.61904761904761,10.0
Kuldeep Yadav,2017,2017,20,22,2,0,2,90.9090909090909,10.0
Kuldeep Yadav,2018,2018,12,24,1,0,1,50.0,12.0
Kuldeep Yadav,2019,2019,12,8,1,0,1,150.0,12.0
Kuldeep Yadav,2020/21,2020,13,21,1,0,0,61.904761904761905,13.0
Kuldeep Yadav,2022,2022,48,52,3,2,1,92.3076923076923,48.0
Kuldeep Yadav,2023,2023,31,48,2,0,3,64.58333333333334,10.333333333333334
Kuldeep Yadav,2024,2024,47,41,6,1,2,114.6341463414634,23.5
Kuldeep Yadav,2025,2025,18,16,2,0,3,112.5,6.0
Kuldeep Yadav,2026,2026,9,21,0,0,2,42.857142857142854,4.5
Kumar Kushagra,2024,2024,3,7,0,0,3,42.857142857142854,1.0
Kumar Kushagra,2026,2026,18,14,3,0,1,128.57142857142858,18.0
L Ablish,2011,2011,0,2,0,0,0,0.0,0.0
L Balaji,2007/08,2007,0,4,0,0,1,0.0,0.0
L Balaji,2009,2009,4,10,0,0,2,40.0,2.0
L Balaji,2009/10,2009,18,20,1,1,2,90.0,9.0
L Balaji,2011,2011,4,2,0,0,0,200.0,4.0
L Balaji,2013,2013,9,10,1,0,1,90.0,9.0
L Balaji,2014,2014,1,3,0,0,1,33.33333333333333,1.0
L Ngidi,2025,2025,0,2,0,0,0,0.0,0.0
L Ngidi,2026,2026,3,6,0,0,2,50.0,1.5
L Ronchi,2007/08,2007,34,32,6,1,2,106.25,17.0
L Ronchi,2009,2009,0,2,0,0,1,0.0,0.0
L Wood,2024,2024,9,3,0,1,0,300.0,9.0
LA Carseldine,2009,2009,81,68,11,0,3,119.11764705882352,27.0
LA Pomersbach,2007/08,2007,152,99,13,9,1,153.53535353535352,152.0
LA Pomersbach,2009,2009,41,49,3,1,3,83.6734693877551,13.666666666666666
LA Pomersbach,2011,2011,51,39,4,2,4,130.76923076923077,12.75
LA Pomersbach,2013,2013,58,59,5,1,3,98.30508474576271,19.333333333333332
LB Williams,2024,2024,1,2,0,0,0,50.0,1.0
LE Plunkett,2018,2018,1,3,0,0,1,33.33333333333333,1.0
LG Pretorius,2026,2026,0,2,0,0,1,0.0,0.0
LH Ferguson,2017,2017,1,1,0,0,0,100.0,1.0
LH Ferguson,2020/21,2020,43,29,4,1,1,148.27586206896552,43.0
LH Ferguson,2021,2021,18,11,1,1,0,163.63636363636365,18.0
LH Ferguson,2022,2022,5,4,1,0,2,125.0,2.5
LH Ferguson,2024,2024,1,1,0,0,1,100.0,1.0
LH Ferguson,2025,2025,4,1,1,0,0,400.0,4.0
LJ Wright,2013,2013,106,60,16,3,4,176.66666666666666,26.5
LMP Simmons,2014,2014,394,291,43,14,7,135.39518900343643,56.285714285714285
LMP Simmons,2015,2015,540,441,56,21,13,122.44897959183673,41.53846153846154
LMP Simmons,2016,2016,8,8,0,1,1,100.0,8.0
LMP Simmons,2017,2017,137,112,10,8,6,122.32142857142858,22.833333333333332
LPC Silva,2007/08,2007,40,26,5,1,2,153.84615384615387,20.0
LR Shukla,2007/08,2007,163,122,17,5,8,133.60655737704917,20.375
LR Shukla,2009,2009,83,85,5,3,6,97.6470588235294,13.833333333333334
LR Shukla,2009/10,2009,36,26,3,2,2,138.46153846153845,18.0
LR Shukla,2011,2011,14,10,2,0,1,140.0,14.0
LR Shukla,2012,2012,75,57,4,5,7,131.57894736842107,10.714285714285714
LR Shukla,2013,2013,3,12,0,0,2,25.0,1.5
LR Shukla,2014,2014,31,38,2,1,3,81.57894736842105,10.333333333333334
LRPL Taylor,2007/08,2007,149,81,13,10,4,183.9506172839506,37.25
LRPL Taylor,2009,2009,280,208,20,15,10,134.6153846153846,28.0
LRPL Taylor,2009/10,2009,88,75,2,6,4,117.33333333333333,22.0
LRPL Taylor,2011,2011,181,152,11,7,5,119.07894736842107,36.2
LRPL Taylor,2012,2012,197,171,12,7,11,115.2046783625731,17.90909090909091
LRPL Taylor,2013,2013,63,76,2,1,4,82.89473684210526,15.75
LRPL Taylor,2014,2014,59,59,6,0,3,100.0,19.666666666666668
LS Livingstone,2019,2019,70,48,6,5,3,145.83333333333331,23.333333333333332
LS Livingstone,2021,2021,42,41,3,1,5,102.4390243902439,8.4
LS Livingstone,2022,2022,437,240,29,34,12,182.08333333333334,36.416666666666664
LS Livingstone,2023,2023,279,171,20,19,8,163.1578947368421,34.875
LS Livingstone,2024,2024,111,78,8,7,4,142.30769230769232,27.75
LS Livingstone,2025,2025,112,84,4,9,7,133.33333333333331,16.0
LS Livingstone,2026,2026,15,25,0,1,2,60.0,7.5
Lalit Yadav,2021,2021,68,73,7,0,2,93.15068493150685,34.0
Lalit Yadav,2022,2022,161,146,11,7,6,110.27397260273972,26.833333333333332
Lalit Yadav,2023,2023,66,59,8,0,5,111.86440677966101,13.2
Lalit Yadav,2024,2024,10,12,1,0,2,83.33333333333334,5.0
Liton Das,2023,2023,4,4,1,0,1,100.0,4.0
M Ashwin,2016,2016,0,1,0,0,1,0.0,0.0
M Ashwin,2018,2018,1,2,0,0,1,50.0,1.0
M Ashwin,2019,2019,3,5,0,0,1,60.0,3.0
M Ashwin,2020/21,2020,4,4,0,0,1,100.0,4.0
M Ashwin,2021,2021,15,24,1,0,2,62.5,7.5
M Ashwin,2022,2022,12,14,1,1,2,85.71428571428571,6.0
M Jansen,2021,2021,0,3,0,0,2,0.0,0.0
M Jansen,2022,2022,9,7,0,1,1,128.57142857142858,9.0
M Jansen,2023,2023,39,43,4,0,4,90.69767441860465,9.75
M Jansen,2024,2024,18,13,1,1,1,138.46153846153845,18.0
M Jansen,2025,2025,75,63,3,4,4,119.04761904761905,18.75
M Jansen,2026,2026,49,38,1,3,3,128.94736842105263,16.333333333333332
M Kaif,2007/08,2007,176,171,14,6,9,102.92397660818713,19.555555555555557
M Kaif,2009/10,2009,28,30,2,0,3,93.33333333333333,9.333333333333334
M Kaif,2011,2011,41,33,5,0,3,124.24242424242425,13.666666666666666
M Kaif,2012,2012,14,16,1,0,1,87.5,14.0
M Kartik,2007/08,2007,30,27,3,0,3,111.11111111111111,10.0
M Kartik,2009,2009,21,20,0,0,0,105.0,21.0
M Kartik,2009/10,2009,22,22,2,0,1,100.0,22.0
M Kartik,2011,2011,12,15,1,0,1,80.0,12.0
M Kartik,2012,2012,26,21,1,1,1,123.80952380952381,26.0
M Kartik,2013,2013,2,3,0,0,1,66.66666666666666,2.0
M Klinger,2011,2011,73,77,9,0,4,94.8051948051948,18.25
M Manhas,2009,2009,75,62,7,1,3,120.96774193548387,25.0
M Manhas,2009/10,2009,157,149,14,0,4,105.36912751677852,39.25
M Manhas,2011,2011,114,123,8,4,10,92.6829268292683,11.4
M Manhas,2012,2012,120,96,10,4,4,125.0,30.0
M Manhas,2013,2013,13,17,1,0,0,76.47058823529412,13.0
M Manhas,2014,2014,35,23,3,1,3,152.17391304347828,11.666666666666666
M Markande,2018,2018,21,24,2,0,2,87.5,10.5
M Markande,2019,2019,6,5,1,0,1,120.0,6.0
M Markande,2023,2023,21,13,2,1,0,161.53846153846155,21.0
M Morkel,2009,2009,8,8,1,0,1,100.0,8.0
M Morkel,2009/10,2009,9,16,1,0,2,56.25,4.5
M Morkel,2011,2011,40,25,3,2,2,160.0,20.0
M Morkel,2012,2012,3,5,0,0,1,60.0,3.0
M Morkel,2013,2013,57,29,6,3,5,196.55172413793102,11.4
M Morkel,2014,2014,4,3,0,0,0,133.33333333333331,4.0
M Morkel,2015,2015,4,3,0,0,0,133.33333333333331,4.0
M Morkel,2016,2016,1,1,0,0,0,100.0,1.0
M Muralitharan,2007/08,2007,0,3,0,0,1,0.0,0.0
M Muralitharan,2009,2009,8,8,1,0,2,100.0,4.0
M Muralitharan,2009/10,2009,1,2,0,0,1,50.0,1.0
M Muralitharan,2011,2011,5,8,0,0,0,62.5,5.0
M Muralitharan,2012,2012,6,9,0,0,2,66.66666666666666,3.0
M Ntini,2007/08,2007,11,18,2,0,1,61.111111111111114,11.0
M Prasidh Krishna,2018,2018,1,5,0,0,0,20.0,1.0
M Prasidh Krishna,2019,2019,0,2,0,0,1,0.0,0.0
M Prasidh Krishna,2020/21,2020,2,4,0,0,0,50.0,2.0
M Prasidh Krishna,2021,2021,0,1,0,0,0,0.0,0.0
M Prasidh Krishna,2022,2022,6,12,0,0,1,50.0,6.0
M Rawat,2007/08,2007,34,39,3,1,4,87.17948717948718,8.5
M Rawat,2009,2009,16,19,1,0,0,84.21052631578947,16.0
M Rawat,2013,2013,5,11,0,0,1,45.45454545454545,5.0
M Shahrukh Khan,2021,2021,153,114,9,10,6,134.21052631578948,25.5
M Shahrukh Khan,2022,2022,117,108,4,9,7,108.33333333333333,16.714285714285715
M Shahrukh Khan,2023,2023,156,94,13,9,7,165.95744680851064,22.285714285714285
M Shahrukh Khan,2024,2024,127,75,9,9,4,169.33333333333334,31.75
M Shahrukh Khan,2025,2025,179,100,11,13,6,179.0,29.833333333333332
M Shahrukh Khan,2026,2026,43,33,3,2,3,130.3030303030303,14.333333333333334
M Theekshana,2022,2022,7,7,0,1,1,100.0,7.0
M Theekshana,2025,2025,10,27,0,0,2,37.03703703703704,5.0
M Tiwari,2025,2025,3,4,0,0,1,75.0,3.0
M Vijay,2009,2009,60,67,4,2,4,89.55223880597015,15.0
M Vijay,2009/10,2009,458,292,36,26,11,156.84931506849315,41.63636363636363
M Vijay,2011,2011,434,339,34,20,16,128.023598820059,27.125
M Vijay,2012,2012,336,267,39,10,14,125.84269662921348,24.0
M Vijay,2013,2013,312,286,27,8,12,109.09090909090908,26.0
M Vijay,2014,2014,207,192,20,5,12,107.8125,17.25
M Vijay,2015,2015,251,228,27,8,9,110.08771929824562,27.88888888888889
M Vijay,2016,2016,453,364,50,10,12,124.45054945054946,37.75
M Vijay,2018,2018,12,10,0,1,1,120.0,12.0
M Vijay,2019,2019,64,61,6,1,2,104.91803278688525,32.0
M Vijay,2020/21,2020,32,43,4,0,3,74.4186046511628,10.666666666666666
M Vohra,2013,2013,161,117,22,2,7,137.60683760683762,23.0
M Vohra,2014,2014,324,233,27,16,7,139.0557939914163,46.285714285714285
M Vohra,2015,2015,82,81,4,5,7,101.23456790123457,11.714285714285714
M Vohra,2016,2016,161,131,19,3,8,122.90076335877862,20.125
M Vohra,2017,2017,229,159,23,9,9,144.0251572327044,25.444444444444443
M Vohra,2018,2018,55,47,2,4,4,117.02127659574468,13.75
M Vohra,2021,2021,42,39,5,2,4,107.6923076923077,10.5
M Vohra,2022,2022,19,11,1,2,1,172.72727272727272,19.0
M Vohra,2023,2023,10,11,1,0,1,90.9090909090909,10.0
M de Lange,2014,2014,1,2,0,0,1,50.0,1.0
MA Agarwal,2011,2011,141,120,16,4,7,117.5,20.142857142857142
MA Agarwal,2012,2012,225,158,19,15,11,142.40506329113924,20.454545454545453
MA Agarwal,2013,2013,67,62,6,3,4,108.06451612903226,16.75
MA Agarwal,2014,2014,115,91,12,3,8,126.37362637362637,14.375
MA Agarwal,2015,2015,213,177,23,7,10,120.33898305084745,21.3
MA Agarwal,2016,2016,27,25,3,1,3,108.0,9.0
MA Agarwal,2017,2017,26,27,3,0,3,96.29629629629629,8.666666666666666
MA Agarwal,2018,2018,120,94,9,5,10,127.65957446808511,12.0
MA Agarwal,2019,2019,332,234,26,14,11,141.8803418803419,30.181818181818183
MA Agarwal,2020/21,2020,432,273,46,15,10,158.24175824175825,43.2
MA Agarwal,2021,2021,441,314,42,18,12,140.44585987261146,36.75
MA Agarwal,2022,2022,196,160,23,6,12,122.50000000000001,16.333333333333332
MA Agarwal,2023,2023,270,210,29,6,10,128.57142857142858,27.0
MA Agarwal,2024,2024,64,57,8,1,4,112.28070175438596,16.0
MA Agarwal,2025,2025,95,64,10,2,3,148.4375,31.666666666666668
MA Khote,2007/08,2007,24,22,2,1,2,109.09090909090908,12.0
MA Starc,2014,2014,85,84,9,0,5,101.19047619047619,17.0
MA Starc,2015,2015,11,14,1,0,1,78.57142857142857,11.0
MA Starc,2024,2024,9,11,1,0,2,81.81818181818183,4.5
MA Starc,2025,2025,6,10,0,0,2,60.0,3.0
MA Wood,2018,2018,1,3,0,0,1,33.33333333333333,1.0
MA Wood,2023,2023,11,5,1,1,1,220.00000000000003,11.0
MC Henriques,2009,2009,38,40,2,1,2,95.0,19.0
MC Henriques,2009/10,2009,11,5,2,0,1,220.00000000000003,11.0
MC Henriques,2013,2013,165,125,20,3,4,132.0,41.25
MC Henriques,2014,2014,9,14,1,0,2,64.28571428571429,4.5
MC Henriques,2015,2015,287,211,19,13,7,136.01895734597156,41.0
MC Henriques,2016,2016,182,158,15,6,13,115.18987341772151,14.0
MC Henriques,2017,2017,277,203,28,4,6,136.45320197044336,46.166666666666664
MC Henriques,2021,2021,31,32,0,1,3,96.875,10.333333333333334
MC Juneja,2013,2013,125,128,11,1,7,97.65625,17.857142857142858
MD Choudhary,2026,2026,156,107,9,12,5,145.79439252336448,31.2
MD Mishra,2009/10,2009,166,144,18,6,10,115.27777777777777,16.6
MD Mishra,2011,2011,67,60,5,2,4,111.66666666666667,16.75
MD Mishra,2012,2012,4,4,1,0,1,100.0,4.0
MD Shanaka,2023,2023,26,26,2,1,2,100.0,13.0
MDKJ Perera,2013,2013,14,13,3,0,2,107.6923076923077,7.0
MEK Hussey,2007/08,2007,168,100,12,11,3,168.0,56.0
MEK Hussey,2009/10,2009,37,44,2,0,2,84.0909090909091,18.5
MEK Hussey,2011,2011,492,414,53,6,12,118.84057971014492,41.0
MEK Hussey,2012,2012,261,236,28,8,8,110.59322033898304,32.625
MEK Hussey,2013,2013,733,566,81,17,15,129.5053003533569,48.86666666666667
MEK Hussey,2014,2014,209,182,17,7,8,114.83516483516483,26.125
MEK Hussey,2015,2015,77,70,5,3,4,110.00000000000001,19.25
MF Maharoof,2007/08,2007,125,79,10,7,6,158.22784810126583,20.833333333333332
MF Maharoof,2009,2009,21,21,0,0,1,100.0,21.0
MF Maharoof,2009/10,2009,31,23,2,2,3,134.7826086956522,10.333333333333334
MG Bracewell,2023,2023,58,47,6,1,2,123.40425531914893,29.0
MG Johnson,2013,2013,39,36,2,2,4,108.33333333333333,9.75
MG Johnson,2014,2014,56,50,4,3,3,112.00000000000001,18.666666666666668
MG Johnson,2015,2015,31,36,1,1,5,86.11111111111111,6.2
MG Johnson,2016,2016,5,14,0,0,2,35.714285714285715,2.5
MG Johnson,2017,2017,20,17,1,1,0,117.64705882352942,20.0
MG Johnson,2018,2018,16,11,2,0,0,145.45454545454547,16.0
MJ Clarke,2012,2012,98,94,12,0,5,104.25531914893618,19.6
MJ Guptill,2016,2016,57,55,3,3,3,103.63636363636364,19.0
MJ Guptill,2017,2017,132,88,17,5,6,150.0,22.0
MJ Guptill,2019,2019,82,54,4,7,3,151.85185185185185,27.333333333333332
MJ Henry,2026,2026,7,10,1,0,2,70.0,3.5
MJ Lumb,2009/10,2009,278,192,45,6,9,144.79166666666669,30.88888888888889
MJ Lumb,2011,2011,0,2,0,0,1,0.0,0.0
MJ McClenaghan,2015,2015,13,6,0,2,1,216.66666666666666,13.0
MJ McClenaghan,2016,2016,34,23,2,3,3,147.82608695652172,11.333333333333334
MJ McClenaghan,2017,2017,16,15,0,1,3,106.66666666666667,5.333333333333333
MJ McClenaghan,2018,2018,11,10,1,1,2,110.00000000000001,5.5
MJ McClenaghan,2019,2019,11,16,2,0,2,68.75,5.5
MJ Owen,2025,2025,0,2,0,0,1,0.0,0.0
MJ Santner,2019,2019,32,23,0,3,1,139.1304347826087,32.0
MJ Santner,2022,2022,22,27,3,0,2,81.48148148148148,11.0
MJ Santner,2023,2023,2,4,0,0,0,50.0,2.0
MJ Santner,2024,2024,14,17,1,0,3,82.35294117647058,4.666666666666667
MJ Santner,2025,2025,40,33,2,3,2,121.21212121212122,20.0
MJ Santner,2026,2026,26,19,3,0,0,136.8421052631579,26.0
MJ Suthar,2024,2024,1,2,0,0,1,50.0,1.0
MK Lomror,2018,2018,20,21,1,0,1,95.23809523809523,20.0
MK Lomror,2019,2019,8,3,2,0,1,266.66666666666663,8.0
MK Lomror,2020/21,2020,59,54,2,3,3,109.25925925925925,19.666666666666668
MK Lomror,2021,2021,94,73,3,6,3,128.76712328767124,31.333333333333332
MK Lomror,2022,2022,86,57,7,4,5,150.87719298245614,17.2
MK Lomror,2023,2023,135,97,9,8,7,139.17525773195877,19.285714285714285
MK Lomror,2024,2024,125,68,9,9,9,183.8235294117647,13.88888888888889
MK Pandey,2007/08,2007,3,9,0,0,2,33.33333333333333,1.5
MK Pandey,2009,2009,168,118,17,4,2,142.3728813559322,84.0
MK Pandey,2009/10,2009,249,226,27,7,11,110.17699115044249,22.636363636363637
MK Pandey,2011,2011,246,227,28,6,10,108.37004405286343,24.6
MK Pandey,2012,2012,143,112,12,6,7,127.67857142857142,20.428571428571427
MK Pandey,2013,2013,136,137,11,3,6,99.27007299270073,22.666666666666668
MK Pandey,2014,2014,409,343,35,11,12,119.24198250728864,34.083333333333336
MK Pandey,2015,2015,225,184,22,7,10,122.28260869565217,22.5
MK Pandey,2016,2016,248,183,17,9,8,135.5191256830601,31.0
MK Pandey,2017,2017,396,308,28,12,8,128.57142857142858,49.5
MK Pandey,2018,2018,284,246,22,5,11,115.44715447154472,25.818181818181817
MK Pandey,2019,2019,345,264,34,6,9,130.6818181818182,38.333333333333336
MK Pandey,2020/21,2020,425,333,35,18,13,127.62762762762763,32.69230769230769
MK Pandey,2021,2021,292,236,21,10,6,123.72881355932203,48.666666666666664
MK Pandey,2022,2022,88,80,9,2,6,110.00000000000001,14.666666666666666
MK Pandey,2023,2023,160,146,15,3,10,109.58904109589041,16.0
MK Pandey,2024,2024,42,31,2,2,1,135.48387096774192,42.0
MK Pandey,2025,2025,92,65,5,5,2,141.53846153846155,46.0
MK Tiwary,2007/08,2007,104,85,16,0,3,122.3529411764706,34.666666666666664
MK Tiwary,2009,2009,9,13,1,0,1,69.23076923076923,9.0
MK Tiwary,2009/10,2009,237,186,23,5,10,127.41935483870968,23.7
MK Tiwary,2011,2011,359,325,26,14,8,110.46153846153845,44.875
MK Tiwary,2012,2012,260,246,21,3,10,105.6910569105691,26.0
MK Tiwary,2013,2013,146,140,12,1,8,104.28571428571429,18.25
MK Tiwary,2014,2014,152,118,14,4,6,128.81355932203388,25.333333333333332
MK Tiwary,2015,2015,57,56,8,1,2,101.78571428571428,28.5
MK Tiwary,2017,2017,324,236,31,11,9,137.28813559322032,36.0
MK Tiwary,2018,2018,47,44,4,1,3,106.81818181818181,15.666666666666666
ML Hayden,2007/08,2007,189,131,24,6,2,144.27480916030535,94.5
ML Hayden,2009,2009,572,395,60,22,9,144.81012658227849,63.55555555555556
ML Hayden,2009/10,2009,346,280,37,16,16,123.57142857142858,21.625
MM Ali,2018,2018,77,46,4,6,4,167.3913043478261,19.25
MM Ali,2019,2019,220,133,16,17,6,165.41353383458645,36.666666666666664
MM Ali,2020/21,2020,12,16,1,0,3,75.0,4.0
MM Ali,2021,2021,357,260,31,19,13,137.30769230769232,27.46153846153846
MM Ali,2022,2022,244,177,24,11,10,137.85310734463278,24.4
MM Ali,2023,2023,124,91,12,6,7,136.26373626373626,17.714285714285715
MM Ali,2024,2024,128,98,7,8,5,130.6122448979592,25.6
MM Ali,2025,2025,5,14,0,0,2,35.714285714285715,2.5
MM Patel,2007/08,2007,0,1,0,0,0,0.0,0.0
MM Patel,2009,2009,33,26,5,0,3,126.92307692307692,11.0
MM Patel,2009/10,2009,4,5,0,0,0,80.0,4.0
MM Patel,2011,2011,0,1,0,0,1,0.0,0.0
MM Patel,2012,2012,2,7,0,0,0,28.57142857142857,2.0
MM Patel,2017,2017,0,1,0,0,1,0.0,0.0
MM Sharma,2013,2013,0,5,0,0,1,0.0,0.0
MM Sharma,2014,2014,1,3,0,0,0,33.33333333333333,1.0
MM Sharma,2015,2015,28,18,1,2,2,155.55555555555557,14.0
MM Sharma,2016,2016,32,26,3,1,4,123.07692307692308,8.0
MM Sharma,2017,2017,51,50,4,1,6,102.0,8.5
MM Sharma,2018,2018,10,13,1,0,1,76.92307692307693,10.0
MM Sharma,2019,2019,0,2,0,0,0,0.0,0.0
MM Sharma,2023,2023,0,1,0,0,0,0.0,0.0
MM Sharma,2024,2024,2,15,0,0,2,13.333333333333334,1.0
MM Sharma,2025,2025,1,3,0,0,1,33.33333333333333,1.0
MN Samuels,2012,2012,124,123,7,5,7,100.8130081300813,17.714285714285715
MN Samuels,2013,2013,8,18,1,0,2,44.44444444444444,4.0
MN Samuels,2017,2017,29,31,1,2,3,93.54838709677419,9.666666666666666
MN van Wyk,2009,2009,167,132,19,1,3,126.51515151515152,55.666666666666664
MP Breetzke,2025,2025,14,12,1,1,1,116.66666666666667,14.0
MP Stoinis,2016,2016,146,108,13,4,4,135.1851851851852,36.5
MP Stoinis,2017,2017,17,24,1,0,3,70.83333333333334,5.666666666666667
MP Stoinis,2018,2018,99,76,6,4,4,130.26315789473685,24.75
MP Stoinis,2019,2019,211,156,14,10,4,135.25641025641028,52.75
MP Stoinis,2020/21,2020,352,237,31,16,15,148.52320675105486,23.466666666666665
MP Stoinis,2021,2021,89,72,11,1,4,123.61111111111111,22.25
MP Stoinis,2022,2022,156,106,7,13,7,147.16981132075472,22.285714285714285
MP Stoinis,2023,2023,408,272,28,27,14,150.0,29.142857142857142
MP Stoinis,2024,2024,388,263,39,16,12,147.52851711026616,32.333333333333336
MP Stoinis,2025,2025,160,86,8,15,6,186.04651162790697,26.666666666666668
MP Stoinis,2026,2026,178,93,18,11,4,191.3978494623656,44.5
MP Yadav,2026,2026,5,5,1,0,1,100.0,5.0
MR Marsh,2009/10,2009,28,30,1,1,2,93.33333333333333,14.0
MR Marsh,2011,2011,50,49,2,3,2,102.04081632653062,25.0
MR Marsh,2013,2013,140,106,6,10,7,132.0754716981132,20.0
MR Marsh,2016,2016,7,11,0,0,1,63.63636363636363,7.0
MR Marsh,2020/21,2020,0,1,0,0,1,0.0,0.0
MR Marsh,2022,2022,251,189,19,14,7,132.8042328042328,35.857142857142854
MR Marsh,2023,2023,128,97,11,7,8,131.95876288659792,16.0
MR Marsh,2024,2024,61,38,9,3,4,160.5263157894737,15.25
MR Marsh,2025,2025,627,383,56,37,13,163.7075718015666,48.23076923076923
MR Marsh,2026,2026,256,184,22,14,10,139.1304347826087,25.6
MS Bhandage,2025,2025,1,4,0,0,1,25.0,1.0
MS Bisla,2009/10,2009,218,178,27,6,9,122.47191011235957,24.22222222222222
MS Bisla,2011,2011,72,89,8,0,4,80.89887640449437,18.0
MS Bisla,2012,2012,213,160,16,10,7,133.125,30.428571428571427
MS Bisla,2013,2013,255,236,36,6,14,108.05084745762711,18.214285714285715
MS Bisla,2014,2014,3,9,0,0,1,33.33333333333333,3.0
MS Bisla,2015,2015,37,30,6,1,2,123.33333333333334,18.5
MS Dhoni,2007/08,2007,414,310,38,15,11,133.54838709677418,37.63636363636363
MS Dhoni,2009,2009,332,261,22,9,8,127.20306513409963,41.5
MS Dhoni,2009/10,2009,287,210,26,8,9,136.66666666666666,31.88888888888889
MS Dhoni,2011,2011,392,247,25,23,11,158.70445344129556,35.63636363636363
MS Dhoni,2012,2012,358,278,26,9,11,128.77697841726618,32.54545454545455
MS Dhoni,2013,2013,461,283,32,25,12,162.89752650176678,38.416666666666664
MS Dhoni,2014,2014,371,250,22,20,6,148.4,61.833333333333336
MS Dhoni,2015,2015,372,305,27,17,16,121.96721311475409,23.25
MS Dhoni,2016,2016,284,210,18,14,8,135.23809523809524,35.5
MS Dhoni,2017,2017,290,250,15,16,13,115.99999999999999,22.307692307692307
MS Dhoni,2018,2018,455,302,24,30,7,150.66225165562915,65.0
MS Dhoni,2019,2019,416,309,22,23,6,134.62783171521036,69.33333333333333
MS Dhoni,2020/21,2020,200,172,16,7,8,116.27906976744187,25.0
MS Dhoni,2021,2021,114,107,12,3,8,106.54205607476635,14.25
MS Dhoni,2022,2022,232,188,21,10,8,123.40425531914893,29.0
MS Dhoni,2023,2023,104,57,3,10,4,182.45614035087718,26.0
MS Dhoni,2024,2024,161,73,14,13,3,220.54794520547944,53.666666666666664
MS Dhoni,2025,2025,196,145,12,12,9,135.17241379310346,21.77777777777778
MS Gony,2007/08,2007,35,23,2,3,1,152.17391304347828,35.0
MS Gony,2009,2009,13,7,0,2,2,185.71428571428572,6.5
MS Gony,2009/10,2009,2,6,0,0,1,33.33333333333333,2.0
MS Gony,2011,2011,0,2,0,0,1,0.0,0.0
MS Gony,2012,2012,4,8,0,0,1,50.0,4.0
MS Gony,2013,2013,45,25,4,3,3,180.0,15.0
MS Wade,2011,2011,22,33,0,0,3,66.66666666666666,7.333333333333333
MS Wade,2022,2022,157,138,23,2,9,113.76811594202898,17.444444444444443
MS Wade,2024,2024,4,6,0,0,1,66.66666666666666,4.0
MV Boucher,2007/08,2007,225,177,24,6,8,127.11864406779661,28.125
MV Boucher,2009,2009,150,116,8,6,5,129.31034482758622,30.0
MV Boucher,2009/10,2009,13,10,0,1,1,130.0,13.0
MV Boucher,2011,2011,6,6,0,0,1,100.0,6.0
MW Short,2023,2023,117,92,15,4,6,127.17391304347827,19.5
MW Short,2026,2026,36,37,3,0,2,97.2972972972973,18.0
Mandeep Singh,2009/10,2009,4,11,1,0,2,36.36363636363637,2.0
Mandeep Singh,2011,2011,47,41,4,1,4,114.6341463414634,11.75
Mandeep Singh,2012,2012,432,342,53,7,18,126.3157894736842,24.0
Mandeep Singh,2013,2013,260,223,36,0,12,116.59192825112108,21.666666666666668
Mandeep Singh,2014,2014,24,26,2,0,3,92.3076923076923,8.0
Mandeep Singh,2015,2015,157,100,17,6,7,157.0,22.428571428571427
Mandeep Singh,2017,2017,188,177,21,4,11,106.21468926553672,17.09090909090909
Mandeep Singh,2018,2018,252,186,16,11,9,135.48387096774192,28.0
Mandeep Singh,2019,2019,165,120,10,4,5,137.5,33.0
Mandeep Singh,2020/21,2020,130,109,10,4,6,119.26605504587155,21.666666666666668
Mandeep Singh,2021,2021,15,14,2,0,1,107.14285714285714,15.0
Mandeep Singh,2022,2022,18,23,4,0,3,78.26086956521739,6.0
Mandeep Singh,2023,2023,14,16,0,1,3,87.5,4.666666666666667
Mashrafe Mortaza,2009,2009,2,2,0,0,0,100.0,2.0
Mayank Dagar,2024,2024,0,1,0,0,0,0.0,0.0
Misbah-ul-Haq,2007/08,2007,117,81,10,6,9,144.44444444444443,13.0
Mohammad Ashraful,2009,2009,2,10,0,0,1,20.0,2.0
Mohammad Asif,2007/08,2007,3,6,0,0,2,50.0,1.5
Mohammad Hafeez,2007/08,2007,64,83,7,2,8,77.10843373493977,8.0
Mohammad Nabi,2017,2017,2,3,0,0,1,66.66666666666666,2.0
Mohammad Nabi,2018,2018,18,12,3,0,2,150.0,9.0
Mohammad Nabi,2019,2019,121,78,8,8,6,155.12820512820514,20.166666666666668
Mohammad Nabi,2020/21,2020,11,8,2,0,1,137.5,11.0
Mohammad Nabi,2021,2021,34,20,3,2,3,170.0,11.333333333333334
Mohammad Nabi,2024,2024,35,31,2,2,4,112.90322580645163,8.75
Mohammed Shami,2013,2013,5,10,0,0,1,50.0,5.0
Mohammed Shami,2014,2014,3,7,0,0,2,42.857142857142854,1.5
Mohammed Shami,2016,2016,2,4,0,0,0,50.0,2.0
Mohammed Shami,2017,2017,36,24,4,2,4,150.0,9.0
Mohammed Shami,2018,2018,7,6,1,0,1,116.66666666666667,7.0
Mohammed Shami,2019,2019,1,2,0,0,1,50.0,1.0
Mohammed Shami,2020/21,2020,2,3,0,0,1,66.66666666666666,2.0
Mohammed Shami,2021,2021,13,17,0,0,1,76.47058823529412,13.0
Mohammed Shami,2023,2023,5,6,1,0,2,83.33333333333334,2.5
Mohammed Shami,2025,2025,10,10,1,0,1,100.0,10.0
Mohammed Shami,2026,2026,31,21,2,3,4,147.61904761904762,7.75
Mohammed Siraj,2018,2018,25,22,2,1,2,113.63636363636364,12.5
Mohammed Siraj,2019,2019,4,14,0,0,2,28.57142857142857,2.0
Mohammed Siraj,2020/21,2020,17,14,2,0,1,121.42857142857142,17.0
Mohammed Siraj,2021,2021,20,26,1,1,1,76.92307692307693,20.0
Mohammed Siraj,2022,2022,30,33,5,0,2,90.9090909090909,15.0
Mohammed Siraj,2023,2023,1,2,0,0,1,50.0,1.0
Mohammed Siraj,2024,2024,12,8,0,2,1,150.0,12.0
Mohammed Siraj,2025,2025,3,4,0,0,0,75.0,3.0
Mohammed Siraj,2026,2026,0,3,0,0,1,0.0,0.0
Mohit Rathee,2023,2023,1,2,0,0,0,50.0,1.0
Mohsin Khan,2022,2022,23,16,2,1,1,143.75,23.0
Mohsin Khan,2023,2023,0,7,0,0,1,0.0,0.0
Mohsin Khan,2024,2024,2,1,0,0,0,200.0,2.0
Mohsin Khan,2026,2026,0,4,0,0,2,0.0,0.0
Mujeeb Ur Rahman,2018,2018,10,7,2,0,1,142.85714285714286,10.0
Mujeeb Ur Rahman,2019,2019,0,4,0,0,1,0.0,0.0
Mujeeb Ur Rahman,2020/21,2020,1,3,0,0,1,33.33333333333333,1.0
Mujeeb Ur Rahman,2021,2021,1,1,0,0,0,100.0,1.0
Mukesh Choudhary,2022,2022,6,6,1,0,0,100.0,6.0
Mukesh Kumar,2023,2023,7,9,0,0,0,77.77777777777779,7.0
Mukesh Kumar,2024,2024,3,9,0,0,1,33.33333333333333,3.0
Musheer Khan,2025,2025,0,3,0,0,1,0.0,0.0
Mustafizur Rahman,2018,2018,1,3,0,0,1,33.33333333333333,1.0
Mustafizur Rahman,2021,2021,8,14,0,1,0,57.14285714285714,8.0
Mustafizur Rahman,2022,2022,3,5,0,0,0,60.0,3.0
Mustafizur Rahman,2023,2023,1,1,0,0,0,100.0,1.0
Mustafizur Rahman,2025,2025,0,1,0,0,1,0.0,0.0
N Burger,2026,2026,3,5,0,0,0,60.0,3.0
N Jagadeesan,2020/21,2020,33,29,4,0,2,113.79310344827587,16.5
N Jagadeesan,2022,2022,40,37,3,1,1,108.10810810810811,40.0
N Jagadeesan,2023,2023,89,81,14,1,6,109.87654320987654,14.833333333333334
N Pooran,2019,2019,168,107,10,14,6,157.00934579439252,28.0
N Pooran,2020/21,2020,353,210,23,25,13,168.0952380952381,27.153846153846153
N Pooran,2021,2021,85,76,3,5,10,111.8421052631579,8.5
N Pooran,2022,2022,306,212,16,21,8,144.33962264150944,38.25
N Pooran,2023,2023,358,207,26,26,11,172.94685990338164,32.54545454545455
N Pooran,2024,2024,499,280,35,36,8,178.21428571428572,62.375
N Pooran,2025,2025,524,267,45,40,11,196.25468164794006,47.63636363636363
N Pooran,2026,2026,145,123,6,12,10,117.88617886178862,14.5
N Rana,2016,2016,104,75,7,8,3,138.66666666666669,34.666666666666664
N Rana,2017,2017,333,264,24,17,12,126.13636363636364,27.75
N Rana,2018,2018,304,232,26,14,15,131.0344827586207,20.266666666666666
N Rana,2019,2019,344,235,27,21,10,146.38297872340425,34.4
N Rana,2020/21,2020,352,254,43,12,13,138.58267716535434,27.076923076923077
N Rana,2021,2021,383,314,34,17,13,121.97452229299364,29.46153846153846
N Rana,2022,2022,361,251,29,22,13,143.82470119521912,27.76923076923077
N Rana,2023,2023,413,293,39,20,13,140.9556313993174,31.76923076923077
N Rana,2024,2024,42,34,5,1,2,123.52941176470588,21.0
N Rana,2025,2025,217,134,27,9,9,161.94029850746267,24.11111111111111
N Rana,2026,2026,217,139,26,10,8,156.11510791366908,27.125
N Saini,2012,2012,140,141,16,0,11,99.29078014184397,12.727272727272727
N Sindhu,2026,2026,15,11,0,1,1,136.36363636363635,15.0
N Wadhera,2023,2023,241,166,23,12,9,145.18072289156626,26.77777777777778
N Wadhera,2024,2024,109,84,9,6,6,129.76190476190476,18.166666666666668
N Wadhera,2025,2025,369,253,28,21,11,145.8498023715415,33.54545454545455
N Wadhera,2026,2026,65,57,4,4,6,114.03508771929825,10.833333333333334
ND Doshi,2011,2011,0,13,0,0,1,0.0,0.0
NJ Maddinson,2014,2014,16,14,3,0,2,114.28571428571428,8.0
NJ Maddinson,2015,2015,4,7,1,0,1,57.14285714285714,4.0
NJ Rimmington,2011,2011,1,1,0,0,0,100.0,1.0
NK Patel,2007/08,2007,103,81,13,1,3,127.16049382716051,34.333333333333336
NK Patel,2009,2009,18,38,1,0,2,47.368421052631575,9.0
NL McCullum,2011,2011,26,22,0,1,3,118.18181818181819,8.666666666666666
NLTC Perera,2011,2011,23,27,4,0,2,85.18518518518519,11.5
NLTC Perera,2012,2012,4,9,0,0,1,44.44444444444444,4.0
NLTC Perera,2013,2013,235,165,12,14,12,142.42424242424244,19.583333333333332
NLTC Perera,2015,2015,12,15,0,1,2,80.0,6.0
NLTC Perera,2016,2016,150,93,7,11,7,161.29032258064515,21.428571428571427
NM Coulter-Nile,2013,2013,9,6,0,1,1,150.0,9.0
NM Coulter-Nile,2015,2015,20,18,2,1,3,111.11111111111111,6.666666666666667
NM Coulter-Nile,2016,2016,9,14,1,0,0,64.28571428571429,9.0
NM Coulter-Nile,2017,2017,14,12,0,2,3,116.66666666666667,4.666666666666667
NM Coulter-Nile,2020/21,2020,25,15,4,0,1,166.66666666666669,25.0
NM Coulter-Nile,2021,2021,4,5,0,0,2,80.0,2.0
NM Coulter-Nile,2022,2022,1,2,0,0,0,50.0,1.0
NS Naik,2016,2016,23,31,1,0,2,74.19354838709677,11.5
NS Naik,2019,2019,7,16,1,0,1,43.75,7.0
NS Naik,2020/21,2020,1,3,0,0,1,33.33333333333333,1.0
NT Ellis,2021,2021,18,16,0,1,1,112.5,18.0
NT Ellis,2022,2022,0,2,0,0,1,0.0,0.0
NT Ellis,2023,2023,1,7,0,0,2,14.285714285714285,0.5
NV Ojha,2009,2009,168,144,11,11,7,116.66666666666667,24.0
NV Ojha,2009/10,2009,377,285,42,15,12,132.28070175438594,31.416666666666668
NV Ojha,2011,2011,160,161,11,11,13,99.37888198757764,12.307692307692308
NV Ojha,2012,2012,255,224,21,13,11,113.83928571428572,23.181818181818183
NV Ojha,2013,2013,9,10,1,0,1,90.0,9.0
NV Ojha,2014,2014,232,161,14,17,6,144.09937888198758,38.666666666666664
NV Ojha,2015,2015,137,121,12,4,9,113.22314049586777,15.222222222222221
NV Ojha,2016,2016,136,138,7,5,10,98.55072463768117,13.6
NV Ojha,2017,2017,79,65,2,3,4,121.53846153846153,19.75
NV Ojha,2018,2018,1,4,0,0,1,25.0,1.0
Naman Dhir,2024,2024,140,79,12,10,6,177.2151898734177,23.333333333333332
Naman Dhir,2025,2025,252,138,25,13,8,182.6086956521739,31.5
Naman Dhir,2026,2026,256,170,25,10,8,150.58823529411765,32.0
Navdeep Saini,2019,2019,2,4,0,0,1,50.0,2.0
Navdeep Saini,2020/21,2020,27,27,3,0,1,100.0,27.0
Navdeep Saini,2021,2021,2,4,0,0,1,50.0,2.0
Navdeep Saini,2022,2022,2,2,0,0,1,100.0,2.0
Naveen-ul-Haq,2023,2023,16,21,2,0,2,76.19047619047619,8.0
Naveen-ul-Haq,2024,2024,2,4,0,0,0,50.0,2.0
Nithish Kumar Reddy,2024,2024,303,212,15,21,9,142.9245283018868,33.666666666666664
Nithish Kumar Reddy,2025,2025,182,153,16,4,9,118.95424836601308,20.22222222222222
Nithish Kumar Reddy,2026,2026,222,133,14,16,7,166.91729323308272,31.714285714285715
Noor Ahmad,2023,2023,8,9,1,0,2,88.88888888888889,4.0
Noor Ahmad,2024,2024,5,9,1,0,2,55.55555555555556,2.5
Noor Ahmad,2025,2025,7,17,0,0,4,41.17647058823529,1.75
Noor Ahmad,2026,2026,10,18,0,1,2,55.55555555555556,5.0
OA Shah,2009/10,2009,115,95,7,5,3,121.05263157894737,38.333333333333336
OA Shah,2011,2011,26,15,1,2,1,173.33333333333334,26.0
OA Shah,2012,2012,340,256,24,16,7,132.8125,48.57142857142857
OA Shah,2013,2013,25,23,2,0,2,108.69565217391303,12.5
OC McCoy,2022,2022,8,5,0,1,0,160.0,8.0
OF Smith,2022,2022,51,44,1,5,3,115.90909090909092,17.0
P Awana,2012,2012,4,5,0,0,0,80.0,4.0
P Awana,2013,2013,1,9,0,0,3,11.11111111111111,0.3333333333333333
P Chopra,2018,2018,8,6,2,0,1,133.33333333333331,8.0
P Dogra,2009/10,2009,107,106,4,5,6,100.9433962264151,17.833333333333332
P Dogra,2012,2012,15,24,0,0,5,62.5,3.0
P Dogra,2013,2013,5,8,0,0,1,62.5,5.0
P Dubey,2020/21,2020,7,13,0,0,0,53.84615384615385,7.0
P Dubey,2023,2023,16,20,2,0,1,80.0,16.0
P Kumar,2007/08,2007,112,98,10,6,9,114.28571428571428,12.444444444444445
P Kumar,2009,2009,65,46,1,6,5,141.30434782608697,13.0
P Kumar,2009/10,2009,4,8,0,0,2,50.0,2.0
P Kumar,2011,2011,27,31,2,1,3,87.09677419354838,9.0
P Kumar,2012,2012,35,30,2,1,2,116.66666666666667,17.5
P Kumar,2013,2013,47,39,3,3,5,120.51282051282051,9.4
P Kumar,2014,2014,1,2,0,0,1,50.0,1.0
P Kumar,2015,2015,17,25,1,0,2,68.0,8.5
P Kumar,2016,2016,24,26,3,0,4,92.3076923076923,6.0
P Kumar,2017,2017,8,9,0,0,1,88.88888888888889,8.0
P Negi,2012,2012,36,29,4,1,2,124.13793103448276,18.0
P Negi,2015,2015,116,73,10,5,6,158.9041095890411,19.333333333333332
P Negi,2016,2016,57,59,2,3,3,96.61016949152543,19.0
P Negi,2017,2017,144,111,10,7,9,129.72972972972974,16.0
P Negi,2018,2018,3,5,0,0,2,60.0,1.5
P Negi,2019,2019,9,12,1,0,4,75.0,2.25
P Nissanka,2026,2026,228,146,28,9,9,156.16438356164383,25.333333333333332
P Parameswaran,2011,2011,1,1,0,0,0,100.0,1.0
P Parameswaran,2012,2012,0,1,0,0,0,0.0,0.0
P Ray Barman,2019,2019,19,24,2,0,1,79.16666666666666,19.0
P Sahu,2016,2016,19,13,1,1,0,146.15384615384613,19.0
P Simran Singh,2019,2019,16,17,1,1,1,94.11764705882352,16.0
P Simran Singh,2020/21,2020,15,15,2,0,2,100.0,7.5
P Simran Singh,2021,2021,19,23,1,1,2,82.6086956521739,9.5
P Simran Singh,2022,2022,14,11,2,0,1,127.27272727272727,14.0
P Simran Singh,2023,2023,358,238,38,19,15,150.42016806722688,23.866666666666667
P Simran Singh,2024,2024,334,213,34,20,14,156.80751173708921,23.857142857142858
P Simran Singh,2025,2025,599,370,63,30,17,161.89189189189187,35.23529411764706
P Simran Singh,2026,2026,364,211,39,17,8,172.51184834123222,45.5
PA Patel,2007/08,2007,302,297,42,3,11,101.68350168350169,27.454545454545453
PA Patel,2009,2009,142,126,19,2,8,112.6984126984127,17.75
PA Patel,2009/10,2009,72,79,6,2,5,91.13924050632912,14.4
PA Patel,2011,2011,202,183,25,2,9,110.38251366120218,22.444444444444443
PA Patel,2012,2012,194,165,19,4,12,117.57575757575758,16.166666666666668
PA Patel,2013,2013,294,255,37,4,13,115.29411764705881,22.615384615384617
PA Patel,2014,2014,205,185,30,1,9,110.8108108108108,22.77777777777778
PA Patel,2015,2015,339,246,47,5,12,137.80487804878047,28.25
PA Patel,2016,2016,177,152,23,4,10,116.44736842105263,17.7
PA Patel,2017,2017,395,293,49,8,18,134.8122866894198,21.944444444444443
PA Patel,2018,2018,153,109,20,4,5,140.36697247706422,30.6
PA Patel,2019,2019,373,268,48,10,15,139.17910447761196,24.866666666666667
PA Reddy,2012,2012,73,59,6,2,3,123.72881355932203,24.333333333333332
PA Reddy,2013,2013,91,101,9,0,7,90.0990099009901,13.0
PBB Rajapaksa,2022,2022,206,129,16,13,9,159.68992248062014,22.88888888888889
PBB Rajapaksa,2023,2023,71,62,6,2,3,114.51612903225808,23.666666666666668
PC Valthaty,2009,2009,6,12,1,0,2,50.0,3.0
PC Valthaty,2011,2011,463,338,56,20,13,136.98224852071007,35.61538461538461
PC Valthaty,2012,2012,30,51,4,0,6,58.82352941176471,5.0
PC Valthaty,2013,2013,6,17,0,0,1,35.294117647058826,6.0
PD Collingwood,2009/10,2009,203,156,9,13,4,130.12820512820514,50.75
PD Salt,2023,2023,218,133,24,10,8,163.90977443609023,27.25
PD Salt,2024,2024,435,239,50,24,12,182.0083682008368,36.25
PD Salt,2025,2025,403,229,48,22,12,175.9825327510917,33.583333333333336
PD Salt,2026,2026,202,120,16,11,6,168.33333333333334,33.666666666666664
PHKD Mendis,2025,2025,92,69,7,2,4,133.33333333333331,23.0
PJ Cummins,2015,2015,0,2,0,0,1,0.0,0.0
PJ Cummins,2017,2017,77,53,5,4,5,145.2830188679245,15.4
PJ Cummins,2020/21,2020,146,114,9,8,7,128.0701754385965,20.857142857142858
PJ Cummins,2021,2021,93,56,5,8,5,166.07142857142858,18.6
PJ Cummins,2022,2022,63,24,5,6,4,262.5,15.75
PJ Cummins,2024,2024,136,95,9,8,7,143.1578947368421,19.428571428571427
PJ Cummins,2025,2025,97,58,6,7,4,167.24137931034483,24.25
PJ Cummins,2026,2026,10,8,0,1,1,125.0,10.0
PJ Sangwan,2007/08,2007,2,5,0,0,2,40.0,1.0
PJ Sangwan,2009,2009,6,10,0,0,2,60.0,3.0
PJ Sangwan,2009/10,2009,10,14,0,0,0,71.42857142857143,10.0
PJ Sangwan,2013,2013,4,2,1,0,0,200.0,4.0
PJ Sangwan,2017,2017,2,4,0,0,2,50.0,1.0
PJ Sangwan,2018,2018,0,4,0,0,1,0.0,0.0
PJ Sangwan,2022,2022,2,5,0,0,1,40.0,2.0
PK Garg,2020/21,2020,133,111,9,4,9,119.81981981981981,14.777777777777779
PK Garg,2021,2021,72,74,2,3,5,97.2972972972973,14.4
PK Garg,2022,2022,46,33,4,2,2,139.3939393939394,23.0
PK Garg,2023,2023,22,23,1,0,3,95.65217391304348,7.333333333333333
PM Sarvesh Kumar,2007/08,2007,1,2,0,0,0,50.0,1.0
PN Mankad,2022,2022,4,1,1,0,0,400.0,4.0
PN Mankad,2023,2023,93,72,12,2,3,129.16666666666669,31.0
PP Chawla,2007/08,2007,90,59,10,3,4,152.54237288135593,22.5
PP Chawla,2009,2009,31,36,3,0,3,86.11111111111111,10.333333333333334
PP Chawla,2009/10,2009,62,60,7,0,5,103.33333333333334,12.4
PP Chawla,2011,2011,48,55,2,2,4,87.27272727272727,12.0
PP Chawla,2012,2012,106,88,9,4,8,120.45454545454545,13.25
PP Chawla,2013,2013,64,57,5,3,6,112.28070175438596,10.666666666666666
PP Chawla,2014,2014,31,19,4,1,3,163.1578947368421,10.333333333333334
PP Chawla,2015,2015,54,47,5,2,5,114.89361702127661,10.8
PP Chawla,2016,2016,27,26,4,0,3,103.84615384615385,9.0
PP Chawla,2017,2017,2,6,0,0,1,33.33333333333333,2.0
PP Chawla,2018,2018,27,34,1,1,4,79.41176470588235,6.75
PP Chawla,2019,2019,42,37,4,2,4,113.51351351351352,10.5
PP Chawla,2021,2021,0,2,0,0,1,0.0,0.0
PP Chawla,2023,2023,25,22,1,1,2,113.63636363636364,12.5
PP Chawla,2024,2024,15,15,1,1,4,100.0,3.75
PP Hinge,2026,2026,0,1,0,0,0,0.0,0.0
PP Ojha,2007/08,2007,2,4,0,0,1,50.0,2.0
PP Ojha,2009,2009,1,7,0,0,3,14.285714285714285,0.3333333333333333
PP Ojha,2009/10,2009,3,8,0,0,3,37.5,1.0
PP Ojha,2012,2012,4,14,0,0,1,28.57142857142857,4.0
PP Ojha,2013,2013,2,4,0,0,1,50.0,2.0
PP Ojha,2014,2014,4,8,0,0,1,50.0,4.0
PP Shaw,2018,2018,245,160,27,10,9,153.125,27.22222222222222
PP Shaw,2019,2019,353,264,45,9,15,133.71212121212122,23.533333333333335
PP Shaw,2020/21,2020,228,167,27,8,13,136.52694610778445,17.53846153846154
PP Shaw,2021,2021,479,301,56,18,14,159.13621262458472,34.214285714285715
PP Shaw,2022,2022,283,185,37,10,10,152.97297297297297,28.3
PP Shaw,2023,2023,106,85,16,1,8,124.70588235294117,13.25
PP Shaw,2024,2024,198,121,30,5,8,163.63636363636365,24.75
PR Shah,2007/08,2007,34,35,4,0,4,97.14285714285714,8.5
PR Shah,2009,2009,53,51,4,2,3,103.921568627451,17.666666666666668
PR Shah,2011,2011,5,5,1,0,1,100.0,5.0
PR Veer,2026,2026,49,36,7,1,1,136.11111111111111,49.0
PSP Handscomb,2016,2016,6,12,0,0,1,50.0,6.0
PV Tambe,2013,2013,3,6,0,0,0,50.0,3.0
PV Tambe,2014,2014,5,9,0,0,1,55.55555555555556,5.0
PV Tambe,2015,2015,3,5,0,0,0,60.0,3.0
PV Tambe,2016,2016,7,19,1,0,0,36.84210526315789,7.0
PVD Chameera,2022,2022,43,28,3,3,3,153.57142857142858,14.333333333333334
PVD Chameera,2025,2025,10,14,0,0,0,71.42857142857143,10.0
PVD Chameera,2026,2026,0,3,0,0,0,0.0,0.0
PVSN Raju,2025,2025,1,1,0,0,0,100.0,1.0
PWA Mulder,2025,2025,9,11,1,0,1,81.81818181818183,9.0
PWH de Silva,2021,2021,1,2,0,0,1,50.0,1.0
PWH de Silva,2022,2022,38,43,4,1,7,88.37209302325581,5.428571428571429
PWH de Silva,2023,2023,33,28,3,0,2,117.85714285714286,16.5
PWH de Silva,2025,2025,9,15,0,0,5,60.0,1.8
Pankaj Singh,2007/08,2007,5,8,0,0,0,62.5,5.0
Pankaj Singh,2009,2009,1,2,0,0,1,50.0,1.0
Pankaj Singh,2009/10,2009,1,2,0,0,1,50.0,1.0
Parvez Rasool,2013,2013,5,9,0,0,1,55.55555555555556,5.0
Parvez Rasool,2015,2015,2,2,0,0,0,100.0,2.0
Parvez Rasool,2016,2016,10,9,1,0,1,111.11111111111111,10.0
Prince Yadav,2025,2025,5,10,0,0,0,50.0,5.0
Prince Yadav,2026,2026,0,1,0,0,0,0.0,0.0
Priyansh Arya,2025,2025,545,299,60,31,18,182.2742474916388,30.27777777777778
Priyansh Arya,2026,2026,286,118,21,26,9,242.37288135593224,31.77777777777778
Q de Kock,2013,2013,6,15,1,0,3,40.0,2.0
Q de Kock,2014,2014,153,130,19,4,6,117.6923076923077,25.5
Q de Kock,2015,2015,122,77,18,4,3,158.44155844155844,40.666666666666664
Q de Kock,2016,2016,445,327,52,13,13,136.085626911315,34.23076923076923
Q de Kock,2018,2018,201,162,20,8,7,124.07407407407408,28.714285714285715
Q de Kock,2019,2019,529,398,45,25,14,132.9145728643216,37.785714285714285
Q de Kock,2020/21,2020,506,361,46,22,15,140.16620498614958,33.733333333333334
Q de Kock,2021,2021,297,256,29,7,10,116.015625,29.7
Q de Kock,2022,2022,508,341,47,23,15,148.97360703812316,33.86666666666667
Q de Kock,2023,2023,143,102,10,8,4,140.19607843137254,35.75
Q de Kock,2024,2024,250,186,29,9,11,134.40860215053763,22.727272727272727
Q de Kock,2025,2025,152,117,9,11,7,129.9145299145299,21.714285714285715
Q de Kock,2026,2026,132,81,9,9,2,162.96296296296296,66.0
R Ashwin,2009,2009,8,15,1,0,1,53.333333333333336,8.0
R Ashwin,2009/10,2009,30,40,2,0,3,75.0,10.0
R Ashwin,2011,2011,2,6,0,0,2,33.33333333333333,1.0
R Ashwin,2012,2012,18,15,2,0,3,120.0,6.0
R Ashwin,2013,2013,35,49,4,0,4,71.42857142857143,8.75
R Ashwin,2014,2014,45,45,4,0,2,100.0,22.5
R Ashwin,2015,2015,52,32,6,1,3,162.5,17.333333333333332
R Ashwin,2016,2016,41,38,3,1,2,107.89473684210526,20.5
R Ashwin,2018,2018,102,71,7,5,8,143.66197183098592,12.75
R Ashwin,2019,2019,42,28,3,3,5,150.0,8.4
R Ashwin,2020/21,2020,37,34,3,1,3,108.8235294117647,12.333333333333334
R Ashwin,2021,2021,44,42,2,1,3,104.76190476190477,14.666666666666666
R Ashwin,2022,2022,191,135,14,9,8,141.48148148148147,23.875
R Ashwin,2023,2023,67,51,5,3,5,131.37254901960785,13.4
R Ashwin,2024,2024,86,74,5,4,6,116.21621621621621,14.333333333333334
R Ashwin,2025,2025,33,30,3,1,4,110.00000000000001,8.25
R Bhatia,2007/08,2007,34,28,2,2,2,121.42857142857142,17.0
R Bhatia,2009,2009,8,18,1,0,5,44.44444444444444,1.6
R Bhatia,2009/10,2009,24,17,1,2,3,141.1764705882353,8.0
R Bhatia,2011,2011,25,22,3,0,2,113.63636363636364,12.5
R Bhatia,2012,2012,35,28,4,0,3,125.0,11.666666666666666
R Bhatia,2013,2013,99,80,8,3,6,123.75,16.5
R Bhatia,2014,2014,67,53,4,3,5,126.41509433962264,13.4
R Bhatia,2015,2015,0,1,0,0,1,0.0,0.0
R Bhatia,2016,2016,34,20,1,2,1,170.0,34.0
R Bhatia,2017,2017,16,17,0,1,1,94.11764705882352,16.0
R Bishnoi,2009,2009,19,17,1,2,3,111.76470588235294,6.333333333333333
R Dhawan,2013,2013,21,21,3,0,3,100.0,7.0
R Dhawan,2014,2014,82,75,8,1,2,109.33333333333333,41.0
R Dhawan,2015,2015,36,33,2,2,2,109.09090909090908,18.0
R Dhawan,2016,2016,14,6,0,1,0,233.33333333333334,14.0
R Dhawan,2022,2022,37,40,4,2,2,92.5,18.5
R Dhawan,2023,2023,20,12,1,1,1,166.66666666666669,20.0
R Dravid,2007/08,2007,371,298,35,11,14,124.496644295302,26.5
R Dravid,2009,2009,271,234,28,3,11,115.81196581196582,24.636363636363637
R Dravid,2009/10,2009,256,199,34,3,9,128.643216080402,28.444444444444443
R Dravid,2011,2011,343,314,45,2,11,109.23566878980893,31.181818181818183
R Dravid,2012,2012,462,412,63,4,16,112.13592233009709,28.875
R Dravid,2013,2013,471,425,64,5,16,110.8235294117647,29.4375
R McLaren,2009/10,2009,66,69,7,0,3,95.65217391304348,22.0
R McLaren,2011,2011,90,96,7,1,3,93.75,30.0
R McLaren,2013,2013,3,6,0,0,2,50.0,1.5
R Minz,2025,2025,6,15,0,0,2,40.0,3.0
R Minz,2026,2026,6,4,1,0,1,150.0,6.0
R Ninan,2011,2011,3,6,0,0,1,50.0,3.0
R Parag,2019,2019,160,126,17,5,4,126.98412698412697,40.0
R Parag,2020/21,2020,86,77,6,3,6,111.68831168831169,14.333333333333334
R Parag,2021,2021,93,83,6,4,8,112.04819277108433,11.625
R Parag,2022,2022,183,132,11,10,11,138.63636363636365,16.636363636363637
R Parag,2023,2023,78,66,4,5,6,118.18181818181819,13.0
R Parag,2024,2024,573,384,40,33,12,149.21875,47.75
R Parag,2025,2025,397,238,28,27,13,166.80672268907563,30.53846153846154
R Parag,2026,2026,207,144,16,12,9,143.75,23.0
R Powell,2022,2022,250,167,10,22,11,149.7005988023952,22.727272727272727
R Powell,2023,2023,7,9,1,0,3,77.77777777777779,2.3333333333333335
R Powell,2024,2024,103,68,10,6,6,151.47058823529412,17.166666666666668
R Powell,2025,2025,5,5,1,0,1,100.0,5.0
R Powell,2026,2026,121,90,9,7,3,134.44444444444446,40.333333333333336
R Rampaul,2013,2013,38,37,3,1,4,102.7027027027027,9.5
R Rampaul,2014,2014,13,13,0,1,1,100.0,13.0
R Ravindra,2024,2024,222,138,22,12,9,160.8695652173913,24.666666666666668
R Ravindra,2025,2025,191,149,18,4,7,128.18791946308724,27.285714285714285
R Sai Kishore,2024,2024,13,6,0,2,1,216.66666666666666,13.0
R Sai Kishore,2025,2025,5,10,0,0,2,50.0,2.5
R Sanjay Yadav,2022,2022,0,2,0,0,1,0.0,0.0
R Sathish,2009/10,2009,112,96,11,0,6,116.66666666666667,18.666666666666668
R Sathish,2011,2011,25,34,1,0,2,73.52941176470588,12.5
R Sathish,2013,2013,109,77,9,5,5,141.55844155844156,21.8
R Sathish,2016,2016,24,24,1,1,3,100.0,8.0
R Sharma,2009/10,2009,29,26,3,1,3,111.53846153846155,9.666666666666666
R Sharma,2011,2011,24,21,1,2,2,114.28571428571428,12.0
R Sharma,2012,2012,2,11,0,0,3,18.181818181818183,0.6666666666666666
R Sharma,2013,2013,11,17,1,0,3,64.70588235294117,3.6666666666666665
R Shepherd,2022,2022,58,41,2,5,3,141.46341463414635,19.333333333333332
R Shepherd,2023,2023,0,1,0,0,1,0.0,0.0
R Shepherd,2024,2024,57,21,5,5,2,271.42857142857144,28.5
R Shepherd,2025,2025,70,24,5,7,2,291.66666666666663,35.0
R Shepherd,2026,2026,56,40,3,4,3,140.0,18.666666666666668
R Shukla,2013,2013,1,2,0,0,0,50.0,1.0
R Shukla,2014,2014,18,21,2,0,2,85.71428571428571,9.0
R Smaran,2026,2026,4,4,1,0,1,100.0,4.0
R Tewatia,2014,2014,16,13,0,1,1,123.07692307692308,16.0
R Tewatia,2017,2017,19,11,4,0,1,172.72727272727272,19.0
R Tewatia,2018,2018,50,43,5,1,4,116.27906976744187,12.5
R Tewatia,2019,2019,26,22,2,1,1,118.18181818181819,26.0
R Tewatia,2020/21,2020,255,183,13,17,6,139.34426229508196,42.5
R Tewatia,2021,2021,155,147,11,6,11,105.44217687074831,14.090909090909092
R Tewatia,2022,2022,217,147,22,9,7,147.61904761904762,31.0
R Tewatia,2023,2023,87,57,3,7,4,152.63157894736844,21.75
R Tewatia,2024,2024,188,129,24,5,8,145.73643410852713,23.5
R Tewatia,2025,2025,99,59,6,7,6,167.79661016949152,16.5
R Tewatia,2026,2026,78,65,8,1,3,120.0,26.0
R Vinay Kumar,2007/08,2007,25,22,2,1,3,113.63636363636364,8.333333333333334
R Vinay Kumar,2009,2009,47,44,4,1,4,106.81818181818181,11.75
R Vinay Kumar,2009/10,2009,27,32,1,0,3,84.375,9.0
R Vinay Kumar,2011,2011,50,47,4,1,6,106.38297872340425,8.333333333333334
R Vinay Kumar,2012,2012,68,62,3,2,5,109.6774193548387,13.6
R Vinay Kumar,2013,2013,70,44,6,3,1,159.0909090909091,70.0
R Vinay Kumar,2014,2014,4,6,0,0,2,66.66666666666666,2.0
R Vinay Kumar,2015,2015,0,2,0,0,1,0.0,0.0
R Vinay Kumar,2016,2016,13,12,0,1,1,108.33333333333333,13.0
R Vinay Kumar,2018,2018,6,3,1,0,0,200.0,6.0
RA Bawa,2022,2022,11,14,1,0,2,78.57142857142857,5.5
RA Bawa,2025,2025,8,4,0,0,0,200.0,8.0
RA Jadeja,2007/08,2007,135,103,11,6,7,131.06796116504856,19.285714285714285
RA Jadeja,2009,2009,295,266,21,6,12,110.90225563909775,24.583333333333332
RA Jadeja,2011,2011,283,228,20,14,9,124.12280701754386,31.444444444444443
RA Jadeja,2012,2012,191,151,13,9,12,126.49006622516556,15.916666666666666
RA Jadeja,2013,2013,201,135,17,6,9,148.88888888888889,22.333333333333332
RA Jadeja,2014,2014,146,110,9,5,5,132.72727272727275,29.2
RA Jadeja,2015,2015,132,126,7,3,8,104.76190476190477,16.5
RA Jadeja,2016,2016,191,177,14,4,10,107.909604519774,19.1
RA Jadeja,2017,2017,158,113,13,4,4,139.8230088495575,39.5
RA Jadeja,2018,2018,89,74,3,4,5,120.27027027027026,17.8
RA Jadeja,2019,2019,106,88,7,4,2,120.45454545454545,53.0
RA Jadeja,2020/21,2020,232,135,22,11,5,171.85185185185185,46.4
RA Jadeja,2021,2021,227,156,19,9,4,145.5128205128205,56.75
RA Jadeja,2022,2022,116,98,6,5,8,118.36734693877551,14.5
RA Jadeja,2023,2023,190,133,11,9,8,142.85714285714286,23.75
RA Jadeja,2024,2024,267,187,22,8,6,142.7807486631016,44.5
RA Jadeja,2025,2025,301,222,25,10,9,135.5855855855856,33.44444444444444
RA Jadeja,2026,2026,152,117,12,2,3,129.9145299145299,50.666666666666664
RA Tripathi,2017,2017,391,267,43,17,12,146.44194756554307,32.583333333333336
RA Tripathi,2018,2018,226,167,18,8,9,135.32934131736528,25.11111111111111
RA Tripathi,2019,2019,141,118,13,2,6,119.4915254237288,23.5
RA Tripathi,2020/21,2020,230,181,21,10,10,127.0718232044199,23.0
RA Tripathi,2021,2021,397,283,41,11,15,140.2826855123675,26.466666666666665
RA Tripathi,2022,2022,413,261,40,20,12,158.2375478927203,34.416666666666664
RA Tripathi,2023,2023,273,213,29,10,12,128.16901408450704,22.75
RA Tripathi,2024,2024,165,115,18,6,5,143.47826086956522,33.0
RA Tripathi,2025,2025,55,57,6,1,5,96.49122807017544,11.0
RD Chahar,2017,2017,3,2,0,0,0,150.0,3.0
RD Chahar,2019,2019,12,11,2,0,2,109.09090909090908,6.0
RD Chahar,2020/21,2020,2,4,0,0,0,50.0,2.0
RD Chahar,2021,2021,14,15,1,0,4,93.33333333333333,3.5
RD Chahar,2022,2022,77,68,7,4,7,113.23529411764706,11.0
RD Chahar,2023,2023,0,9,0,0,2,0.0,0.0
RD Chahar,2024,2024,21,15,3,1,1,140.0,21.0
RD Gaikwad,2020/21,2020,204,169,16,6,3,120.71005917159763,68.0
RD Gaikwad,2021,2021,635,466,64,23,15,136.26609442060084,42.333333333333336
RD Gaikwad,2022,2022,368,291,33,14,14,126.46048109965635,26.285714285714285
RD Gaikwad,2023,2023,590,400,46,30,13,147.5,45.38461538461539
RD Gaikwad,2024,2024,583,413,58,18,11,141.16222760290557,53.0
RD Gaikwad,2025,2025,122,81,14,4,5,150.6172839506173,24.4
RD Gaikwad,2026,2026,251,208,23,8,8,120.67307692307692,31.375
RD Rickelton,2025,2025,388,257,47,17,13,150.9727626459144,29.846153846153847
RD Rickelton,2026,2026,380,199,25,33,7,190.95477386934675,54.285714285714285
RE Levi,2012,2012,83,73,10,4,6,113.69863013698631,13.833333333333334
RE van der Merwe,2009,2009,122,98,8,8,7,124.48979591836735,17.428571428571427
RE van der Merwe,2009/10,2009,1,2,0,0,1,50.0,1.0
RE van der Merwe,2011,2011,14,16,1,0,1,87.5,14.0
RE van der Merwe,2013,2013,22,25,2,0,2,88.0,11.0
RG More,2015,2015,2,2,0,0,0,100.0,2.0
RG Sharma,2007/08,2007,404,273,38,19,11,147.985347985348,36.72727272727273
RG Sharma,2009,2009,362,315,22,18,13,114.92063492063491,27.846153846153847
RG Sharma,2009/10,2009,404,302,36,14,18,133.7748344370861,22.444444444444443
RG Sharma,2011,2011,372,297,32,13,9,125.25252525252526,41.333333333333336
RG Sharma,2012,2012,433,342,39,18,14,126.60818713450293,30.928571428571427
RG Sharma,2013,2013,538,409,35,28,14,131.5403422982885,38.42857142857143
RG Sharma,2014,2014,390,302,31,16,14,129.13907284768212,27.857142857142858
RG Sharma,2015,2015,482,333,41,21,15,144.74474474474474,32.13333333333333
RG Sharma,2016,2016,489,368,49,17,12,132.8804347826087,40.75
RG Sharma,2017,2017,333,273,31,9,14,121.97802197802199,23.785714285714285
RG Sharma,2018,2018,286,215,25,12,13,133.02325581395348,22.0
RG Sharma,2019,2019,405,315,52,10,14,128.57142857142858,28.928571428571427
RG Sharma,2020/21,2020,334,263,27,19,15,126.99619771863118,22.266666666666666
RG Sharma,2021,2021,381,299,33,14,12,127.4247491638796,31.75
RG Sharma,2022,2022,268,223,28,13,14,120.1793721973094,19.142857142857142
RG Sharma,2023,2023,332,250,35,17,16,132.8,20.75
RG Sharma,2024,2024,417,278,45,23,13,150.0,32.07692307692308
RG Sharma,2025,2025,418,280,41,22,14,149.28571428571428,29.857142857142858
RG Sharma,2026,2026,221,127,19,15,5,174.01574803149606,44.2
RJ Gleeson,2024,2024,2,2,0,0,0,100.0,2.0
RJ Harris,2009,2009,21,18,0,0,1,116.66666666666667,21.0
RJ Harris,2009/10,2009,45,39,2,2,4,115.38461538461537,11.25
RJ Harris,2011,2011,31,39,3,0,5,79.48717948717949,6.2
RJ Harris,2012,2012,18,11,1,1,1,163.63636363636365,18.0
RJ Harris,2013,2013,2,5,0,0,1,40.0,2.0
RJ Peterson,2012,2012,32,30,3,1,3,106.66666666666667,10.666666666666666
RJ Quiney,2009,2009,103,102,12,3,7,100.98039215686273,14.714285714285714
RJW Topley,2024,2024,3,6,0,0,0,50.0,3.0
RK Bhui,2018,2018,0,5,0,0,1,0.0,0.0
RK Bhui,2019,2019,7,12,0,0,1,58.333333333333336,7.0
RK Bhui,2024,2024,3,9,0,0,2,33.33333333333333,1.5
RK Singh,2018,2018,29,31,4,0,4,93.54838709677419,7.25
RK Singh,2019,2019,37,34,1,2,2,108.8235294117647,18.5
RK Singh,2020/21,2020,11,11,1,0,1,100.0,11.0
RK Singh,2022,2022,174,117,17,7,5,148.71794871794873,34.8
RK Singh,2023,2023,474,317,31,29,8,149.52681388012618,59.25
RK Singh,2024,2024,168,113,13,8,9,148.67256637168143,18.666666666666668
RK Singh,2025,2025,206,134,20,10,7,153.73134328358208,29.428571428571427
RK Singh,2026,2026,241,164,23,9,5,146.9512195121951,48.2
RM Patidar,2021,2021,71,62,3,3,4,114.51612903225808,17.75
RM Patidar,2022,2022,333,218,27,18,6,152.75229357798165,55.5
RM Patidar,2024,2024,395,223,21,33,14,177.13004484304932,28.214285714285715
RM Patidar,2025,2025,312,217,25,14,12,143.77880184331798,26.0
RM Patidar,2026,2026,257,128,14,24,7,200.78125,36.714285714285715
RN ten Doeschate,2011,2011,107,73,9,5,3,146.57534246575344,35.666666666666664
RN ten Doeschate,2012,2012,21,21,1,1,2,100.0,10.5
RN ten Doeschate,2013,2013,85,63,9,2,3,134.92063492063494,28.333333333333332
RN ten Doeschate,2014,2014,52,33,3,4,4,157.57575757575756,13.0
RN ten Doeschate,2015,2015,61,45,4,3,5,135.55555555555557,12.2
RP Meredith,2022,2022,0,1,0,0,1,0.0,0.0
RP Meredith,2023,2023,0,2,0,0,0,0.0,0.0
RP Singh,2007/08,2007,27,24,2,1,5,112.5,5.4
RP Singh,2009,2009,8,17,0,0,4,47.05882352941176,2.0
RP Singh,2009/10,2009,9,19,0,0,2,47.368421052631575,4.5
RP Singh,2011,2011,2,4,0,0,2,50.0,1.0
RP Singh,2012,2012,6,12,0,0,2,50.0,3.0
RR Bhatkal,2012,2012,0,2,0,0,2,0.0,0.0
RR Pant,2016,2016,198,152,19,6,7,130.26315789473685,28.285714285714285
RR Pant,2017,2017,366,221,28,24,14,165.61085972850677,26.142857142857142
RR Pant,2018,2018,684,394,68,37,15,173.60406091370558,45.6
RR Pant,2019,2019,494,304,37,27,13,162.5,38.0
RR Pant,2020/21,2020,345,303,32,9,10,113.86138613861385,34.5
RR Pant,2021,2021,424,330,43,10,13,128.4848484848485,32.61538461538461
RR Pant,2022,2022,340,224,35,16,13,151.78571428571428,26.153846153846153
RR Pant,2024,2024,446,287,36,25,11,155.4006968641115,40.54545454545455
RR Pant,2025,2025,269,202,23,16,11,133.16831683168317,24.454545454545453
RR Pant,2026,2026,205,160,19,7,7,128.125,29.285714285714285
RR Powar,2007/08,2007,28,21,4,1,0,133.33333333333331,28.0
RR Powar,2009,2009,23,22,2,0,0,104.54545454545455,23.0
RR Powar,2009/10,2009,5,8,0,0,1,62.5,5.0
RR Powar,2011,2011,11,13,0,0,2,84.61538461538461,5.5
RR Raje,2007/08,2007,8,9,1,0,0,88.88888888888889,8.0
RR Raje,2009,2009,12,9,0,1,1,133.33333333333331,12.0
RR Rossouw,2014,2014,39,41,2,2,4,95.1219512195122,9.75
RR Rossouw,2015,2015,14,10,1,1,2,140.0,7.0
RR Rossouw,2023,2023,209,141,17,11,7,148.22695035460993,29.857142857142858
RR Rossouw,2024,2024,211,116,25,11,8,181.89655172413794,26.375
RR Sarwan,2007/08,2007,73,75,6,1,3,97.33333333333334,24.333333333333332
RS Bopara,2009,2009,138,119,8,7,6,115.96638655462186,23.0
RS Bopara,2009/10,2009,248,214,25,3,8,115.88785046728971,31.0
RS Bopara,2015,2015,145,120,6,6,5,120.83333333333333,29.0
RS Gavaskar,2009/10,2009,2,8,0,0,1,25.0,2.0
RS Sodhi,2009/10,2009,4,2,1,0,0,200.0,4.0
RT Ponting,2007/08,2007,39,53,2,1,3,73.58490566037736,13.0
RT Ponting,2013,2013,52,75,3,1,5,69.33333333333334,10.4
RV Gomez,2011,2011,46,50,4,1,7,92.0,6.571428571428571
RV Gomez,2013,2013,4,1,1,0,0,400.0,4.0
RV Patel,2021,2021,25,27,3,0,1,92.5925925925926,25.0
RV Patel,2022,2022,6,3,0,1,1,200.0,6.0
RV Patel,2023,2023,49,43,3,1,3,113.95348837209302,16.333333333333332
RV Uthappa,2007/08,2007,320,279,34,9,12,114.6953405017921,26.666666666666668
RV Uthappa,2009,2009,175,170,18,3,11,102.94117647058823,15.909090909090908
RV Uthappa,2009/10,2009,374,218,21,27,12,171.55963302752292,31.166666666666668
RV Uthappa,2011,2011,264,209,27,10,10,126.3157894736842,26.4
RV Uthappa,2012,2012,405,343,38,10,14,118.07580174927115,28.928571428571427
RV Uthappa,2013,2013,434,371,42,12,16,116.98113207547169,27.125
RV Uthappa,2014,2014,660,479,74,18,16,137.78705636743217,41.25
RV Uthappa,2015,2015,364,277,42,7,12,131.40794223826714,30.333333333333332
RV Uthappa,2016,2016,394,289,45,8,15,136.33217993079586,26.266666666666666
RV Uthappa,2017,2017,388,235,36,21,12,165.1063829787234,32.333333333333336
RV Uthappa,2018,2018,351,265,30,21,17,132.45283018867923,20.647058823529413
RV Uthappa,2019,2019,284,247,28,10,9,114.97975708502024,31.555555555555557
RV Uthappa,2020/21,2020,196,164,19,7,12,119.51219512195121,16.333333333333332
RV Uthappa,2021,2021,115,84,8,5,4,136.9047619047619,28.75
RV Uthappa,2022,2022,230,171,19,14,10,134.5029239766082,23.0
Rahmanullah Gurbaz,2023,2023,227,170,17,15,11,133.52941176470588,20.636363636363637
Rahmanullah Gurbaz,2024,2024,62,46,7,4,2,134.7826086956522,31.0
Rahmanullah Gurbaz,2025,2025,74,53,10,3,4,139.62264150943395,18.5
Ramandeep Singh,2022,2022,45,40,3,1,2,112.5,22.5
Ramandeep Singh,2024,2024,125,62,5,12,4,201.61290322580646,31.25
Ramandeep Singh,2025,2025,47,35,1,4,5,134.28571428571428,9.4
Ramandeep Singh,2026,2026,82,68,8,2,5,120.58823529411764,16.4
Rashid Khan,2017,2017,11,9,0,1,2,122.22222222222223,5.5
Rashid Khan,2018,2018,59,31,3,6,5,190.3225806451613,11.8
Rashid Khan,2019,2019,34,23,2,2,5,147.82608695652172,6.8
Rashid Khan,2020/21,2020,35,30,3,2,4,116.66666666666667,8.75
Rashid Khan,2021,2021,83,69,9,2,8,120.28985507246377,10.375
Rashid Khan,2022,2022,91,44,3,9,4,206.81818181818184,22.75
Rashid Khan,2023,2023,130,60,8,13,4,216.66666666666666,32.5
Rashid Khan,2024,2024,102,71,11,3,5,143.66197183098592,20.4
Rashid Khan,2025,2025,40,28,2,3,5,142.85714285714286,8.0
Rashid Khan,2026,2026,35,29,4,0,3,120.6896551724138,11.666666666666666
Rasikh Salam,2019,2019,5,4,0,0,0,125.0,5.0
Rasikh Salam,2022,2022,7,6,1,0,1,116.66666666666667,7.0
Rasikh Salam,2024,2024,28,30,4,0,4,93.33333333333333,7.0
Ravi Bishnoi,2020/21,2020,7,12,1,0,1,58.333333333333336,7.0
Ravi Bishnoi,2021,2021,1,4,0,0,1,25.0,1.0
Ravi Bishnoi,2022,2022,0,1,0,0,0,0.0,0.0
Ravi Bishnoi,2023,2023,20,27,1,0,3,74.07407407407408,6.666666666666667
Ravi Bishnoi,2024,2024,4,6,0,0,2,66.66666666666666,2.0
Ravi Bishnoi,2025,2025,13,16,0,2,2,81.25,6.5
Ravi Bishnoi,2026,2026,0,3,0,0,2,0.0,0.0
S Anirudha,2007/08,2007,1,7,0,0,1,14.285714285714285,1.0
S Anirudha,2009/10,2009,30,18,2,2,1,166.66666666666669,30.0
S Anirudha,2011,2011,83,74,6,3,4,112.16216216216218,20.75
S Anirudha,2012,2012,19,7,1,2,0,271.42857142857144,19.0
S Anirudha,2013,2013,0,2,0,0,1,0.0,0.0
S Anirudha,2014,2014,3,5,0,0,1,60.0,3.0
S Aravind,2011,2011,13,8,2,0,0,162.5,13.0
S Aravind,2012,2012,14,8,3,0,0,175.0,14.0
S Aravind,2015,2015,0,1,0,0,0,0.0,0.0
S Aravind,2017,2017,32,40,2,0,3,80.0,10.666666666666666
S Arora,2026,2026,95,59,6,8,5,161.01694915254237,19.0
S Badree,2017,2017,13,23,0,0,5,56.52173913043478,2.6
S Badrinath,2007/08,2007,192,130,21,8,6,147.6923076923077,32.0
S Badrinath,2009,2009,177,164,20,4,9,107.92682926829269,19.666666666666668
S Badrinath,2009/10,2009,356,303,41,5,12,117.49174917491749,29.666666666666668
S Badrinath,2011,2011,396,313,38,9,6,126.51757188498402,66.0
S Badrinath,2012,2012,196,181,23,2,8,108.28729281767954,24.5
S Badrinath,2013,2013,124,121,11,0,7,102.4793388429752,17.714285714285715
S Chanderpaul,2007/08,2007,25,31,4,0,3,80.64516129032258,8.333333333333334
S Dhawan,2007/08,2007,340,295,35,8,10,115.2542372881356,34.0
S Dhawan,2009,2009,40,45,3,0,4,88.88888888888889,10.0
S Dhawan,2009/10,2009,191,170,23,3,10,112.3529411764706,19.1
S Dhawan,2011,2011,400,310,47,7,12,129.03225806451613,33.333333333333336
S Dhawan,2012,2012,569,439,58,18,13,129.6127562642369,43.76923076923077
S Dhawan,2013,2013,311,253,37,5,8,122.92490118577075,38.875
S Dhawan,2014,2014,377,319,49,7,12,118.18181818181819,31.416666666666668
S Dhawan,2015,2015,353,286,45,6,13,123.42657342657341,27.153846153846153
S Dhawan,2016,2016,501,429,51,8,13,116.78321678321679,38.53846153846154
S Dhawan,2017,2017,479,376,53,9,13,127.39361702127661,36.84615384615385
S Dhawan,2018,2018,497,363,59,14,14,136.9146005509642,35.5
S Dhawan,2019,2019,521,384,64,11,15,135.67708333333331,34.733333333333334
S Dhawan,2020/21,2020,618,427,67,13,14,144.73067915690868,44.142857142857146
S Dhawan,2021,2021,587,473,63,16,15,124.10147991543342,39.13333333333333
S Dhawan,2022,2022,460,375,47,12,12,122.66666666666666,38.333333333333336
S Dhawan,2023,2023,373,261,49,12,10,142.911877394636,37.3
S Dhawan,2024,2024,152,121,18,4,5,125.6198347107438,30.4
S Dube,2019,2019,40,33,1,3,4,121.21212121212122,10.0
S Dube,2020/21,2020,129,105,5,9,7,122.85714285714286,18.428571428571427
S Dube,2021,2021,230,193,18,10,8,119.17098445595855,28.75
S Dube,2022,2022,289,185,22,16,9,156.21621621621622,32.111111111111114
S Dube,2023,2023,418,264,12,35,11,158.33333333333331,38.0
S Dube,2024,2024,396,244,28,28,11,162.29508196721312,36.0
S Dube,2025,2025,357,270,22,21,11,132.22222222222223,32.45454545454545
S Dube,2026,2026,150,107,14,6,5,140.18691588785046,30.0
S Gopal,2014,2014,11,10,1,0,1,110.00000000000001,11.0
S Gopal,2015,2015,1,1,0,0,0,100.0,1.0
S Gopal,2016,2016,2,16,0,0,1,12.5,2.0
S Gopal,2018,2018,50,45,5,0,2,111.11111111111111,25.0
S Gopal,2019,2019,63,46,8,1,4,136.95652173913044,15.75
S Gopal,2020/21,2020,37,39,3,0,4,94.87179487179486,9.25
S Gopal,2021,2021,7,5,0,1,1,140.0,7.0
S Gopal,2022,2022,9,7,2,0,0,128.57142857142858,9.0
S Kaul,2013,2013,7,9,0,0,0,77.77777777777779,7.0
S Kaul,2014,2014,2,2,0,0,0,100.0,2.0
S Kaul,2017,2017,0,2,0,0,0,0.0,0.0
S Kaul,2018,2018,3,14,0,0,2,21.428571428571427,1.5
S Kaul,2019,2019,0,1,0,0,1,0.0,0.0
S Kaul,2021,2021,8,8,1,0,0,100.0,8.0
S Kaushik,2016,2016,0,1,0,0,1,0.0,0.0
S Ladda,2009/10,2009,0,9,0,0,2,0.0,0.0
S Lamichhane,2019,2019,0,1,0,0,1,0.0,0.0
S Nadeem,2011,2011,0,1,0,0,1,0.0,0.0
S Nadeem,2012,2012,0,2,0,0,2,0.0,0.0
S Nadeem,2013,2013,14,27,1,0,5,51.85185185185185,2.8
S Nadeem,2014,2014,7,19,0,0,2,36.84210526315789,3.5
S Nadeem,2015,2015,2,7,0,0,1,28.57142857142857,2.0
S Nadeem,2016,2016,1,5,0,0,0,20.0,1.0
S Nadeem,2017,2017,2,9,0,0,3,22.22222222222222,0.6666666666666666
S Nadeem,2018,2018,6,8,0,0,0,75.0,6.0
S Nadeem,2020/21,2020,7,8,1,0,1,87.5,7.0
S Nadeem,2021,2021,0,1,0,0,1,0.0,0.0
S Narwal,2009/10,2009,14,12,2,0,3,116.66666666666667,4.666666666666667
S Narwal,2013,2013,23,15,4,0,1,153.33333333333334,23.0
S Rana,2011,2011,18,16,2,0,1,112.5,18.0
S Rana,2014,2014,73,65,7,1,4,112.3076923076923,18.25
S Randiv,2011,2011,2,4,0,0,1,50.0,2.0
S Sohal,2007/08,2007,4,8,0,0,2,50.0,2.0
S Sohal,2009,2009,115,93,9,8,7,123.65591397849462,16.428571428571427
S Sohal,2011,2011,249,191,25,10,9,130.36649214659687,27.666666666666668
S Sreesanth,2007/08,2007,0,3,0,0,1,0.0,0.0
S Sreesanth,2009,2009,5,18,1,0,0,27.77777777777778,5.0
S Sreesanth,2009/10,2009,27,21,5,0,0,128.57142857142858,27.0
S Sreesanth,2011,2011,1,9,0,0,1,11.11111111111111,1.0
S Sreesanth,2013,2013,1,4,0,0,1,25.0,1.0
S Sriram,2009/10,2009,27,29,3,0,1,93.10344827586206,27.0
S Sriram,2011,2011,4,7,0,0,1,57.14285714285714,4.0
S Tyagi,2009/10,2009,3,4,0,0,0,75.0,3.0
S Vidyut,2007/08,2007,145,109,21,3,8,133.0275229357798,18.125
SA Abbott,2015,2015,15,13,1,1,1,115.38461538461537,15.0
SA Abbott,2022,2022,7,5,0,1,1,140.0,7.0
SA Asnodkar,2007/08,2007,311,233,43,6,9,133.4763948497854,34.55555555555556
SA Asnodkar,2009,2009,98,93,11,4,8,105.3763440860215,12.25
SA Asnodkar,2009/10,2009,5,4,1,0,1,125.0,5.0
SA Asnodkar,2011,2011,9,9,1,0,1,100.0,9.0
SA Yadav,2012,2012,0,4,0,0,1,0.0,0.0
SA Yadav,2014,2014,164,118,16,5,6,138.98305084745763,27.333333333333332
SA Yadav,2015,2015,157,113,12,8,9,138.93805309734512,17.444444444444443
SA Yadav,2016,2016,182,143,18,5,7,127.27272727272727,26.0
SA Yadav,2017,2017,105,88,8,3,6,119.31818181818181,17.5
SA Yadav,2018,2018,512,384,61,16,14,133.33333333333331,36.57142857142857
SA Yadav,2019,2019,424,324,45,10,14,130.8641975308642,30.285714285714285
SA Yadav,2020/21,2020,480,331,61,11,9,145.01510574018127,53.333333333333336
SA Yadav,2021,2021,317,221,40,10,14,143.4389140271493,22.642857142857142
SA Yadav,2022,2022,303,208,23,16,8,145.6730769230769,37.875
SA Yadav,2023,2023,605,334,65,28,14,181.1377245508982,43.214285714285715
SA Yadav,2024,2024,345,206,36,18,10,167.4757281553398,34.5
SA Yadav,2025,2025,717,427,69,38,11,167.91569086651054,65.18181818181819
SA Yadav,2026,2026,195,134,23,5,10,145.5223880597015,19.5
SB Bangar,2007/08,2007,47,49,1,3,5,95.91836734693877,9.4
SB Bangar,2009,2009,2,9,0,0,1,22.22222222222222,2.0
SB Dubey,2024,2024,33,19,3,2,2,173.6842105263158,16.5
SB Dubey,2025,2025,106,66,6,8,5,160.6060606060606,21.2
SB Dubey,2026,2026,56,29,7,2,1,193.10344827586206,56.0
SB Jakati,2009,2009,20,15,3,0,2,133.33333333333331,10.0
SB Jakati,2012,2012,7,12,0,0,0,58.333333333333336,7.0
SB Jakati,2016,2016,1,2,0,0,0,50.0,1.0
SB Joshi,2007/08,2007,6,14,0,0,2,42.857142857142854,3.0
SB Styris,2007/08,2007,112,123,9,2,6,91.05691056910568,18.666666666666668
SB Styris,2009,2009,14,8,0,1,1,175.0,14.0
SB Styris,2011,2011,5,2,1,0,0,250.0,5.0
SB Wagh,2011,2011,2,3,0,0,2,66.66666666666666,1.0
SC Ganguly,2007/08,2007,349,307,33,15,14,113.68078175895766,24.928571428571427
SC Ganguly,2009,2009,189,207,13,6,11,91.30434782608695,17.181818181818183
SC Ganguly,2009/10,2009,493,419,58,15,13,117.66109785202863,37.92307692307692
SC Ganguly,2011,2011,50,59,3,2,2,84.7457627118644,25.0
SC Ganguly,2012,2012,268,271,30,4,14,98.8929889298893,19.142857142857142
SD Chitnis,2007/08,2007,18,10,1,1,2,180.0,9.0
SD Chitnis,2009,2009,6,8,1,0,1,75.0,6.0
SD Chitnis,2011,2011,9,9,1,0,1,100.0,9.0
SD Chitnis,2012,2012,66,62,7,1,3,106.4516129032258,22.0
SD Hope,2024,2024,183,122,12,12,8,150.0,22.875
SD Lad,2019,2019,15,13,1,1,1,115.38461538461537,15.0
SE Bond,2009/10,2009,1,2,0,0,1,50.0,1.0
SE Marsh,2007/08,2007,616,441,59,26,10,139.68253968253967,61.6
SE Marsh,2009/10,2009,147,114,14,6,3,128.94736842105263,49.0
SE Marsh,2011,2011,504,344,52,20,12,146.51162790697674,42.0
SE Marsh,2012,2012,336,280,39,7,10,120.0,33.6
SE Marsh,2013,2013,300,249,39,4,8,120.48192771084338,37.5
SE Marsh,2014,2014,70,52,7,3,2,134.6153846153846,35.0
SE Marsh,2015,2015,93,63,10,3,6,147.61904761904762,15.5
SE Marsh,2016,2016,159,134,13,4,6,118.65671641791045,26.5
SE Marsh,2017,2017,264,194,36,5,8,136.08247422680412,33.0
SE Rutherford,2019,2019,73,54,2,7,5,135.1851851851852,14.6
SE Rutherford,2022,2022,33,50,1,1,2,66.0,16.5
SE Rutherford,2025,2025,291,185,22,18,11,157.2972972972973,26.454545454545453
SE Rutherford,2026,2026,103,54,4,11,4,190.74074074074073,25.75
SH Johnson,2024,2024,6,7,1,0,0,85.71428571428571,6.0
SH Johnson,2025,2025,2,4,0,0,0,50.0,2.0
SJ Srivastava,2009/10,2009,1,2,0,0,1,50.0,1.0
SJ Srivastava,2011,2011,4,3,0,0,0,133.33333333333331,4.0
SK Raina,2007/08,2007,421,295,35,18,9,142.71186440677965,46.77777777777778
SK Raina,2009,2009,434,308,37,21,15,140.9090909090909,28.933333333333334
SK Raina,2009/10,2009,528,367,45,23,13,143.8692098092643,40.61538461538461
SK Raina,2011,2011,438,325,36,17,14,134.76923076923077,31.285714285714285
SK Raina,2012,2012,441,325,36,19,17,135.69230769230768,25.941176470588236
SK Raina,2013,2013,548,365,50,18,12,150.13698630136986,45.666666666666664
SK Raina,2014,2014,523,359,51,19,11,145.6824512534819,47.54545454545455
SK Raina,2015,2015,374,305,31,16,15,122.62295081967214,24.933333333333334
SK Raina,2016,2016,399,312,39,10,15,127.88461538461537,26.6
SK Raina,2017,2017,442,307,42,13,11,143.9739413680782,40.18181818181818
SK Raina,2018,2018,445,336,46,12,12,132.44047619047618,37.083333333333336
SK Raina,2019,2019,383,314,45,9,16,121.97452229299364,23.9375
SK Raina,2021,2021,160,128,13,9,7,125.0,22.857142857142858
SK Rasheed,2025,2025,71,63,9,2,5,112.6984126984127,14.2
SK Trivedi,2007/08,2007,5,12,0,0,1,41.66666666666667,5.0
SK Trivedi,2009,2009,9,18,0,0,2,50.0,4.5
SK Trivedi,2009/10,2009,20,14,3,1,3,142.85714285714286,6.666666666666667
SK Trivedi,2011,2011,0,2,0,0,1,0.0,0.0
SK Trivedi,2012,2012,5,6,0,0,0,83.33333333333334,5.0
SK Trivedi,2013,2013,3,7,0,0,1,42.857142857142854,3.0
SK Warne,2007/08,2007,70,59,7,2,7,118.64406779661016,10.0
SK Warne,2009,2009,108,116,6,4,7,93.10344827586206,15.428571428571429
SK Warne,2009/10,2009,10,19,0,0,3,52.63157894736842,3.3333333333333335
SK Warne,2011,2011,10,20,1,0,2,50.0,5.0
SL Malinga,2009,2009,0,1,0,0,1,0.0,0.0
SL Malinga,2009/10,2009,1,1,0,0,0,100.0,1.0
SL Malinga,2011,2011,8,9,0,1,2,88.88888888888889,4.0
SL Malinga,2012,2012,55,53,4,3,5,103.77358490566037,11.0
SL Malinga,2013,2013,9,18,1,0,3,50.0,3.0
SL Malinga,2014,2014,2,4,0,0,0,50.0,2.0
SL Malinga,2015,2015,6,10,1,0,0,60.0,6.0
SL Malinga,2017,2017,7,3,0,1,1,233.33333333333334,7.0
SM Curran,2019,2019,95,55,13,3,4,172.72727272727272,23.75
SM Curran,2020/21,2020,186,141,12,12,8,131.91489361702128,23.25
SM Curran,2021,2021,56,29,5,3,3,193.10344827586206,18.666666666666668
SM Curran,2023,2023,276,203,20,13,10,135.96059113300493,27.6
SM Curran,2024,2024,270,219,24,6,11,123.28767123287672,24.545454545454547
SM Curran,2025,2025,114,84,11,4,5,135.71428571428572,22.8
SM Harwood,2009,2009,9,14,0,0,0,64.28571428571429,9.0
SM Katich,2007/08,2007,96,69,11,2,1,139.1304347826087,96.0
SM Katich,2009,2009,145,117,15,6,9,123.93162393162393,16.11111111111111
SM Pollock,2007/08,2007,147,111,12,8,8,132.43243243243242,18.375
SMSM Senanayake,2013,2013,10,17,0,0,1,58.82352941176471,10.0
SN Khan,2015,2015,111,71,12,2,6,156.33802816901408,18.5
SN Khan,2016,2016,66,31,7,4,2,212.9032258064516,33.0
SN Khan,2018,2018,51,41,7,1,5,124.39024390243902,10.2
SN Khan,2019,2019,180,143,19,4,5,125.87412587412588,36.0
SN Khan,2020/21,2020,33,29,5,0,2,113.79310344827587,16.5
SN Khan,2021,2021,0,4,0,0,2,0.0,0.0
SN Khan,2022,2022,91,67,9,2,3,135.82089552238804,30.333333333333332
SN Khan,2023,2023,53,62,4,1,4,85.48387096774194,13.25
SN Khan,2026,2026,161,95,23,6,7,169.4736842105263,23.0
SN Thakur,2015,2015,7,6,1,0,0,116.66666666666667,7.0
SN Thakur,2017,2017,0,3,0,0,3,0.0,0.0
SN Thakur,2018,2018,15,5,3,0,0,300.0,15.0
SN Thakur,2019,2019,14,7,1,1,1,200.0,14.0
SN Thakur,2020/21,2020,12,21,0,0,1,57.14285714285714,12.0
SN Thakur,2021,2021,5,5,0,0,1,100.0,5.0
SN Thakur,2022,2022,120,87,7,7,8,137.93103448275863,15.0
SN Thakur,2023,2023,113,70,13,4,8,161.42857142857144,14.125
SN Thakur,2024,2024,21,17,2,1,1,123.52941176470588,21.0
SN Thakur,2025,2025,18,12,3,0,2,150.0,9.0
SN Thakur,2026,2026,14,19,1,0,2,73.68421052631578,7.0
SO Hetmyer,2019,2019,90,73,4,7,5,123.28767123287672,18.0
SO Hetmyer,2020/21,2020,185,125,11,12,8,148.0,23.125
SO Hetmyer,2021,2021,242,144,19,12,6,168.05555555555557,40.333333333333336
SO Hetmyer,2022,2022,314,204,21,21,7,153.921568627451,44.857142857142854
SO Hetmyer,2023,2023,299,197,12,23,9,151.7766497461929,33.22222222222222
SO Hetmyer,2024,2024,113,69,9,7,5,163.76811594202897,22.6
SO Hetmyer,2025,2025,245,168,18,11,13,145.83333333333331,18.846153846153847
SO Hetmyer,2026,2026,72,62,4,3,5,116.12903225806453,14.4
SP Fleming,2007/08,2007,196,165,27,3,9,118.7878787878788,21.77777777777778
SP Goswami,2007/08,2007,82,85,9,1,3,96.47058823529412,27.333333333333332
SP Goswami,2009,2009,53,60,6,0,2,88.33333333333333,26.5
SP Goswami,2009/10,2009,8,10,2,0,1,80.0,8.0
SP Goswami,2011,2011,29,29,5,0,3,100.0,9.666666666666666
SP Goswami,2012,2012,69,67,4,1,6,102.98507462686568,11.5
SP Goswami,2018,2018,52,40,6,1,3,130.0,17.333333333333332
SP Goswami,2020/21,2020,0,4,0,0,2,0.0,0.0
SP Jackson,2017,2017,38,31,5,0,2,122.58064516129032,19.0
SP Jackson,2022,2022,23,26,0,1,4,88.46153846153845,5.75
SP Narine,2012,2012,9,7,2,0,1,128.57142857142858,9.0
SP Narine,2013,2013,21,19,0,2,3,110.5263157894737,7.0
SP Narine,2014,2014,10,14,0,0,1,71.42857142857143,10.0
SP Narine,2015,2015,0,1,0,0,0,0.0,0.0
SP Narine,2016,2016,7,13,0,0,0,53.84615384615385,7.0
SP Narine,2017,2017,224,130,34,10,12,172.30769230769232,18.666666666666668
SP Narine,2018,2018,357,188,40,23,16,189.8936170212766,22.3125
SP Narine,2019,2019,143,86,17,9,7,166.27906976744185,20.428571428571427
SP Narine,2020/21,2020,121,85,10,8,9,142.35294117647058,13.444444444444445
SP Narine,2021,2021,62,47,3,5,8,131.91489361702128,7.75
SP Narine,2022,2022,71,40,6,6,7,177.5,10.142857142857142
SP Narine,2023,2023,21,25,2,1,7,84.0,3.0
SP Narine,2024,2024,488,270,50,33,13,180.74074074074073,37.53846153846154
SP Narine,2025,2025,246,144,25,19,11,170.83333333333331,22.363636363636363
SP Narine,2026,2026,40,32,2,4,3,125.0,13.333333333333334
SPD Smith,2012,2012,362,267,24,14,10,135.58052434456928,36.2
SPD Smith,2013,2013,159,132,15,4,5,120.45454545454545,31.8
SPD Smith,2014,2014,152,113,13,4,5,134.5132743362832,30.4
SPD Smith,2015,2015,298,223,34,3,12,133.6322869955157,24.833333333333332
SPD Smith,2016,2016,270,176,27,8,6,153.4090909090909,45.0
SPD Smith,2017,2017,472,387,38,12,12,121.9638242894057,39.333333333333336
SPD Smith,2019,2019,319,275,30,4,9,115.99999999999999,35.44444444444444
SPD Smith,2020/21,2020,311,237,32,9,13,131.22362869198312,23.923076923076923
SPD Smith,2021,2021,152,135,13,2,6,112.5925925925926,25.333333333333332
SR Tendulkar,2007/08,2007,188,177,26,2,6,106.21468926553672,31.333333333333332
SR Tendulkar,2009,2009,364,303,39,10,11,120.13201320132015,33.09090909090909
SR Tendulkar,2009/10,2009,618,466,86,3,13,132.61802575107296,47.53846153846154
SR Tendulkar,2011,2011,553,488,67,5,15,113.31967213114753,36.86666666666667
SR Tendulkar,2012,2012,324,283,39,4,12,114.48763250883391,27.0
SR Tendulkar,2013,2013,287,231,39,5,14,124.24242424242425,20.5
SR Watson,2007/08,2007,472,311,47,19,10,151.7684887459807,47.2
SR Watson,2009/10,2009,185,114,18,9,5,162.28070175438597,37.0
SR Watson,2011,2011,330,253,31,17,10,130.43478260869566,33.0
SR Watson,2012,2012,255,168,26,14,6,151.78571428571428,42.5
SR Watson,2013,2013,543,380,59,22,14,142.89473684210526,38.785714285714285
SR Watson,2014,2014,246,199,20,14,12,123.61809045226131,20.5
SR Watson,2015,2015,347,258,37,14,9,134.49612403100775,38.55555555555556
SR Watson,2016,2016,179,134,14,12,13,133.5820895522388,13.76923076923077
SR Watson,2017,2017,71,78,6,1,6,91.02564102564102,11.833333333333334
SR Watson,2018,2018,555,359,44,35,13,154.59610027855152,42.69230769230769
SR Watson,2019,2019,398,312,42,20,17,127.56410256410255,23.41176470588235
SR Watson,2020/21,2020,299,247,33,13,10,121.05263157894737,29.9
SS Cottrell,2020/21,2020,0,2,0,0,1,0.0,0.0
SS Iyer,2015,2015,439,342,41,21,13,128.36257309941521,33.76923076923077
SS Iyer,2016,2016,30,43,2,1,6,69.76744186046511,5.0
SS Iyer,2017,2017,338,243,36,10,11,139.09465020576133,30.727272727272727
SS Iyer,2018,2018,411,310,29,21,12,132.58064516129033,34.25
SS Iyer,2019,2019,467,388,42,14,16,120.36082474226804,29.1875
SS Iyer,2020/21,2020,519,421,40,16,16,123.27790973871736,32.4375
SS Iyer,2021,2021,175,171,7,5,6,102.3391812865497,29.166666666666668
SS Iyer,2022,2022,401,298,41,11,13,134.56375838926172,30.846153846153847
SS Iyer,2024,2024,351,239,34,14,9,146.86192468619245,39.0
SS Iyer,2025,2025,604,345,43,39,12,175.07246376811594,50.333333333333336
SS Iyer,2026,2026,333,203,22,22,7,164.03940886699507,47.57142857142857
SS Prabhudessai,2022,2022,67,59,7,2,5,113.55932203389831,13.4
SS Prabhudessai,2023,2023,35,29,1,2,3,120.6896551724138,11.666666666666666
SS Prabhudessai,2024,2024,24,18,3,0,1,133.33333333333331,24.0
SS Shaikh,2009,2009,6,7,1,0,0,85.71428571428571,6.0
SS Tiwary,2007/08,2007,26,20,3,1,2,130.0,13.0
SS Tiwary,2009,2009,13,12,0,0,1,108.33333333333333,13.0
SS Tiwary,2009/10,2009,419,309,29,18,13,135.59870550161813,32.23076923076923
SS Tiwary,2011,2011,187,188,13,5,8,99.46808510638297,23.375
SS Tiwary,2012,2012,191,170,9,8,9,112.3529411764706,21.22222222222222
SS Tiwary,2013,2013,109,106,4,4,4,102.8301886792453,27.25
SS Tiwary,2015,2015,109,78,9,5,0,139.74358974358972,109.0
SS Tiwary,2016,2016,170,141,17,4,5,120.56737588652481,34.0
SS Tiwary,2017,2017,52,43,9,0,0,120.93023255813952,52.0
SS Tiwary,2020/21,2020,103,80,8,3,5,128.75,20.6
SS Tiwary,2021,2021,115,97,10,2,2,118.55670103092784,57.5
ST Jayasuriya,2007/08,2007,514,309,57,31,13,166.3430420711974,39.53846153846154
ST Jayasuriya,2009,2009,221,192,23,7,12,115.10416666666667,18.416666666666668
ST Jayasuriya,2009/10,2009,33,31,4,1,4,106.4516129032258,8.25
STR Binny,2009/10,2009,8,5,1,0,1,160.0,8.0
STR Binny,2011,2011,37,31,2,1,1,119.35483870967742,37.0
STR Binny,2012,2012,90,67,9,3,4,134.32835820895522,22.5
STR Binny,2013,2013,293,199,25,12,8,147.23618090452263,36.625
STR Binny,2014,2014,123,121,4,5,9,101.65289256198346,13.666666666666666
STR Binny,2015,2015,74,66,7,1,5,112.12121212121211,14.8
STR Binny,2016,2016,63,39,5,4,4,161.53846153846155,15.75
STR Binny,2017,2017,78,76,6,3,5,102.63157894736842,15.6
STR Binny,2018,2018,44,39,2,2,4,112.82051282051282,11.0
STR Binny,2019,2019,70,40,5,4,3,175.0,23.333333333333332
SU Parakh,2026,2026,0,2,0,0,1,0.0,0.0
SV Samson,2013,2013,206,178,19,5,8,115.73033707865167,25.75
SV Samson,2014,2014,339,273,25,17,13,124.17582417582418,26.076923076923077
SV Samson,2015,2015,204,163,16,8,10,125.15337423312884,20.4
SV Samson,2016,2016,291,259,20,8,10,112.35521235521236,29.1
SV Samson,2017,2017,386,273,32,19,14,141.3919413919414,27.571428571428573
SV Samson,2018,2018,441,320,30,19,14,137.8125,31.5
SV Samson,2019,2019,342,230,28,13,10,148.69565217391306,34.2
SV Samson,2020/21,2020,375,236,21,26,12,158.89830508474577,31.25
SV Samson,2021,2021,484,354,45,17,12,136.72316384180792,40.333333333333336
SV Samson,2022,2022,458,312,43,26,16,146.7948717948718,28.625
SV Samson,2023,2023,362,236,25,24,12,153.38983050847457,30.166666666666668
SV Samson,2024,2024,531,346,48,24,10,153.46820809248555,53.1
SV Samson,2025,2025,285,203,27,13,9,140.39408866995075,31.666666666666668
SV Samson,2026,2026,402,240,42,21,8,167.5,50.25
SW Billings,2016,2016,88,64,4,4,4,137.5,22.0
SW Billings,2017,2017,138,104,19,1,6,132.69230769230768,23.0
SW Billings,2018,2018,108,78,8,5,8,138.46153846153845,13.5
SW Billings,2019,2019,0,4,0,0,1,0.0,0.0
SW Billings,2022,2022,169,138,9,10,7,122.46376811594205,24.142857142857142
SW Tait,2009/10,2009,12,13,0,1,1,92.3076923076923,12.0
SW Tait,2011,2011,10,10,1,0,1,100.0,10.0
SW Tait,2013,2013,1,3,0,0,1,33.33333333333333,1.0
SZ Mulani,2024,2024,1,1,0,0,0,100.0,1.0
Sachin Baby,2013,2013,3,7,0,0,1,42.857142857142854,3.0
Sachin Baby,2016,2016,119,79,9,5,5,150.63291139240508,23.8
Sachin Baby,2017,2017,15,15,2,0,3,100.0,5.0
Sachin Baby,2021,2021,7,17,0,0,1,41.17647058823529,7.0
Salman Butt,2007/08,2007,193,161,30,2,7,119.87577639751552,27.571428571428573
Sameer Rizvi,2024,2024,51,43,4,2,4,118.6046511627907,12.75
Sameer Rizvi,2025,2025,121,79,11,7,3,153.1645569620253,40.333333333333336
Sameer Rizvi,2026,2026,249,164,15,17,6,151.82926829268294,41.5
Sandeep Sharma,2013,2013,0,1,0,0,0,0.0,0.0
Sandeep Sharma,2014,2014,2,5,0,0,0,40.0,2.0
Sandeep Sharma,2015,2015,9,14,1,0,1,64.28571428571429,9.0
Sandeep Sharma,2016,2016,8,9,0,0,0,88.88888888888889,8.0
Sandeep Sharma,2017,2017,7,6,0,0,0,116.66666666666667,7.0
Sandeep Sharma,2018,2018,0,4,0,0,2,0.0,0.0
Sandeep Sharma,2019,2019,6,3,1,0,0,200.0,6.0
Sandeep Sharma,2020/21,2020,12,15,1,0,2,80.0,6.0
Sandeep Sharma,2021,2021,8,7,1,0,0,114.28571428571428,8.0
Sandeep Sharma,2023,2023,2,6,0,0,0,33.33333333333333,2.0
Sandeep Sharma,2025,2025,6,5,0,0,0,120.0,6.0
Sanvir Singh,2023,2023,11,9,1,1,1,122.22222222222223,11.0
Sanvir Singh,2024,2024,14,12,1,0,1,116.66666666666667,14.0
Saurav Chauhan,2024,2024,18,15,1,1,3,120.0,6.0
Sediqullah Atal,2025,2025,22,16,0,2,1,137.5,22.0
Shahbaz Ahmed,2020/21,2020,1,1,0,0,0,100.0,1.0
Shahbaz Ahmed,2021,2021,59,53,4,2,7,111.32075471698113,8.428571428571429
Shahbaz Ahmed,2022,2022,219,181,14,9,8,120.99447513812154,27.375
Shahbaz Ahmed,2023,2023,42,39,3,1,4,107.6923076923077,10.5
Shahbaz Ahmed,2024,2024,215,166,7,13,10,129.5180722891566,21.5
Shahbaz Ahmed,2025,2025,9,8,1,0,1,112.5,9.0
Shahbaz Ahmed,2026,2026,15,16,1,0,0,93.75,15.0
Shahid Afridi,2007/08,2007,81,46,7,6,8,176.08695652173913,10.125
Shakib Al Hasan,2011,2011,29,22,4,0,2,131.8181818181818,14.5
Shakib Al Hasan,2012,2012,91,74,6,3,6,122.97297297297298,15.166666666666666
Shakib Al Hasan,2014,2014,229,154,22,7,9,148.70129870129873,25.444444444444443
Shakib Al Hasan,2015,2015,36,27,5,0,2,133.33333333333331,18.0
Shakib Al Hasan,2016,2016,114,106,7,5,5,107.54716981132076,22.8
Shakib Al Hasan,2017,2017,1,1,0,0,0,100.0,1.0
Shakib Al Hasan,2018,2018,239,197,26,5,9,121.31979695431471,26.555555555555557
Shakib Al Hasan,2019,2019,9,10,0,0,1,90.0,9.0
Shakib Al Hasan,2021,2021,47,48,3,1,5,97.91666666666666,9.4
Shashank Singh,2022,2022,69,47,5,4,4,146.80851063829786,17.25
Shashank Singh,2024,2024,354,215,28,21,7,164.65116279069767,50.57142857142857
Shashank Singh,2025,2025,350,228,23,18,7,153.50877192982458,50.0
Shashank Singh,2026,2026,74,39,7,4,3,189.74358974358972,24.666666666666668
Shivam Mavi,2018,2018,13,15,1,0,3,86.66666666666667,4.333333333333333
Shivam Mavi,2020/21,2020,10,14,1,0,2,71.42857142857143,5.0
Shivam Mavi,2021,2021,25,20,2,2,2,125.0,12.5
Shivam Mavi,2022,2022,3,7,0,0,2,42.857142857142854,1.5
Shivam Sharma,2014,2014,5,3,1,0,1,166.66666666666669,5.0
Shivam Singh,2024,2024,2,3,0,0,0,66.66666666666666,2.0
Shivang Kumar,2026,2026,22,16,3,1,4,137.5,5.5
Shoaib Ahmed,2009,2009,1,6,0,0,2,16.666666666666664,0.5
Shoaib Akhtar,2007/08,2007,2,7,0,0,1,28.57142857142857,2.0
Shoaib Malik,2007/08,2007,52,47,5,0,4,110.63829787234043,13.0
Shubman Gill,2018,2018,203,139,22,5,5,146.0431654676259,40.6
Shubman Gill,2019,2019,296,238,21,10,9,124.36974789915966,32.888888888888886
Shubman Gill,2020/21,2020,440,373,44,9,13,117.96246648793564,33.84615384615385
Shubman Gill,2021,2021,478,402,50,12,17,118.90547263681593,28.11764705882353
Shubman Gill,2022,2022,483,365,51,11,15,132.32876712328766,32.2
Shubman Gill,2023,2023,890,564,85,33,16,157.80141843971631,55.625
Shubman Gill,2024,2024,426,289,37,15,10,147.40484429065742,42.6
Shubman Gill,2025,2025,650,417,62,24,12,155.87529976019187,54.166666666666664
Shubman Gill,2026,2026,378,244,35,17,8,154.91803278688525,47.25
Sikandar Raza,2023,2023,139,98,10,6,5,141.83673469387753,27.8
Sikandar Raza,2024,2024,43,38,2,2,2,113.1578947368421,21.5
Simarjeet Singh,2022,2022,7,8,0,0,1,87.5,7.0
Simarjeet Singh,2025,2025,3,7,0,0,2,42.857142857142854,1.5
Sohail Tanvir,2007/08,2007,36,29,3,1,3,124.13793103448276,12.0
Sumit Kumar,2024,2024,18,24,2,1,2,75.0,9.0
Sunny Gupta,2012,2012,0,1,0,0,1,0.0,0.0
Sunny Singh,2011,2011,43,31,6,1,4,138.70967741935485,10.75
Suryansh Shedge,2025,2025,7,11,0,0,3,63.63636363636363,2.3333333333333335
Suryansh Shedge,2026,2026,85,48,4,7,2,177.08333333333331,42.5
Swapnil Singh,2016,2016,0,1,0,0,1,0.0,0.0
Swapnil Singh,2017,2017,12,19,0,0,2,63.1578947368421,6.0
Swapnil Singh,2023,2023,2,4,0,0,0,50.0,2.0
Swapnil Singh,2024,2024,37,21,3,3,2,176.19047619047618,18.5
T Banton,2020/21,2020,18,20,1,1,2,90.0,9.0
T Henderson,2009,2009,11,16,0,1,1,68.75,11.0
T Kohler-Cadmore,2024,2024,48,54,7,1,3,88.88888888888889,16.0
T Kohli,2007/08,2007,10,15,0,1,2,66.66666666666666,5.0
T Kohli,2009,2009,1,4,0,0,1,25.0,1.0
T Natarajan,2020/21,2020,3,5,0,0,0,60.0,3.0
T Natarajan,2026,2026,1,2,0,0,0,50.0,1.0
T Shamsi,2021,2021,2,4,0,0,0,50.0,2.0
T Stubbs,2022,2022,2,4,0,0,1,50.0,2.0
T Stubbs,2023,2023,25,31,2,0,2,80.64516129032258,12.5
T Stubbs,2024,2024,378,198,24,26,6,190.9090909090909,63.0
T Stubbs,2025,2025,306,200,25,12,8,153.0,38.25
T Stubbs,2026,2026,257,188,17,9,4,136.70212765957444,64.25
T Taibu,2007/08,2007,31,26,3,0,3,119.23076923076923,10.333333333333334
T Thushara,2009,2009,2,7,0,0,1,28.57142857142857,2.0
T Thushara,2009/10,2009,10,11,0,0,1,90.9090909090909,10.0
TA Boult,2017,2017,5,8,0,0,0,62.5,5.0
TA Boult,2018,2018,0,2,0,0,1,0.0,0.0
TA Boult,2019,2019,7,4,0,1,1,175.0,7.0
TA Boult,2020/21,2020,0,1,0,0,1,0.0,0.0
TA Boult,2021,2021,1,4,0,0,0,25.0,1.0
TA Boult,2022,2022,40,29,2,1,2,137.93103448275863,20.0
TA Boult,2023,2023,16,14,1,1,1,114.28571428571428,16.0
TA Boult,2024,2024,14,16,2,0,1,87.5,14.0
TA Boult,2025,2025,2,3,0,0,1,66.66666666666666,2.0
TA Boult,2026,2026,8,4,0,1,1,200.0,8.0
TD Paine,2011,2011,10,26,0,0,2,38.46153846153847,5.0
TG Southee,2014,2014,4,4,1,0,1,100.0,4.0
TG Southee,2015,2015,13,9,1,0,0,144.44444444444443,13.0
TG Southee,2016,2016,30,19,1,2,3,157.89473684210526,10.0
TG Southee,2017,2017,7,3,0,1,0,233.33333333333334,7.0
TG Southee,2018,2018,52,46,5,1,2,113.04347826086956,26.0
TG Southee,2019,2019,9,9,0,0,0,100.0,9.0
TG Southee,2021,2021,3,5,0,0,1,60.0,3.0
TG Southee,2022,2022,2,12,0,0,4,16.666666666666664,0.5
TH David,2021,2021,1,3,0,0,1,33.33333333333333,1.0
TH David,2022,2022,186,86,12,16,6,216.27906976744185,31.0
TH David,2023,2023,231,146,12,15,8,158.2191780821918,28.875
TH David,2024,2024,241,152,14,15,8,158.55263157894737,30.125
TH David,2025,2025,187,101,16,14,3,185.14851485148515,62.333333333333336
TH David,2026,2026,192,100,12,16,3,192.0,64.0
TK Curran,2018,2018,23,28,3,0,3,82.14285714285714,7.666666666666667
TK Curran,2020/21,2020,83,62,5,3,1,133.8709677419355,83.0
TK Curran,2021,2021,21,17,2,0,1,123.52941176470588,21.0
TL Seifert,2021,2021,2,4,0,0,1,50.0,2.0
TL Seifert,2022,2022,24,19,4,0,2,126.3157894736842,12.0
TL Seifert,2026,2026,19,18,2,1,3,105.55555555555556,6.333333333333333
TL Suman,2009,2009,237,190,18,8,9,124.73684210526316,26.333333333333332
TL Suman,2009/10,2009,307,257,23,12,8,119.45525291828794,38.375
TL Suman,2011,2011,65,51,5,5,6,127.45098039215685,10.833333333333334
TL Suman,2012,2012,15,19,1,1,2,78.94736842105263,7.5
TL Suman,2013,2013,52,58,8,0,5,89.65517241379311,10.4
TM Dilshan,2007/08,2007,104,79,14,3,4,131.64556962025316,26.0
TM Dilshan,2009,2009,418,341,42,13,10,122.58064516129032,41.8
TM Dilshan,2009/10,2009,44,53,6,0,6,83.01886792452831,7.333333333333333
TM Dilshan,2011,2011,226,180,33,3,8,125.55555555555556,28.25
TM Dilshan,2012,2012,285,261,33,5,8,109.19540229885058,35.625
TM Dilshan,2013,2013,76,93,12,0,5,81.72043010752688,15.2
TM Head,2016,2016,54,40,3,2,2,135.0,27.0
TM Head,2017,2017,151,108,9,6,4,139.8148148148148,37.75
TM Head,2024,2024,567,296,64,32,14,191.55405405405406,40.5
TM Head,2025,2025,374,230,50,15,13,162.6086956521739,28.76923076923077
TM Head,2026,2026,361,207,38,22,11,174.39613526570048,32.81818181818182
TM Srivastava,2007/08,2007,8,10,0,0,1,80.0,8.0
TM Srivastava,2009,2009,0,1,0,0,0,0.0,0.0
TR Birt,2011,2011,75,58,9,2,5,129.31034482758622,15.0
TS Mills,2017,2017,8,11,0,1,3,72.72727272727273,2.6666666666666665
TS Mills,2022,2022,0,3,0,0,1,0.0,0.0
TU Deshpande,2020/21,2020,21,12,2,1,1,175.0,21.0
TU Deshpande,2023,2023,0,1,0,0,0,0.0,0.0
TU Deshpande,2024,2024,0,1,0,0,0,0.0,0.0
TU Deshpande,2025,2025,7,8,0,0,1,87.5,7.0
TU Deshpande,2026,2026,25,11,0,3,1,227.27272727272728,25.0
Tanush Kotian,2024,2024,24,31,3,0,1,77.41935483870968,24.0
Tilak Varma,2022,2022,397,303,29,16,10,131.02310231023102,39.7
Tilak Varma,2023,2023,343,209,26,23,8,164.11483253588517,42.875
Tilak Varma,2024,2024,416,278,35,19,10,149.64028776978418,41.6
Tilak Varma,2025,2025,343,248,23,16,10,138.30645161290323,34.3
Tilak Varma,2026,2026,204,132,21,8,9,154.54545454545453,22.666666666666668
U Kaul,2007/08,2007,0,1,0,0,0,0.0,0.0
UA Birla,2013,2013,7,14,1,0,1,50.0,7.0
UBT Chand,2011,2011,2,12,0,0,2,16.666666666666664,1.0
UBT Chand,2012,2012,36,34,2,3,2,105.88235294117648,18.0
UBT Chand,2013,2013,158,158,17,4,9,100.0,17.555555555555557
UBT Chand,2014,2014,2,9,0,0,1,22.22222222222222,2.0
UBT Chand,2015,2015,102,83,13,2,5,122.89156626506023,20.4
UBT Chand,2016,2016,0,4,0,0,1,0.0,0.0
UT Khawaja,2016,2016,127,100,14,3,5,127.0,25.4
UT Yadav,2009/10,2009,3,4,0,0,0,75.0,3.0
UT Yadav,2011,2011,1,5,0,0,0,20.0,1.0
UT Yadav,2012,2012,2,7,0,0,2,28.57142857142857,1.0
UT Yadav,2013,2013,38,38,3,1,1,100.0,38.0
UT Yadav,2014,2014,2,4,0,0,1,50.0,2.0
UT Yadav,2015,2015,29,14,5,1,1,207.14285714285717,29.0
UT Yadav,2016,2016,9,5,0,1,2,180.0,4.5
UT Yadav,2017,2017,10,13,0,0,0,76.92307692307693,10.0
UT Yadav,2018,2018,3,11,0,0,4,27.27272727272727,0.75
UT Yadav,2019,2019,25,25,3,1,1,100.0,25.0
UT Yadav,2020/21,2020,0,2,0,0,1,0.0,0.0
UT Yadav,2022,2022,55,40,4,4,4,137.5,13.75
UT Yadav,2023,2023,19,18,1,0,2,105.55555555555556,9.5
UT Yadav,2024,2024,12,15,0,1,1,80.0,12.0
Umar Gul,2007/08,2007,39,19,1,5,3,205.26315789473685,13.0
Umran Malik,2022,2022,4,8,0,0,1,50.0,4.0
Umran Malik,2023,2023,19,8,1,2,0,237.5,19.0
Urvil Patel,2025,2025,68,32,5,6,3,212.5,22.666666666666668
Urvil Patel,2026,2026,45,24,3,4,3,187.5,15.0
V Kohli,2007/08,2007,165,157,18,4,12,105.09554140127389,13.75
V Kohli,2009,2009,246,219,22,8,11,112.32876712328768,22.363636363636363
V Kohli,2009/10,2009,307,212,26,12,13,144.81132075471697,23.615384615384617
V Kohli,2011,2011,557,460,55,16,13,121.08695652173913,42.84615384615385
V Kohli,2012,2012,364,326,33,10,12,111.65644171779141,30.333333333333332
V Kohli,2013,2013,639,459,65,22,14,139.2156862745098,45.642857142857146
V Kohli,2014,2014,359,294,23,16,14,122.10884353741496,25.642857142857142
V Kohli,2015,2015,505,386,35,23,14,130.82901554404145,36.07142857142857
V Kohli,2016,2016,973,640,84,38,12,152.03125,81.08333333333333
V Kohli,2017,2017,308,252,23,11,11,122.22222222222223,28.0
V Kohli,2018,2018,530,381,52,18,12,139.1076115485564,44.166666666666664
V Kohli,2019,2019,464,328,46,13,14,141.46341463414635,33.142857142857146
V Kohli,2020/21,2020,471,386,24,11,11,122.02072538860102,42.81818181818182
V Kohli,2021,2021,405,339,43,9,14,119.46902654867257,28.928571428571427
V Kohli,2022,2022,341,294,32,8,16,115.98639455782313,21.3125
V Kohli,2023,2023,639,457,65,16,12,139.8249452954048,53.25
V Kohli,2024,2024,741,479,62,38,13,154.6972860125261,57.0
V Kohli,2025,2025,657,454,66,19,13,144.7136563876652,50.53846153846154
V Kohli,2026,2026,379,229,42,15,7,165.50218340611355,54.142857142857146
V Nigam,2025,2025,142,79,16,8,4,179.74683544303798,35.5
V Nigam,2026,2026,12,7,2,0,1,171.42857142857142,12.0
V Pratap Singh,2012,2012,0,1,0,0,1,0.0,0.0
V Sehwag,2007/08,2007,406,220,46,21,12,184.54545454545453,33.833333333333336
V Sehwag,2009,2009,198,138,24,7,10,143.47826086956522,19.8
V Sehwag,2009/10,2009,356,218,47,14,14,163.30275229357798,25.428571428571427
V Sehwag,2011,2011,424,240,51,18,9,176.66666666666666,47.111111111111114
V Sehwag,2012,2012,495,307,57,19,16,161.23778501628664,30.9375
V Sehwag,2013,2013,295,233,41,6,12,126.60944206008584,24.583333333333332
V Sehwag,2014,2014,455,315,56,18,18,144.44444444444443,25.27777777777778
V Sehwag,2015,2015,99,84,12,3,7,117.85714285714286,14.142857142857142
V Shankar,2017,2017,101,75,12,1,2,134.66666666666666,50.5
V Shankar,2018,2018,212,148,11,11,4,143.24324324324326,53.0
V Shankar,2019,2019,244,193,11,12,11,126.42487046632125,22.181818181818183
V Shankar,2020/21,2020,97,96,10,1,4,101.04166666666667,24.25
V Shankar,2021,2021,58,52,1,3,5,111.53846153846155,11.6
V Shankar,2022,2022,19,35,1,0,4,54.285714285714285,4.75
V Shankar,2023,2023,301,188,27,15,8,160.1063829787234,37.625
V Shankar,2024,2024,83,72,7,2,5,115.27777777777777,16.6
V Shankar,2025,2025,118,91,8,3,3,129.67032967032966,39.333333333333336
V Suryavanshi,2025,2025,252,122,18,24,7,206.55737704918033,36.0
V Suryavanshi,2026,2026,404,170,35,37,10,237.64705882352942,40.4
V Viyaskanth,2024,2024,7,5,0,0,0,140.0,7.0
VG Arora,2022,2022,5,13,0,0,2,38.46153846153847,2.5
VG Arora,2023,2023,3,2,0,0,0,150.0,3.0
VG Arora,2024,2024,1,1,0,0,0,100.0,1.0
VG Arora,2025,2025,0,8,0,0,2,0.0,0.0
VG Arora,2026,2026,1,3,0,0,0,33.33333333333333,1.0
VH Zol,2014,2014,29,26,3,1,2,111.53846153846155,14.5
VR Aaron,2011,2011,0,5,0,0,0,0.0,0.0
VR Aaron,2012,2012,1,3,0,0,1,33.33333333333333,1.0
VR Aaron,2014,2014,35,34,2,1,0,102.94117647058823,35.0
VR Aaron,2015,2015,6,3,0,1,1,200.0,6.0
VR Aaron,2017,2017,4,10,0,0,1,40.0,4.0
VR Aaron,2019,2019,3,7,0,0,0,42.857142857142854,3.0
VR Aaron,2020/21,2020,1,10,0,0,1,10.0,1.0
VR Iyer,2021,2021,370,288,37,14,9,128.47222222222223,41.111111111111114
VR Iyer,2022,2022,182,169,17,7,11,107.6923076923077,16.545454545454547
VR Iyer,2023,2023,404,277,32,21,14,145.84837545126354,28.857142857142858
VR Iyer,2024,2024,370,233,35,19,9,158.79828326180257,41.111111111111114
VR Iyer,2025,2025,142,102,15,4,7,139.2156862745098,20.285714285714285
VR Iyer,2026,2026,41,30,2,2,1,136.66666666666666,41.0
VRV Singh,2007/08,2007,4,3,1,0,1,133.33333333333331,4.0
VS Malik,2009/10,2009,6,5,1,0,1,120.0,6.0
VS Malik,2014,2014,1,2,0,0,0,50.0,1.0
VS Yeligati,2007/08,2007,2,2,0,0,1,100.0,2.0
VVS Laxman,2007/08,2007,155,132,22,1,5,117.42424242424244,31.0
VVS Laxman,2009,2009,19,33,1,1,5,57.57575757575758,3.8
VVS Laxman,2009/10,2009,64,60,7,1,4,106.66666666666667,16.0
VVS Laxman,2011,2011,44,42,3,2,2,104.76190476190477,22.0
VY Mahesh,2007/08,2007,15,27,0,0,2,55.55555555555556,7.5
Vijaykumar Vyshak,2023,2023,13,9,0,1,1,144.44444444444443,13.0
Vijaykumar Vyshak,2024,2024,1,3,0,0,1,33.33333333333333,1.0
Vijaykumar Vyshak,2026,2026,2,4,0,0,0,50.0,2.0
Virat Singh,2021,2021,15,26,1,0,3,57.692307692307686,5.0
Vishnu Vinod,2017,2017,19,26,1,1,3,73.07692307692307,6.333333333333333
Vishnu Vinod,2023,2023,37,31,2,2,3,119.35483870967742,12.333333333333334
Vivrant Sharma,2023,2023,69,47,9,2,1,146.80851063829786,69.0
W Jaffer,2007/08,2007,115,104,12,3,5,110.57692307692308,23.0
W Jaffer,2009,2009,15,17,2,0,2,88.23529411764706,7.5
WA Mota,2007/08,2007,26,27,2,0,1,96.29629629629629,26.0
WA Mota,2009,2009,30,48,0,0,4,62.5,7.5
WD Parnell,2011,2011,37,39,2,1,3,94.87179487179486,12.333333333333334
WD Parnell,2012,2012,19,27,2,0,4,70.37037037037037,4.75
WD Parnell,2013,2013,5,7,0,0,1,71.42857142857143,5.0
WD Parnell,2014,2014,2,2,0,0,1,100.0,2.0
WD Parnell,2023,2023,2,5,0,0,1,40.0,2.0
WG Jacks,2024,2024,230,131,16,18,6,175.57251908396947,38.333333333333336
WG Jacks,2025,2025,233,172,22,11,10,135.46511627906978,23.3
WG Jacks,2026,2026,57,31,5,4,2,183.8709677419355,28.5
WP Saha,2007/08,2007,159,119,12,7,6,133.61344537815125,26.5
WP Saha,2009,2009,72,41,3,4,3,175.609756097561,24.0
WP Saha,2009/10,2009,67,53,9,1,3,126.41509433962264,22.333333333333332
WP Saha,2011,2011,68,63,2,4,1,107.93650793650794,68.0
WP Saha,2012,2012,6,14,0,0,1,42.857142857142854,6.0
WP Saha,2013,2013,70,56,6,4,3,125.0,23.333333333333332
WP Saha,2014,2014,362,249,33,18,12,145.38152610441767,30.166666666666668
WP Saha,2015,2015,249,197,16,10,12,126.3959390862944,20.75
WP Saha,2016,2016,270,212,29,1,11,127.35849056603774,24.545454545454547
WP Saha,2017,2017,234,187,20,8,9,125.13368983957218,26.0
WP Saha,2018,2018,122,102,17,1,8,119.6078431372549,15.25
WP Saha,2019,2019,86,53,13,1,5,162.26415094339623,17.2
WP Saha,2020/21,2020,214,153,24,5,2,139.86928104575162,107.0
WP Saha,2021,2021,131,140,7,5,9,93.57142857142857,14.555555555555555
WP Saha,2022,2022,317,259,40,7,9,122.39382239382239,35.22222222222222
WP Saha,2023,2023,371,287,47,8,15,129.26829268292684,24.733333333333334
WP Saha,2024,2024,136,115,18,3,9,118.26086956521739,15.11111111111111
WPUJC Vaas,2007/08,2007,21,18,0,1,2,116.66666666666667,10.5
WPUJC Vaas,2009,2009,30,21,1,1,1,142.85714285714286,30.0
WPUJC Vaas,2009/10,2009,30,34,1,1,4,88.23529411764706,7.5
Washington Sundar,2017,2017,9,12,0,0,0,75.0,9.0
Washington Sundar,2018,2018,65,38,5,4,4,171.05263157894737,16.25
Washington Sundar,2019,2019,1,3,0,0,2,33.33333333333333,0.5
Washington Sundar,2020/21,2020,111,95,10,2,6,116.8421052631579,18.5
Washington Sundar,2021,2021,31,47,2,0,4,65.95744680851064,7.75
Washington Sundar,2022,2022,101,69,9,3,7,146.3768115942029,14.428571428571429
Washington Sundar,2023,2023,60,60,6,0,3,100.0,20.0
Washington Sundar,2024,2024,0,1,0,0,1,0.0,0.0
Washington Sundar,2025,2025,133,80,10,7,5,166.25,26.6
Washington Sundar,2026,2026,209,141,23,6,6,148.22695035460993,34.833333333333336
X Thalaivan Sargunam,2013,2013,10,17,0,0,1,58.82352941176471,10.0
XC Bartlett,2025,2025,11,15,1,0,1,73.33333333333333,11.0
XC Bartlett,2026,2026,11,6,0,1,1,183.33333333333331,11.0
Y Gnaneswara Rao,2011,2011,19,17,3,0,1,111.76470588235294,19.0
Y Nagar,2009,2009,20,20,1,0,1,100.0,20.0
Y Nagar,2009/10,2009,1,6,0,0,1,16.666666666666664,1.0
Y Nagar,2011,2011,111,100,6,6,8,111.00000000000001,13.875
Y Nagar,2012,2012,153,133,13,3,5,115.0375939849624,30.6
Y Prithvi Raj,2019,2019,0,1,0,0,0,0.0,0.0
Y Venugopal Rao,2007/08,2007,288,210,22,15,8,137.14285714285714,36.0
Y Venugopal Rao,2009,2009,124,114,6,3,10,108.77192982456141,12.4
Y Venugopal Rao,2009/10,2009,34,43,3,1,4,79.06976744186046,8.5
Y Venugopal Rao,2011,2011,336,280,30,13,12,120.0,28.0
Y Venugopal Rao,2012,2012,132,126,8,5,5,104.76190476190477,26.4
Y Venugopal Rao,2014,2014,71,63,8,0,3,112.6984126984127,23.666666666666668
YA Abdulla,2009/10,2009,0,1,0,0,0,0.0,0.0
YBK Jaiswal,2020/21,2020,40,44,2,2,3,90.9090909090909,13.333333333333334
YBK Jaiswal,2021,2021,249,168,32,10,10,148.21428571428572,24.9
YBK Jaiswal,2022,2022,258,194,28,10,10,132.98969072164948,25.8
YBK Jaiswal,2023,2023,625,382,83,26,12,163.61256544502618,52.083333333333336
YBK Jaiswal,2024,2024,435,279,54,16,14,155.91397849462365,31.071428571428573
YBK Jaiswal,2025,2025,559,350,60,28,13,159.71428571428572,43.0
YBK Jaiswal,2026,2026,312,196,36,14,8,159.18367346938774,39.0
YK Pathan,2007/08,2007,435,243,43,25,12,179.01234567901236,36.25
YK Pathan,2009,2009,261,187,25,14,12,139.57219251336898,21.75
YK Pathan,2009/10,2009,333,201,22,24,11,165.67164179104478,30.272727272727273
YK Pathan,2011,2011,283,201,24,13,9,140.7960199004975,31.444444444444443
YK Pathan,2012,2012,194,169,10,7,11,114.79289940828403,17.636363636363637
YK Pathan,2013,2013,332,240,30,15,12,138.33333333333334,27.666666666666668
YK Pathan,2014,2014,268,165,15,20,9,162.42424242424244,29.77777777777778
YK Pathan,2015,2015,312,231,29,12,7,135.06493506493507,44.57142857142857
YK Pathan,2016,2016,361,248,33,13,7,145.56451612903226,51.57142857142857
YK Pathan,2017,2017,143,115,9,6,8,124.34782608695652,17.875
YK Pathan,2018,2018,260,200,22,11,9,130.0,28.88888888888889
YK Pathan,2019,2019,40,45,1,1,3,88.88888888888889,13.333333333333334
YS Chahal,2014,2014,1,1,0,0,0,100.0,1.0
YS Chahal,2015,2015,1,1,0,0,0,100.0,1.0
YS Chahal,2017,2017,13,26,0,0,2,50.0,6.5
YS Chahal,2018,2018,0,4,0,0,0,0.0,0.0
YS Chahal,2019,2019,6,16,0,0,2,37.5,3.0
YS Chahal,2020/21,2020,1,3,0,0,1,33.33333333333333,1.0
YS Chahal,2021,2021,10,27,0,0,0,37.03703703703704,10.0
YS Chahal,2022,2022,5,8,0,0,1,62.5,5.0
YV Dhull,2023,2023,16,23,1,0,3,69.56521739130434,5.333333333333333
YV Takawale,2007/08,2007,70,65,7,2,2,107.6923076923077,35.0
YV Takawale,2009,2009,18,22,2,0,1,81.81818181818183,18.0
YV Takawale,2014,2014,104,91,17,1,5,114.28571428571428,20.8
Yash Dayal,2022,2022,0,1,0,0,1,0.0,0.0
Yash Dayal,2025,2025,4,8,0,0,2,50.0,2.0
Yashpal Singh,2009,2009,47,66,5,0,4,71.21212121212122,11.75
Younis Khan,2007/08,2007,3,7,0,0,1,42.857142857142854,3.0
Yudhvir Singh,2023,2023,1,2,0,0,2,50.0,0.5
Yudhvir Singh,2024,2024,21,14,1,2,2,150.0,10.5
Yuvraj Singh,2007/08,2007,299,184,24,19,12,162.5,24.916666666666668
Yuvraj Singh,2009,2009,340,294,25,16,12,115.64625850340136,28.333333333333332
Yuvraj Singh,2009/10,2009,259,201,21,14,12,128.85572139303483,21.583333333333332
Yuvraj Singh,2011,2011,343,261,24,18,9,131.4176245210728,38.111111111111114
Yuvraj Singh,2013,2013,238,190,14,15,12,125.26315789473684,19.833333333333332
Yuvraj Singh,2014,2014,376,278,22,28,10,135.25179856115108,37.6
Yuvraj Singh,2015,2015,248,210,23,10,13,118.0952380952381,19.076923076923077
Yuvraj Singh,2016,2016,236,179,22,13,10,131.84357541899442,23.6
Yuvraj Singh,2017,2017,252,177,30,8,10,142.3728813559322,25.2
Yuvraj Singh,2018,2018,65,73,6,2,5,89.04109589041096,13.0
Yuvraj Singh,2019,2019,98,75,7,6,4,130.66666666666666,24.5
Z Khan,2007/08,2007,34,43,4,0,4,79.06976744186046,8.5
Z Khan,2009,2009,8,11,0,0,1,72.72727272727273,8.0
Z Khan,2009/10,2009,24,13,3,1,2,184.6153846153846,12.0
Z Khan,2011,2011,21,24,2,0,2,87.5,10.5
Z Khan,2012,2012,12,17,1,0,2,70.58823529411765,6.0
Z Khan,2014,2014,8,7,0,1,1,114.28571428571428,8.0
Z Khan,2016,2016,6,13,1,0,2,46.15384615384615,3.0
Z Khan,2017,2017,4,13,0,0,1,30.76923076923077,4.0
