bowler,season,season_year,balls,runs_conceded,wickets,wides,noballs,dots,economy,bowling_avg,dot_pct
A Ashish Reddy,2012,2012,169,238,11,4,2,56,8.449704142011834,21.636363636363637,33.13609467455622
A Ashish Reddy,2013,2013,41,71,3,1,0,11,10.390243902439025,23.666666666666668,26.82926829268293
A Ashish Reddy,2015,2015,37,51,4,1,0,10,8.27027027027027,12.75,27.027027027027028
A Ashish Reddy,2016,2016,23,40,1,0,0,6,10.434782608695652,40.0,26.08695652173913
A Badoni,2022,2022,12,12,2,0,0,4,6.0,6.0,33.33333333333333
A Badoni,2023,2023,1,0,0,0,0,1,0.0,,100.0
A Badoni,2024,2024,12,25,0,0,0,1,12.5,,8.333333333333332
A Badoni,2025,2025,10,13,2,0,0,3,7.8,6.5,30.0
A Badoni,2026,2026,6,14,0,0,0,0,14.0,,0.0
A Chandila,2012,2012,84,87,5,0,0,40,6.214285714285714,17.4,47.61904761904761
A Chandila,2013,2013,150,158,6,0,0,65,6.32,26.333333333333332,43.333333333333336
A Choudhary,2017,2017,108,144,5,6,1,43,8.0,28.8,39.81481481481482
A Dananjaya,2018,2018,25,47,0,1,0,6,11.28,,24.0
A Flintoff,2009,2009,66,106,2,0,0,21,9.636363636363637,53.0,31.818181818181817
A Kamboj,2024,2024,68,115,2,6,2,21,10.147058823529411,57.5,30.88235294117647
A Kamboj,2025,2025,130,173,8,0,1,57,7.984615384615384,21.625,43.84615384615385
A Kamboj,2026,2026,223,321,18,6,3,97,8.636771300448432,17.833333333333332,43.49775784753363
A Kumble,2007/08,2007,236,314,8,6,0,91,7.983050847457626,39.25,38.559322033898304
A Kumble,2009,2009,358,353,22,3,0,144,5.916201117318436,16.045454545454547,40.22346368715084
A Kumble,2009/10,2009,389,422,19,4,5,162,6.508997429305913,22.210526315789473,41.645244215938305
A Mishra,2007/08,2007,123,140,11,3,1,45,6.829268292682927,12.727272727272727,36.58536585365854
A Mishra,2009,2009,262,300,14,3,6,106,6.870229007633588,21.428571428571427,40.458015267175576
A Mishra,2009/10,2009,329,371,20,8,3,137,6.76595744680851,18.55,41.641337386018236
A Mishra,2011,2011,324,369,19,2,2,138,6.833333333333333,19.42105263157895,42.592592592592595
A Mishra,2012,2012,289,381,13,5,2,93,7.9100346020761245,29.307692307692307,32.17993079584775
A Mishra,2013,2013,376,395,24,2,2,152,6.303191489361702,16.458333333333332,40.42553191489361
A Mishra,2014,2014,230,342,8,3,2,69,8.921739130434782,42.75,30.0
A Mishra,2015,2015,249,312,9,8,0,77,7.518072289156627,34.666666666666664,30.923694779116467
A Mishra,2016,2016,284,350,14,6,2,97,7.394366197183098,25.0,34.154929577464785
A Mishra,2017,2017,237,345,10,4,0,80,8.734177215189874,34.5,33.755274261603375
A Mishra,2018,2018,226,265,13,4,0,74,7.035398230088496,20.384615384615383,32.743362831858406
A Mishra,2019,2019,243,271,11,3,0,83,6.691358024691358,24.636363636363637,34.15637860082305
A Mishra,2020/21,2020,61,72,3,0,1,17,7.081967213114755,24.0,27.86885245901639
A Mishra,2021,2021,84,109,6,0,0,25,7.785714285714286,18.166666666666668,29.761904761904763
A Mishra,2023,2023,115,151,7,1,0,32,7.878260869565217,21.571428571428573,27.82608695652174
A Mishra,2024,2024,12,20,1,0,0,5,10.0,20.0,41.66666666666667
A Mithun,2009,2009,27,42,0,3,0,7,9.333333333333334,,25.925925925925924
A Mithun,2009/10,2009,20,39,1,1,1,3,11.7,39.0,15.0
A Mithun,2011,2011,221,325,6,9,8,74,8.823529411764705,54.166666666666664,33.4841628959276
A Mithun,2012,2012,19,34,0,1,0,6,10.736842105263158,,31.57894736842105
A Mithun,2013,2013,25,37,1,1,0,9,8.879999999999999,37.0,36.0
A Nehra,2007/08,2007,280,357,14,10,1,126,7.65,25.5,45.0
A Nehra,2009,2009,326,354,22,15,5,145,6.515337423312883,16.09090909090909,44.47852760736196
A Nehra,2009/10,2009,85,102,6,1,0,40,7.2,17.0,47.05882352941176
A Nehra,2012,2012,291,411,12,1,2,106,8.474226804123711,34.25,36.42611683848797
A Nehra,2013,2013,221,319,13,5,0,87,8.660633484162895,24.53846153846154,39.366515837104075
A Nehra,2014,2014,93,143,8,3,0,31,9.225806451612904,17.875,33.33333333333333
A Nehra,2015,2015,385,453,25,12,1,175,7.059740259740259,18.12,45.45454545454545
A Nehra,2016,2016,161,200,11,5,0,73,7.453416149068324,18.181818181818183,45.3416149068323
A Nehra,2017,2017,132,198,10,5,0,48,9.0,19.8,36.36363636363637
A Nel,2007/08,2007,18,31,1,0,0,7,10.333333333333334,31.0,38.88888888888889
A Nortje,2020/21,2020,376,529,23,10,0,160,8.441489361702128,23.0,42.5531914893617
A Nortje,2021,2021,187,198,12,5,0,84,6.352941176470588,16.5,44.919786096256686
A Nortje,2022,2022,143,219,9,5,4,50,9.18881118881119,24.333333333333332,34.96503496503497
A Nortje,2023,2023,251,370,11,8,3,96,8.844621513944222,33.63636363636363,38.24701195219124
A Nortje,2024,2024,140,298,7,7,1,40,12.771428571428572,42.57142857142857,28.57142857142857
A Nortje,2025,2025,45,87,1,3,0,17,11.6,87.0,37.77777777777778
A Nortje,2026,2026,27,39,0,3,0,7,8.666666666666666,,25.925925925925924
A Singh,2009,2009,107,100,9,1,1,60,5.607476635514019,11.11111111111111,56.074766355140184
A Singh,2011,2011,175,222,10,4,0,79,7.611428571428571,22.2,45.14285714285714
A Singh,2012,2012,204,317,12,7,0,61,9.323529411764707,26.416666666666668,29.901960784313726
A Symonds,2007/08,2007,44,106,0,2,1,12,14.454545454545455,,27.27272727272727
A Symonds,2009,2009,147,162,9,3,0,67,6.612244897959184,18.0,45.57823129251701
A Symonds,2009/10,2009,325,385,13,7,0,118,7.107692307692308,29.615384615384617,36.30769230769231
A Symonds,2011,2011,24,41,1,0,0,10,10.25,41.0,41.66666666666667
A Uniyal,2009/10,2009,38,67,3,2,0,9,10.578947368421053,22.333333333333332,23.684210526315788
A Zampa,2016,2016,103,117,12,1,0,34,6.815533980582524,9.75,33.00970873786408
A Zampa,2017,2017,122,164,7,3,0,39,8.065573770491804,23.428571428571427,31.967213114754102
A Zampa,2020/21,2020,67,92,2,1,0,20,8.238805970149254,46.0,29.850746268656714
A Zampa,2023,2023,133,189,9,1,0,40,8.526315789473683,21.0,30.075187969924812
A Zampa,2025,2025,50,94,2,2,0,10,11.28,47.0,20.0
AA Chavan,2011,2011,30,31,0,0,0,18,6.2,,60.0
AA Chavan,2012,2012,169,245,7,5,0,64,8.698224852071005,35.0,37.8698224852071
AA Chavan,2013,2013,56,63,1,2,0,28,6.75,63.0,50.0
AA Jhunjhunwala,2009/10,2009,39,69,0,2,0,12,10.615384615384615,,30.76923076923077
AA Jhunjhunwala,2011,2011,13,22,0,1,0,1,10.153846153846155,,7.6923076923076925
AA Jhunjhunwala,2012,2012,36,39,1,0,0,15,6.5,39.0,41.66666666666667
AA Kazi,2011,2011,13,21,1,1,0,2,9.692307692307693,21.0,15.384615384615385
AA Noffke,2007/08,2007,25,41,1,1,0,7,9.84,41.0,28.000000000000004
AB Agarkar,2007/08,2007,168,211,8,11,1,70,7.535714285714286,26.375,41.66666666666667
AB Agarkar,2009,2009,199,293,8,13,0,71,8.834170854271358,36.625,35.678391959798994
AB Agarkar,2009/10,2009,136,207,4,3,1,44,9.13235294117647,51.75,32.35294117647059
AB Agarkar,2011,2011,164,236,9,2,0,51,8.634146341463415,26.22222222222222,31.097560975609756
AB Agarkar,2012,2012,90,134,4,4,0,20,8.933333333333334,33.5,22.22222222222222
AB Agarkar,2013,2013,63,93,0,3,0,18,8.857142857142858,,28.57142857142857
AB Dinda,2007/08,2007,245,266,11,10,1,120,6.514285714285714,24.181818181818183,48.97959183673469
AB Dinda,2009,2009,150,195,6,6,0,69,7.8,32.5,46.0
AB Dinda,2009/10,2009,144,155,12,5,0,67,6.458333333333333,12.916666666666666,46.52777777777778
AB Dinda,2011,2011,107,159,5,3,2,46,8.915887850467291,31.8,42.99065420560748
AB Dinda,2012,2012,154,171,10,6,4,65,6.662337662337662,17.1,42.2077922077922
AB Dinda,2013,2013,304,466,18,8,2,106,9.197368421052632,25.88888888888889,34.868421052631575
AB Dinda,2014,2014,195,271,5,7,2,65,8.338461538461539,54.2,33.33333333333333
AB Dinda,2015,2015,33,63,0,1,2,5,11.454545454545455,,15.151515151515152
AB Dinda,2016,2016,192,236,13,8,1,86,7.375,18.153846153846153,44.79166666666667
AB Dinda,2017,2017,65,121,2,5,0,23,11.169230769230769,60.5,35.38461538461539
AB McDonald,2009,2009,18,22,0,0,0,2,7.333333333333333,,11.11111111111111
AB McDonald,2009/10,2009,85,138,8,1,0,21,9.741176470588236,17.25,24.705882352941178
AB McDonald,2011,2011,12,23,0,0,0,5,11.5,,41.66666666666667
AB McDonald,2012,2012,61,63,5,1,0,20,6.19672131147541,12.6,32.78688524590164
AB McDonald,2013,2013,12,17,1,0,0,4,8.5,17.0,33.33333333333333
AC Gilchrist,2013,2013,1,0,1,0,0,1,0.0,0.0,100.0
AC Thomas,2011,2011,240,300,11,8,1,99,7.5,27.272727272727273,41.25
AC Thomas,2012,2012,87,116,5,2,1,34,8.0,23.2,39.08045977011494
AC Voges,2009/10,2009,56,76,1,2,0,15,8.142857142857142,76.0,26.785714285714285
AD Mascarenhas,2007/08,2007,25,31,2,1,0,10,7.4399999999999995,15.5,40.0
AD Mascarenhas,2009,2009,116,133,6,0,0,59,6.879310344827586,22.166666666666668,50.86206896551724
AD Mascarenhas,2009/10,2009,48,66,4,0,0,17,8.25,16.5,35.41666666666667
AD Mascarenhas,2012,2012,97,110,7,1,0,37,6.804123711340206,15.714285714285714,38.144329896907216
AD Mascarenhas,2013,2013,24,25,0,0,0,7,6.25,,29.166666666666668
AD Mathews,2009,2009,15,32,0,1,0,3,12.8,,20.0
AD Mathews,2009/10,2009,230,317,8,4,1,62,8.269565217391303,39.625,26.956521739130434
AD Mathews,2012,2012,158,195,7,2,0,53,7.405063291139241,27.857142857142858,33.54430379746836
AD Mathews,2013,2013,188,245,6,2,0,52,7.819148936170213,40.833333333333336,27.659574468085108
AD Mathews,2015,2015,185,249,7,5,0,64,8.075675675675676,35.57142857142857,34.5945945945946
AD Mathews,2017,2017,31,57,0,1,0,4,11.032258064516128,,12.903225806451612
AD Russell,2012,2012,98,162,1,1,1,30,9.918367346938776,162.0,30.612244897959183
AD Russell,2013,2013,44,68,0,2,0,10,9.272727272727273,,22.727272727272727
AD Russell,2014,2014,31,54,2,0,1,8,10.451612903225806,27.0,25.806451612903224
AD Russell,2015,2015,254,332,14,9,1,100,7.8425196850393695,23.714285714285715,39.37007874015748
AD Russell,2016,2016,224,301,19,5,0,97,8.0625,15.842105263157896,43.30357142857143
AD Russell,2018,2018,239,360,13,11,1,77,9.03765690376569,27.692307692307693,32.21757322175732
AD Russell,2019,2019,182,288,11,1,0,61,9.494505494505495,26.181818181818183,33.51648351648351
AD Russell,2020/21,2020,114,178,7,4,2,40,9.368421052631579,25.428571428571427,35.08771929824561
AD Russell,2021,2021,122,189,11,8,0,39,9.295081967213115,17.181818181818183,31.967213114754102
AD Russell,2022,2022,176,282,21,6,1,58,9.613636363636363,13.428571428571429,32.95454545454545
AD Russell,2023,2023,99,173,7,5,3,32,10.484848484848484,24.714285714285715,32.323232323232325
AD Russell,2024,2024,188,304,19,12,0,68,9.702127659574469,16.0,36.17021276595745
AD Russell,2025,2025,114,218,8,2,3,30,11.473684210526315,27.25,26.31578947368421
AF Milne,2016,2016,25,44,1,1,0,8,10.559999999999999,44.0,32.0
AF Milne,2017,2017,90,141,4,6,0,29,9.4,35.25,32.22222222222222
AF Milne,2021,2021,87,135,4,2,1,32,9.310344827586206,33.75,36.7816091954023
AF Milne,2022,2022,15,19,0,0,0,9,7.6,,60.0
AG Murtaza,2009/10,2009,73,93,4,1,0,24,7.6438356164383565,23.25,32.87671232876712
AG Murtaza,2011,2011,122,122,5,2,0,58,6.0,24.4,47.540983606557376
AG Murtaza,2012,2012,12,11,0,0,0,5,5.5,,41.66666666666667
AG Murtaza,2013,2013,62,96,3,2,0,19,9.29032258064516,32.0,30.64516129032258
AJ Finch,2009/10,2009,7,5,0,0,0,3,4.285714285714286,,42.857142857142854
AJ Finch,2011,2011,13,13,0,1,0,5,6.0,,38.46153846153847
AJ Finch,2013,2013,24,49,1,0,0,5,12.25,49.0,20.833333333333336
AJ Hosein,2023,2023,24,41,1,0,0,6,10.25,41.0,25.0
AJ Hosein,2026,2026,108,128,7,0,2,48,7.111111111111111,18.285714285714285,44.44444444444444
AJ Tye,2017,2017,128,146,12,2,0,49,6.84375,12.166666666666666,38.28125
AJ Tye,2018,2018,353,459,28,15,2,117,7.80169971671388,16.392857142857142,33.14447592067989
AJ Tye,2019,2019,137,233,3,5,0,30,10.204379562043796,77.66666666666667,21.897810218978105
AJ Tye,2020/21,2020,27,54,2,2,1,6,12.0,27.0,22.22222222222222
AJ Tye,2022,2022,69,113,3,3,0,24,9.826086956521738,37.666666666666664,34.78260869565217
AK Markram,2021,2021,25,23,0,1,0,9,5.52,,36.0
AK Markram,2022,2022,36,64,1,0,0,8,10.666666666666666,64.0,22.22222222222222
AK Markram,2023,2023,49,71,1,0,0,12,8.693877551020408,71.0,24.489795918367346
AK Markram,2024,2024,13,15,0,0,1,5,6.923076923076923,,38.46153846153847
AK Markram,2025,2025,68,102,4,2,0,15,9.0,25.5,22.058823529411764
AK Markram,2026,2026,35,69,0,1,0,8,11.82857142857143,,22.857142857142858
AL Menaria,2011,2011,93,121,2,3,0,30,7.806451612903226,60.5,32.25806451612903
AL Menaria,2012,2012,20,23,1,0,0,10,6.8999999999999995,23.0,50.0
AM Ghazanfar,2026,2026,176,287,12,3,0,54,9.78409090909091,23.916666666666668,30.681818181818183
AM Nayar,2007/08,2007,43,69,1,1,0,15,9.627906976744185,69.0,34.883720930232556
AM Nayar,2009,2009,77,84,4,5,0,27,6.545454545454545,21.0,35.064935064935064
AM Nayar,2011,2011,63,95,2,2,0,15,9.047619047619047,47.5,23.809523809523807
AM Nayar,2012,2012,6,16,0,0,0,0,16.0,,0.0
AM Nayar,2013,2013,50,59,2,2,0,13,7.079999999999999,29.5,26.0
AM Rahane,2009,2009,6,5,1,0,0,2,5.0,5.0,33.33333333333333
AM Salvi,2009,2009,106,138,4,4,0,43,7.811320754716981,34.5,40.56603773584906
AM Salvi,2011,2011,50,67,3,2,0,18,8.04,22.333333333333332,36.0
AN Ahmed,2009/10,2009,14,26,0,2,0,3,11.142857142857142,,21.428571428571427
AN Ahmed,2011,2011,128,178,7,7,1,46,8.34375,25.428571428571427,35.9375
AN Ahmed,2012,2012,13,17,0,1,0,5,7.846153846153847,,38.46153846153847
AN Ahmed,2013,2013,42,45,3,0,0,21,6.428571428571429,15.0,50.0
AN Ahmed,2014,2014,89,120,3,1,2,29,8.089887640449438,40.0,32.58426966292135
AN Ahmed,2015,2015,76,129,2,2,2,27,10.18421052631579,64.5,35.526315789473685
AP Dole,2009/10,2009,73,114,5,6,1,22,9.36986301369863,22.8,30.136986301369863
AR Patel,2014,2014,403,424,19,7,0,169,6.312655086848634,22.31578947368421,41.935483870967744
AR Patel,2015,2015,289,399,14,9,0,90,8.283737024221454,28.5,31.141868512110726
AR Patel,2016,2016,294,395,13,7,0,98,8.061224489795919,30.384615384615383,33.33333333333333
AR Patel,2017,2017,294,366,15,6,0,86,7.469387755102041,24.4,29.25170068027211
AR Patel,2018,2018,158,221,3,2,0,41,8.39240506329114,73.66666666666667,25.949367088607595
AR Patel,2019,2019,307,368,12,1,0,110,7.192182410423453,30.666666666666668,35.83061889250814
AR Patel,2020/21,2020,308,329,11,2,0,100,6.409090909090909,29.90909090909091,32.467532467532465
AR Patel,2021,2021,285,315,16,3,0,102,6.631578947368421,19.6875,35.78947368421053
AR Patel,2022,2022,261,323,6,3,0,86,7.425287356321839,53.833333333333336,32.95019157088122
AR Patel,2023,2023,288,344,11,6,0,105,7.166666666666667,31.272727272727273,36.45833333333333
AR Patel,2024,2024,265,340,11,1,0,80,7.69811320754717,30.90909090909091,30.18867924528302
AR Patel,2025,2025,219,314,6,3,0,67,8.602739726027398,52.333333333333336,30.59360730593607
AR Patel,2026,2026,196,268,9,4,0,56,8.204081632653061,29.77777777777778,28.57142857142857
AS Joseph,2019,2019,55,89,6,3,0,25,9.709090909090909,14.833333333333334,45.45454545454545
AS Joseph,2022,2022,185,269,8,4,1,72,8.724324324324325,33.625,38.91891891891892
AS Joseph,2023,2023,150,226,7,6,0,57,9.04,32.285714285714285,38.0
AS Joseph,2024,2024,64,123,1,6,0,18,11.53125,123.0,28.125
AS Rajpoot,2013,2013,25,37,1,1,0,10,8.879999999999999,37.0,40.0
AS Rajpoot,2016,2016,72,101,3,5,1,21,8.416666666666666,33.666666666666664,29.166666666666668
AS Rajpoot,2017,2017,87,113,4,3,0,33,7.793103448275862,28.25,37.93103448275862
AS Rajpoot,2018,2018,166,230,11,7,2,82,8.313253012048193,20.90909090909091,49.39759036144578
AS Rajpoot,2019,2019,102,157,3,1,5,38,9.235294117647058,52.333333333333336,37.254901960784316
AS Rajpoot,2020/21,2020,115,206,2,11,2,35,10.747826086956522,103.0,30.434782608695656
AS Raut,2009,2009,24,37,0,0,0,5,9.25,,20.833333333333336
AS Raut,2011,2011,6,8,0,0,0,2,8.0,,33.33333333333333
AS Roy,2019,2019,15,11,1,3,0,4,4.4,11.0,26.666666666666668
AS Roy,2022,2022,42,55,1,0,0,11,7.857142857142857,55.0,26.190476190476193
AS Roy,2023,2023,51,65,3,3,0,20,7.647058823529412,21.666666666666668,39.21568627450981
AS Roy,2024,2024,34,60,1,0,0,13,10.588235294117647,60.0,38.23529411764706
AS Roy,2025,2025,25,27,2,1,0,8,6.4799999999999995,13.5,32.0
AS Roy,2026,2026,109,150,6,12,0,32,8.256880733944953,25.0,29.357798165137616
AU Rashid,2021,2021,18,35,0,0,0,6,11.666666666666666,,33.33333333333333
AU Rashid,2023,2023,42,56,2,0,0,14,8.0,28.0,33.33333333333333
AUK Pathan,2011,2011,35,49,0,2,0,7,8.4,,20.0
AUK Pathan,2012,2012,6,14,0,0,0,2,14.0,,33.33333333333333
Abdul Samad,2020/21,2020,43,96,1,1,0,9,13.395348837209301,96.0,20.930232558139537
Abdul Samad,2021,2021,6,9,1,0,0,1,9.0,9.0,16.666666666666664
Abdul Samad,2022,2022,6,8,0,0,0,1,8.0,,16.666666666666664
Abdul Samad,2025,2025,2,6,0,0,0,1,18.0,,50.0
Abdul Samad,2026,2026,1,6,0,0,0,0,36.0,,0.0
Abdur Razzak,2007/08,2007,14,29,0,1,1,5,12.428571428571427,,35.714285714285715
Abhinandan Singh,2026,2026,60,122,3,2,0,15,12.2,40.666666666666664,25.0
Abhishek Sharma,2019,2019,13,21,1,0,1,1,9.692307692307693,21.0,7.6923076923076925
Abhishek Sharma,2020/21,2020,61,92,2,1,0,11,9.049180327868854,46.0,18.0327868852459
Abhishek Sharma,2021,2021,63,66,4,3,0,25,6.285714285714286,16.5,39.682539682539684
Abhishek Sharma,2022,2022,24,39,0,0,0,4,9.75,,16.666666666666664
Abhishek Sharma,2023,2023,75,127,2,3,0,23,10.16,63.5,30.666666666666664
Abhishek Sharma,2024,2024,42,51,2,0,0,12,7.285714285714286,25.5,28.57142857142857
Abhishek Sharma,2025,2025,67,113,0,1,0,22,10.119402985074627,,32.83582089552239
Abhishek Sharma,2026,2026,29,49,0,0,0,6,10.13793103448276,,20.689655172413794
Akash Deep,2022,2022,119,206,6,4,2,42,10.38655462184874,34.333333333333336,35.294117647058826
Akash Deep,2023,2023,33,63,1,1,2,11,11.454545454545455,63.0,33.33333333333333
Akash Deep,2024,2024,23,55,1,2,0,6,14.347826086956522,55.0,26.08695652173913
Akash Deep,2025,2025,127,230,3,13,0,35,10.866141732283465,76.66666666666667,27.559055118110237
Akash Madhwal,2023,2023,160,222,16,2,5,54,8.325,13.875,33.75
Akash Madhwal,2024,2024,119,209,6,8,2,36,10.53781512605042,34.833333333333336,30.252100840336134
Akash Madhwal,2025,2025,97,167,4,7,0,23,10.329896907216494,41.75,23.711340206185564
Akash Singh,2021,2021,24,39,0,0,0,7,9.75,,29.166666666666668
Akash Singh,2023,2023,117,188,5,3,0,46,9.64102564102564,37.6,39.31623931623932
Akash Singh,2025,2025,67,99,4,0,0,20,8.865671641791046,24.75,29.850746268656714
Aman Hakim Khan,2022,2022,6,13,0,0,0,1,13.0,,16.666666666666664
Anand Rajan,2011,2011,35,50,5,5,0,15,8.571428571428571,10.0,42.857142857142854
Anand Rajan,2012,2012,76,113,3,4,1,23,8.921052631578947,37.666666666666664,30.263157894736842
Anand Rajan,2013,2013,51,43,2,3,0,25,5.0588235294117645,21.5,49.01960784313725
Ankit Sharma,2012,2012,147,167,4,2,0,63,6.816326530612245,41.75,42.857142857142854
Ankit Sharma,2013,2013,12,17,0,0,0,5,8.5,,41.66666666666667
Ankit Sharma,2014,2014,48,44,4,0,0,23,5.5,11.0,47.91666666666667
Ankit Sharma,2015,2015,86,114,3,2,0,29,7.953488372093023,38.0,33.72093023255814
Ankit Sharma,2016,2016,70,84,1,4,0,17,7.2,84.0,24.285714285714285
Ankit Sharma,2017,2017,6,16,0,0,0,1,16.0,,16.666666666666664
Ankit Sharma,2018,2018,6,11,0,0,0,1,11.0,,16.666666666666664
Ankit Soni,2017,2017,112,145,4,3,0,38,7.767857142857142,36.25,33.92857142857143
Anureet Singh,2009,2009,34,47,2,4,0,16,8.294117647058822,23.5,47.05882352941176
Anureet Singh,2015,2015,322,477,16,7,5,120,8.888198757763975,29.8125,37.267080745341616
Anureet Singh,2016,2016,38,44,1,0,2,13,6.947368421052632,44.0,34.21052631578947
Anureet Singh,2017,2017,12,26,0,0,0,2,13.0,,16.666666666666664
Anureet Singh,2018,2018,24,42,2,0,0,4,10.5,21.0,16.666666666666664
Arjun Tendulkar,2023,2023,68,95,4,8,1,26,8.382352941176471,23.75,38.23529411764706
Arjun Tendulkar,2024,2024,15,22,0,1,0,7,8.8,,46.666666666666664
Arshad Khan,2023,2023,97,192,5,12,0,27,11.876288659793813,38.4,27.835051546391753
Arshad Khan,2024,2024,56,90,1,7,0,19,9.642857142857142,90.0,33.92857142857143
Arshad Khan,2025,2025,136,220,6,9,1,49,9.705882352941176,36.666666666666664,36.029411764705884
Arshad Khan,2026,2026,67,95,6,5,0,29,8.507462686567164,15.833333333333334,43.28358208955223
Arshad Khan (2),2024,2024,13,25,0,1,0,5,11.53846153846154,,38.46153846153847
Arshdeep Singh,2019,2019,65,117,3,5,0,20,10.799999999999999,39.0,30.76923076923077
Arshdeep Singh,2020/21,2020,158,219,11,8,1,56,8.316455696202532,19.90909090909091,35.44303797468354
Arshdeep Singh,2021,2021,263,348,20,15,0,88,7.939163498098859,17.4,33.460076045627375
Arshdeep Singh,2022,2022,317,402,12,13,4,112,7.608832807570978,33.5,35.33123028391167
Arshdeep Singh,2023,2023,324,497,18,19,0,114,9.203703703703704,27.61111111111111,35.18518518518518
Arshdeep Singh,2024,2024,326,514,20,24,0,114,9.460122699386503,25.7,34.96932515337423
Arshdeep Singh,2025,2025,367,527,22,17,0,137,8.615803814713896,23.954545454545453,37.32970027247956
Arshdeep Singh,2026,2026,249,397,11,20,1,76,9.566265060240964,36.09090909090909,30.522088353413658
Ashok Sharma,2026,2026,136,233,6,9,1,54,10.279411764705882,38.833333333333336,39.705882352941174
Ashwani Kumar,2025,2025,132,234,11,7,2,39,10.636363636363637,21.272727272727273,29.545454545454547
Ashwani Kumar,2026,2026,64,102,6,4,0,22,9.5625,17.0,34.375
Atharva Taide,2024,2024,1,4,0,0,0,0,24.0,,0.0
Auqib Nabi,2026,2026,46,96,0,3,1,10,12.521739130434781,,21.73913043478261
Avesh Khan,2017,2017,24,24,1,0,0,12,6.0,24.0,50.0
Avesh Khan,2018,2018,117,205,4,2,1,44,10.512820512820513,51.25,37.60683760683761
Avesh Khan,2019,2019,19,30,0,1,0,7,9.473684210526317,,36.84210526315789
Avesh Khan,2020/21,2020,25,42,0,1,0,7,10.08,,28.000000000000004
Avesh Khan,2021,2021,383,466,27,16,1,156,7.300261096605744,17.25925925925926,40.73107049608355
Avesh Khan,2022,2022,300,423,19,13,1,126,8.46,22.263157894736842,42.0
Avesh Khan,2023,2023,176,287,8,2,0,61,9.78409090909091,35.875,34.659090909090914
Avesh Khan,2024,2024,346,533,22,16,1,101,9.242774566473988,24.227272727272727,29.190751445086704
Avesh Khan,2025,2025,294,487,13,10,0,77,9.938775510204081,37.46153846153846,26.190476190476193
Avesh Khan,2026,2026,128,232,5,4,0,38,10.875,46.4,29.6875
Azhar Mahmood,2012,2012,265,331,14,7,2,98,7.49433962264151,23.642857142857142,36.9811320754717
Azhar Mahmood,2013,2013,267,335,16,3,1,105,7.52808988764045,20.9375,39.325842696629216
Azhar Mahmood,2015,2015,20,41,1,0,2,6,12.299999999999999,41.0,30.0
Azmatullah Omarzai,2024,2024,131,194,4,5,0,57,8.885496183206108,48.5,43.51145038167939
Azmatullah Omarzai,2025,2025,169,282,8,7,0,46,10.011834319526626,35.25,27.218934911242602
B Akhil,2007/08,2007,105,138,3,1,0,38,7.885714285714286,46.0,36.19047619047619
B Akhil,2009,2009,69,80,4,3,0,19,6.956521739130435,20.0,27.536231884057973
B Akhil,2009/10,2009,6,6,0,0,0,3,6.0,,50.0
B Akhil,2011,2011,13,22,0,0,1,5,10.153846153846155,,38.46153846153847
B Chipli,2011,2011,6,20,0,0,0,1,20.0,,16.666666666666664
B Geeves,2007/08,2007,49,91,2,1,0,15,11.142857142857144,45.5,30.612244897959183
B Kumar,2011,2011,67,68,3,0,1,30,6.089552238805971,22.666666666666668,44.776119402985074
B Kumar,2012,2012,240,293,9,5,1,94,7.325,32.55555555555556,39.166666666666664
B Kumar,2013,2013,359,381,13,16,1,176,6.367688022284122,29.307692307692307,49.02506963788301
B Kumar,2014,2014,327,362,21,8,0,159,6.6422018348623855,17.238095238095237,48.62385321100918
B Kumar,2015,2015,323,419,19,13,0,134,7.783281733746129,22.05263157894737,41.48606811145511
B Kumar,2016,2016,414,503,24,17,1,169,7.2898550724637685,20.958333333333332,40.82125603864734
B Kumar,2017,2017,324,384,28,9,1,131,7.111111111111111,13.714285714285714,40.4320987654321
B Kumar,2018,2018,286,357,10,7,2,125,7.48951048951049,35.7,43.70629370629371
B Kumar,2019,2019,367,466,14,12,1,168,7.618528610354224,33.285714285714285,45.776566757493185
B Kumar,2020/21,2020,88,100,5,2,1,40,6.818181818181818,20.0,45.45454545454545
B Kumar,2021,2021,259,337,6,7,0,103,7.806949806949808,56.166666666666664,39.768339768339764
B Kumar,2022,2022,330,394,13,15,2,141,7.163636363636364,30.307692307692307,42.72727272727273
B Kumar,2023,2023,319,432,19,13,0,128,8.12539184952978,22.736842105263158,40.12539184952978
B Kumar,2024,2024,357,555,11,14,1,136,9.327731092436975,50.45454545454545,38.095238095238095
B Kumar,2025,2025,318,490,18,6,0,123,9.245283018867925,27.22222222222222,38.67924528301887
B Kumar,2026,2026,218,267,18,7,1,83,7.348623853211008,14.833333333333334,38.07339449541284
B Laughlin,2013,2013,45,72,1,3,0,10,9.6,72.0,22.22222222222222
B Laughlin,2018,2018,134,212,9,7,1,34,9.492537313432836,23.555555555555557,25.37313432835821
B Lee,2007/08,2007,99,118,5,0,3,51,7.151515151515151,23.6,51.515151515151516
B Lee,2009,2009,133,113,6,8,5,74,5.097744360902255,18.833333333333332,55.639097744360896
B Lee,2009/10,2009,91,154,0,3,1,22,10.153846153846155,,24.175824175824175
B Lee,2011,2011,284,349,8,10,2,120,7.373239436619718,43.625,42.25352112676056
B Lee,2012,2012,234,303,7,4,2,103,7.769230769230769,43.285714285714285,44.01709401709402
B Lee,2013,2013,75,89,4,3,0,37,7.12,22.25,49.333333333333336
B Muzarabani,2026,2026,44,79,5,2,0,13,10.772727272727273,15.8,29.545454545454547
B Stanlake,2017,2017,50,70,2,2,0,17,8.399999999999999,35.0,34.0
B Stanlake,2018,2018,100,130,5,4,0,47,7.8,26.0,47.0
BA Bhatt,2011,2011,172,233,9,5,0,56,8.127906976744185,25.88888888888889,32.55813953488372
BA Bhatt,2012,2012,100,143,3,0,1,30,8.58,47.666666666666664,30.0
BA Bhatt,2013,2013,31,32,1,1,0,12,6.193548387096774,32.0,38.70967741935484
BA Stokes,2017,2017,274,327,14,10,0,116,7.160583941605839,23.357142857142858,42.33576642335766
BA Stokes,2018,2018,232,307,9,9,1,78,7.939655172413794,34.111111111111114,33.62068965517241
BA Stokes,2019,2019,109,200,6,7,1,31,11.009174311926605,33.333333333333336,28.440366972477065
BA Stokes,2020/21,2020,96,159,2,4,2,24,9.9375,79.5,25.0
BA Stokes,2021,2021,6,12,0,0,0,2,12.0,,33.33333333333333
BA Stokes,2023,2023,6,18,0,0,0,0,18.0,,0.0
BAW Mendis,2007/08,2007,24,24,1,0,0,9,6.0,24.0,37.5
BAW Mendis,2009,2009,102,136,4,1,1,28,8.0,34.0,27.450980392156865
BAW Mendis,2009/10,2009,50,68,2,2,0,14,8.16,34.0,28.000000000000004
BAW Mendis,2013,2013,72,78,2,0,0,29,6.5,39.0,40.27777777777778
BB Sran,2015,2015,20,36,0,1,1,7,10.799999999999999,,35.0
BB Sran,2016,2016,312,420,14,15,0,111,8.076923076923077,30.0,35.57692307692308
BB Sran,2017,2017,13,29,0,1,0,4,13.384615384615385,,30.76923076923077
BB Sran,2018,2018,146,231,6,12,2,48,9.493150684931507,38.5,32.87671232876712
BB Sran,2019,2019,25,51,0,1,0,7,12.239999999999998,,28.000000000000004
BCJ Cutting,2014,2014,24,31,2,0,0,9,7.75,15.5,37.5
BCJ Cutting,2016,2016,68,80,5,1,0,23,7.0588235294117645,16.0,33.82352941176471
BCJ Cutting,2017,2017,79,123,2,3,0,20,9.341772151898734,61.5,25.31645569620253
BCJ Cutting,2018,2018,105,169,2,3,0,24,9.657142857142857,84.5,22.857142857142858
BCJ Cutting,2019,2019,12,27,1,0,0,2,13.5,27.0,16.666666666666664
BE Hendricks,2014,2014,75,127,4,3,0,26,10.16,31.75,34.66666666666667
BE Hendricks,2015,2015,82,112,7,3,1,29,8.195121951219512,16.0,35.36585365853659
BJ Hodge,2009,2009,123,167,7,3,0,37,8.146341463414634,23.857142857142858,30.081300813008134
BJ Hodge,2009/10,2009,30,41,2,0,0,8,8.2,20.5,26.666666666666668
BJ Hodge,2011,2011,67,77,8,1,0,28,6.895522388059702,9.625,41.7910447761194
BJ Hodge,2012,2012,12,22,1,0,0,3,11.0,22.0,25.0
BJ Hodge,2013,2013,6,3,0,0,0,3,3.0,,50.0
BJ Rohrer,2013,2013,7,12,0,1,0,1,10.285714285714285,,14.285714285714285
BMAJ Mendis,2013,2013,30,36,1,0,0,11,7.2,36.0,36.666666666666664
BW Hilfenhaus,2012,2012,215,242,14,9,2,110,6.753488372093023,17.285714285714285,51.162790697674424
BW Hilfenhaus,2014,2014,175,255,9,6,1,75,8.742857142857142,28.333333333333332,42.857142857142854
Basil Thampi,2017,2017,278,428,15,10,0,79,9.237410071942445,28.533333333333335,28.41726618705036
Basil Thampi,2018,2018,62,115,5,1,0,17,11.129032258064516,23.0,27.419354838709676
Basil Thampi,2019,2019,73,115,0,0,1,22,9.452054794520548,,30.136986301369863
Basil Thampi,2020/21,2020,24,46,1,0,0,5,11.5,46.0,20.833333333333336
Basil Thampi,2022,2022,102,158,5,6,0,41,9.294117647058824,31.6,40.19607843137255
Bipul Sharma,2009/10,2009,60,94,4,0,0,14,9.4,23.5,23.333333333333332
Bipul Sharma,2011,2011,78,80,5,6,0,29,6.153846153846154,16.0,37.17948717948718
Bipul Sharma,2012,2012,48,82,0,2,0,16,10.25,,33.33333333333333
Bipul Sharma,2013,2013,24,21,1,0,0,11,5.25,21.0,45.83333333333333
Bipul Sharma,2015,2015,42,50,4,0,0,17,7.142857142857143,12.5,40.476190476190474
Bipul Sharma,2016,2016,84,123,5,0,0,22,8.785714285714286,24.6,26.190476190476193
Bipul Sharma,2017,2017,100,131,3,2,0,30,7.859999999999999,43.666666666666664,30.0
Brijesh Sharma,2026,2026,148,215,7,10,1,44,8.716216216216216,30.714285714285715,29.72972972972973
C Bosch,2025,2025,45,56,1,3,0,24,7.466666666666667,56.0,53.333333333333336
C Bosch,2026,2026,34,59,3,2,1,11,10.411764705882353,19.666666666666668,32.35294117647059
C Ganapathy,2009/10,2009,6,13,0,0,0,1,13.0,,16.666666666666664
C Green,2023,2023,239,370,8,10,1,89,9.288702928870292,46.25,37.238493723849366
C Green,2024,2024,223,305,12,12,0,72,8.20627802690583,25.416666666666668,32.28699551569507
C Green,2026,2026,74,132,3,7,1,27,10.702702702702702,44.0,36.486486486486484
C Munro,2016,2016,12,15,0,0,0,5,7.5,,41.66666666666667
C Nanda,2009,2009,50,58,2,2,0,14,6.959999999999999,29.0,28.000000000000004
C Sakariya,2021,2021,334,434,14,18,4,114,7.796407185628743,31.0,34.13173652694611
C Sakariya,2022,2022,71,87,3,5,0,21,7.352112676056338,29.0,29.577464788732392
C Sakariya,2023,2023,55,89,3,6,1,17,9.709090909090909,29.666666666666668,30.909090909090907
C Sakariya,2025,2025,19,39,0,1,0,3,12.31578947368421,,15.789473684210526
C de Grandhomme,2017,2017,102,136,4,4,2,35,8.0,34.0,34.31372549019608
C de Grandhomme,2018,2018,97,132,3,7,0,26,8.164948453608247,44.0,26.804123711340207
C de Grandhomme,2019,2019,31,55,0,1,0,2,10.64516129032258,,6.451612903225806
CH Gayle,2009,2009,119,146,1,6,0,34,7.3613445378151265,146.0,28.57142857142857
CH Gayle,2009/10,2009,102,153,4,6,0,30,9.0,38.25,29.411764705882355
CH Gayle,2011,2011,225,262,9,7,2,88,6.986666666666666,29.11111111111111,39.111111111111114
CH Gayle,2012,2012,30,67,0,2,0,6,13.4,,20.0
CH Gayle,2013,2013,25,41,3,1,0,11,9.84,13.666666666666666,44.0
CH Gayle,2015,2015,13,16,0,1,0,4,7.384615384615385,,30.76923076923077
CH Gayle,2016,2016,65,65,2,4,1,24,6.0,32.5,36.92307692307693
CH Gayle,2020/21,2020,5,5,0,0,0,0,6.0,,0.0
CH Morris,2013,2013,309,410,17,8,1,123,7.961165048543689,24.11764705882353,39.80582524271845
CH Morris,2015,2015,270,336,15,11,1,122,7.466666666666667,22.4,45.18518518518518
CH Morris,2016,2016,274,320,16,9,1,112,7.007299270072993,20.0,40.87591240875913
CH Morris,2017,2017,189,241,14,3,0,72,7.650793650793651,17.214285714285715,38.095238095238095
CH Morris,2018,2018,87,148,3,3,0,31,10.206896551724139,49.333333333333336,35.63218390804598
CH Morris,2019,2019,206,314,13,6,2,69,9.145631067961164,24.153846153846153,33.49514563106796
CH Morris,2020/21,2020,204,212,12,14,0,91,6.235294117647059,17.666666666666668,44.6078431372549
CH Morris,2021,2021,262,396,17,16,0,91,9.068702290076336,23.294117647058822,34.73282442748092
CJ Anderson,2014,2014,114,188,4,6,0,39,9.894736842105264,47.0,34.21052631578947
CJ Anderson,2015,2015,24,33,1,0,0,10,8.25,33.0,41.66666666666667
CJ Anderson,2017,2017,121,187,4,8,0,21,9.272727272727272,46.75,17.355371900826448
CJ Anderson,2018,2018,56,117,5,4,0,16,12.535714285714285,23.4,28.57142857142857
CJ Dala,2018,2018,19,34,0,1,0,7,10.736842105263158,,36.84210526315789
CJ Green,2020/21,2020,17,24,0,0,0,6,8.470588235294118,,35.294117647058826
CJ Jordan,2016,2016,181,266,13,11,2,54,8.817679558011049,20.46153846153846,29.83425414364641
CJ Jordan,2017,2017,7,10,1,1,0,3,8.571428571428571,10.0,42.857142857142854
CJ Jordan,2018,2018,25,35,0,1,0,11,8.399999999999999,,44.0
CJ Jordan,2020/21,2020,210,320,12,14,1,63,9.142857142857142,26.666666666666668,30.0
CJ Jordan,2021,2021,74,103,4,2,0,27,8.35135135135135,25.75,36.486486486486484
CJ Jordan,2022,2022,80,136,3,1,2,24,10.2,45.333333333333336,30.0
CJ Jordan,2023,2023,140,241,3,8,0,44,10.32857142857143,80.33333333333333,31.428571428571427
CJ McKay,2012,2012,42,60,1,0,0,14,8.571428571428571,60.0,33.33333333333333
CK Kapugedera,2007/08,2007,17,49,0,0,0,0,17.294117647058822,,0.0
CK Langeveldt,2009,2009,25,15,3,1,0,16,3.5999999999999996,5.0,64.0
CK Langeveldt,2009/10,2009,70,92,5,4,0,27,7.885714285714286,18.4,38.57142857142858
CK Langeveldt,2011,2011,70,92,5,3,1,33,7.885714285714286,18.4,47.14285714285714
CL White,2007/08,2007,7,24,0,1,0,0,20.57142857142857,,0.0
CL White,2009/10,2009,7,19,0,1,0,2,16.285714285714285,,28.57142857142857
CL White,2012,2012,20,27,0,2,0,1,8.1,,5.0
CL White,2013,2013,12,16,1,0,0,5,8.0,16.0,41.66666666666667
CR Brathwaite,2016,2016,143,192,9,1,3,45,8.055944055944057,21.333333333333332,31.46853146853147
CR Brathwaite,2017,2017,38,67,1,2,0,6,10.578947368421053,67.0,15.789473684210526
CR Brathwaite,2018,2018,64,96,6,3,0,23,9.0,16.0,35.9375
CR Brathwaite,2019,2019,21,29,0,3,0,6,8.285714285714286,,28.57142857142857
CR Woakes,2017,2017,278,393,18,14,0,93,8.482014388489208,21.833333333333332,33.45323741007194
CR Woakes,2018,2018,118,196,8,8,0,47,9.966101694915254,24.5,39.83050847457627
CR Woakes,2021,2021,67,85,5,0,1,33,7.611940298507463,17.0,49.25373134328358
CRD Fernando,2007/08,2007,128,164,12,7,1,53,7.6875,13.666666666666666,41.40625
CRD Fernando,2009/10,2009,121,142,7,4,3,55,7.041322314049586,20.285714285714285,45.45454545454545
CV Varun,2019,2019,18,35,1,0,0,8,11.666666666666666,35.0,44.44444444444444
CV Varun,2020/21,2020,313,357,17,1,0,111,6.843450479233227,21.0,35.46325878594249
CV Varun,2021,2021,416,456,20,5,3,152,6.5769230769230775,22.8,36.53846153846153
CV Varun,2022,2022,245,338,6,8,3,89,8.277551020408163,56.333333333333336,36.3265306122449
CV Varun,2023,2023,323,445,20,7,0,124,8.26625386996904,22.25,38.39009287925697
CV Varun,2024,2024,309,411,21,7,2,126,7.980582524271845,19.571428571428573,40.77669902912621
CV Varun,2025,2025,308,390,17,8,0,117,7.597402597402597,22.941176470588236,37.98701298701299
CV Varun,2026,2026,155,224,10,5,0,51,8.670967741935485,22.4,32.903225806451616
D Brevis,2022,2022,3,8,1,0,0,1,16.0,8.0,33.33333333333333
D Ferreira,2026,2026,6,14,1,0,0,1,14.0,14.0,16.666666666666664
D Jansen,2023,2023,28,53,1,4,0,6,11.357142857142856,53.0,21.428571428571427
D Kalyankrishna,2007/08,2007,50,88,2,2,0,11,10.559999999999999,44.0,22.0
D Madushanka,2026,2026,28,36,1,4,0,8,7.7142857142857135,36.0,28.57142857142857
D Pretorius,2022,2022,138,213,7,12,0,37,9.26086956521739,30.428571428571427,26.811594202898554
D Pretorius,2023,2023,28,29,0,4,0,9,6.2142857142857135,,32.142857142857146
D Salunkhe,2007/08,2007,51,80,1,3,1,15,9.411764705882353,80.0,29.411764705882355
D Wiese,2015,2015,262,360,17,8,0,77,8.244274809160306,21.176470588235293,29.389312977099237
D Wiese,2016,2016,27,49,0,2,1,6,10.88888888888889,,22.22222222222222
D Wiese,2023,2023,18,38,0,0,0,3,12.666666666666666,,16.666666666666664
D du Preez,2009,2009,43,56,4,0,1,18,7.813953488372093,14.0,41.86046511627907
DA Payne,2026,2026,31,70,2,1,0,5,13.548387096774192,35.0,16.129032258064516
DA Warner,2020/21,2020,2,2,0,1,0,0,6.0,,0.0
DAJ Bracewell,2012,2012,25,32,3,1,0,10,7.68,10.666666666666666,40.0
DB Ravi Teja,2007/08,2007,12,19,1,0,0,3,9.5,19.0,25.0
DB Ravi Teja,2011,2011,6,9,0,0,0,1,9.0,,16.666666666666664
DE Bollinger,2009/10,2009,193,213,13,6,1,97,6.6217616580310885,16.384615384615383,50.259067357512954
DE Bollinger,2011,2011,294,343,20,11,1,124,7.0,17.15,42.17687074829932
DE Bollinger,2012,2012,113,160,10,5,0,49,8.495575221238939,16.0,43.36283185840708
DG Nalkande,2022,2022,33,59,2,2,0,8,10.727272727272727,29.5,24.242424242424242
DG Nalkande,2023,2023,25,45,1,0,1,10,10.799999999999999,45.0,40.0
DG Nalkande,2024,2024,31,46,3,2,0,7,8.903225806451612,15.333333333333334,22.58064516129032
DJ Bravo,2007/08,2007,181,239,11,10,0,73,7.922651933701657,21.727272727272727,40.331491712707184
DJ Bravo,2009,2009,211,265,14,11,1,93,7.535545023696683,18.928571428571427,44.07582938388626
DJ Bravo,2009/10,2009,162,231,5,5,0,51,8.555555555555555,46.2,31.48148148148148
DJ Bravo,2011,2011,129,159,6,9,0,42,7.395348837209302,26.5,32.55813953488372
DJ Bravo,2012,2012,363,472,20,17,0,119,7.801652892561983,23.6,32.78236914600551
DJ Bravo,2013,2013,392,505,34,16,1,141,7.729591836734694,14.852941176470589,35.96938775510204
DJ Bravo,2015,2015,324,442,28,9,1,97,8.185185185185185,15.785714285714286,29.938271604938272
DJ Bravo,2016,2016,348,502,19,11,1,98,8.655172413793103,26.42105263157895,28.160919540229884
DJ Bravo,2018,2018,338,538,18,17,0,90,9.550295857988166,29.88888888888889,26.627218934911244
DJ Bravo,2019,2019,263,336,13,14,2,74,7.665399239543726,25.846153846153847,28.13688212927757
DJ Bravo,2020/21,2020,135,180,7,9,0,35,8.0,25.714285714285715,25.925925925925924
DJ Bravo,2021,2021,221,264,15,19,0,73,7.167420814479637,17.6,33.03167420814479
DJ Bravo,2022,2022,229,303,17,20,3,72,7.938864628820961,17.823529411764707,31.4410480349345
DJ Harris,2012,2012,18,26,0,0,0,4,8.666666666666666,,22.22222222222222
DJ Hooda,2015,2015,97,131,1,6,0,27,8.103092783505154,131.0,27.835051546391753
DJ Hooda,2016,2016,80,97,3,2,0,21,7.2749999999999995,32.333333333333336,26.25
DJ Hooda,2017,2017,24,42,2,0,0,7,10.5,21.0,29.166666666666668
DJ Hooda,2018,2018,19,25,0,1,0,6,7.894736842105264,,31.57894736842105
DJ Hooda,2019,2019,13,21,1,1,0,1,9.692307692307693,21.0,7.6923076923076925
DJ Hooda,2020/21,2020,6,10,0,0,0,2,10.0,,33.33333333333333
DJ Hooda,2021,2021,96,136,2,0,0,31,8.5,68.0,32.29166666666667
DJ Hooda,2022,2022,24,43,1,0,0,5,10.75,43.0,20.833333333333336
DJ Hooda,2023,2023,6,8,0,0,0,1,8.0,,16.666666666666664
DJ Hooda,2024,2024,19,22,0,1,0,4,6.947368421052632,,21.052631578947366
DJ Hooda,2025,2025,7,15,0,1,0,1,12.857142857142856,,14.285714285714285
DJ Hussey,2007/08,2007,79,134,3,1,0,25,10.177215189873419,44.666666666666664,31.645569620253166
DJ Hussey,2009,2009,25,34,1,1,0,7,8.16,34.0,28.000000000000004
DJ Hussey,2009/10,2009,60,81,0,0,0,14,8.1,,23.333333333333332
DJ Hussey,2011,2011,18,38,1,0,0,4,12.666666666666666,38.0,22.22222222222222
DJ Hussey,2012,2012,55,67,3,1,0,17,7.3090909090909095,22.333333333333332,30.909090909090907
DJ Hussey,2013,2013,68,93,0,2,0,20,8.205882352941176,,29.411764705882355
DJ Hussey,2014,2014,18,38,2,1,0,5,12.666666666666666,19.0,27.77777777777778
DJ Mitchell,2022,2022,13,27,0,1,0,1,12.461538461538462,,7.6923076923076925
DJ Mitchell,2024,2024,38,70,1,2,0,4,11.052631578947368,70.0,10.526315789473683
DJ Muthuswami,2015,2015,84,108,4,0,0,47,7.714285714285714,27.0,55.952380952380956
DJ Thornely,2007/08,2007,44,40,3,2,0,19,5.454545454545455,13.333333333333334,43.18181818181818
DJ Willey,2018,2018,61,96,2,1,0,20,9.442622950819672,48.0,32.78688524590164
DJ Willey,2022,2022,66,75,1,0,0,27,6.818181818181818,75.0,40.909090909090914
DJ Willey,2023,2023,94,106,4,4,0,37,6.765957446808511,26.5,39.361702127659576
DJG Sammy,2013,2013,138,169,11,3,1,51,7.3478260869565215,15.363636363636363,36.95652173913043
DJG Sammy,2014,2014,88,159,3,3,1,22,10.840909090909092,53.0,25.0
DJG Sammy,2015,2015,18,26,0,0,0,3,8.666666666666666,,16.666666666666664
DJM Short,2018,2018,18,23,1,0,0,8,7.666666666666667,23.0,44.44444444444444
DL Chahar,2016,2016,33,42,0,3,0,14,7.636363636363637,,42.42424242424242
DL Chahar,2017,2017,44,75,1,2,0,13,10.227272727272728,75.0,29.545454545454547
DL Chahar,2018,2018,248,281,10,17,2,118,6.798387096774193,28.1,47.58064516129033
DL Chahar,2019,2019,400,486,22,10,3,191,7.289999999999999,22.09090909090909,47.75
DL Chahar,2020/21,2020,321,402,12,9,0,118,7.514018691588785,33.5,36.7601246105919
DL Chahar,2021,2021,339,453,16,15,0,132,8.017699115044248,28.3125,38.93805309734513
DL Chahar,2023,2023,215,302,13,11,0,82,8.427906976744186,23.23076923076923,38.139534883720934
DL Chahar,2024,2024,146,202,5,5,0,60,8.301369863013699,40.4,41.0958904109589
DL Chahar,2025,2025,263,378,12,15,2,109,8.62357414448669,31.5,41.44486692015209
DL Chahar,2026,2026,68,130,1,5,0,18,11.470588235294118,130.0,26.47058823529412
DL Vettori,2007/08,2007,48,54,2,0,0,16,6.75,27.0,33.33333333333333
DL Vettori,2009,2009,141,186,10,2,0,51,7.914893617021277,18.6,36.17021276595745
DL Vettori,2009/10,2009,72,98,3,2,0,22,8.166666666666666,32.666666666666664,30.555555555555557
DL Vettori,2011,2011,312,315,13,2,0,123,6.0576923076923075,24.23076923076923,39.42307692307692
DL Vettori,2012,2012,212,241,6,2,0,71,6.820754716981131,40.166666666666664,33.490566037735846
DNT Zoysa,2007/08,2007,69,100,2,1,2,25,8.695652173913043,50.0,36.231884057971016
DP Nannes,2009,2009,320,384,20,23,0,144,7.199999999999999,19.2,45.0
DP Nannes,2009/10,2009,218,235,11,10,2,98,6.46788990825688,21.363636363636363,44.95412844036697
DP Nannes,2011,2011,25,31,2,1,0,11,7.4399999999999995,15.5,44.0
DP Nannes,2013,2013,126,165,5,5,2,55,7.857142857142857,33.0,43.65079365079365
DP Vijaykumar,2007/08,2007,159,205,4,5,2,69,7.735849056603773,51.25,43.39622641509434
DR Sams,2020/21,2020,77,114,0,4,1,23,8.883116883116882,,29.87012987012987
DR Sams,2021,2021,38,39,1,2,0,15,6.157894736842105,39.0,39.473684210526315
DR Sams,2022,2022,274,375,14,21,1,107,8.211678832116789,26.785714285714285,39.05109489051095
DR Smith,2007/08,2007,69,83,5,3,0,25,7.217391304347826,16.6,36.231884057971016
DR Smith,2009,2009,85,128,1,1,0,30,9.035294117647059,128.0,35.294117647058826
DR Smith,2009/10,2009,23,36,1,0,0,6,9.391304347826086,36.0,26.08695652173913
DR Smith,2012,2012,79,98,3,0,1,30,7.443037974683545,32.666666666666664,37.9746835443038
DR Smith,2013,2013,32,59,2,0,2,8,11.0625,29.5,25.0
DR Smith,2014,2014,62,99,4,2,0,16,9.580645161290322,24.75,25.806451612903224
DR Smith,2015,2015,12,17,1,0,0,4,8.5,17.0,33.33333333333333
DR Smith,2016,2016,113,154,8,4,1,41,8.176991150442479,19.25,36.283185840707965
DR Smith,2017,2017,82,151,2,4,0,20,11.048780487804878,75.5,24.390243902439025
DS Kulkarni,2007/08,2007,193,242,13,12,4,81,7.523316062176167,18.615384615384617,41.968911917098445
DS Kulkarni,2009,2009,160,209,5,4,0,67,7.8374999999999995,41.8,41.875
DS Kulkarni,2009/10,2009,25,40,1,1,0,10,9.6,40.0,40.0
DS Kulkarni,2011,2011,126,156,6,6,0,46,7.428571428571429,26.0,36.507936507936506
DS Kulkarni,2012,2012,53,64,6,5,0,23,7.245283018867924,10.666666666666666,43.39622641509434
DS Kulkarni,2013,2013,119,153,8,6,1,55,7.714285714285714,19.125,46.21848739495798
DS Kulkarni,2014,2014,173,226,6,11,0,75,7.838150289017341,37.666666666666664,43.35260115606936
DS Kulkarni,2015,2015,221,290,13,10,1,100,7.873303167420814,22.307692307692307,45.248868778280546
DS Kulkarni,2016,2016,297,365,20,3,0,131,7.373737373737374,18.25,44.107744107744104
DS Kulkarni,2017,2017,118,173,3,5,0,35,8.796610169491524,57.666666666666664,29.66101694915254
DS Kulkarni,2018,2018,126,189,4,7,0,54,9.0,47.25,42.857142857142854
DS Kulkarni,2019,2019,219,336,6,8,1,77,9.205479452054794,56.0,35.15981735159817
DS Kulkarni,2020/21,2020,20,22,0,2,0,6,6.6,,30.0
DS Kulkarni,2021,2021,26,48,0,2,0,7,11.076923076923078,,26.923076923076923
DS Rathi,2025,2025,321,435,14,7,2,99,8.130841121495328,31.071428571428573,30.8411214953271
DS Rathi,2026,2026,148,226,3,4,0,37,9.162162162162161,75.33333333333333,25.0
DT Christian,2011,2011,291,357,11,16,1,117,7.360824742268041,32.45454545454545,40.20618556701031
DT Christian,2012,2012,169,240,9,7,0,55,8.520710059171597,26.666666666666668,32.544378698224854
DT Christian,2013,2013,38,56,0,0,2,16,8.842105263157896,,42.10526315789473
DT Christian,2017,2017,249,303,12,9,0,79,7.301204819277109,25.25,31.72690763052209
DT Christian,2018,2018,71,106,4,0,0,22,8.957746478873238,26.5,30.985915492957744
DT Christian,2021,2021,104,156,4,4,0,29,9.0,39.0,27.884615384615387
DW Steyn,2007/08,2007,247,265,13,17,2,123,6.437246963562753,20.384615384615383,49.797570850202426
DW Steyn,2009,2009,59,62,3,5,0,27,6.305084745762711,20.666666666666668,45.76271186440678
DW Steyn,2009/10,2009,382,415,17,28,0,171,6.518324607329843,24.41176470588235,44.76439790575916
DW Steyn,2011,2011,286,304,14,9,4,141,6.377622377622378,21.714285714285715,49.3006993006993
DW Steyn,2012,2012,289,290,18,8,1,143,6.02076124567474,16.11111111111111,49.48096885813148
DW Steyn,2013,2013,425,410,20,12,0,219,5.788235294117648,20.5,51.52941176470588
DW Steyn,2014,2014,342,441,12,6,0,154,7.7368421052631575,36.75,45.02923976608187
DW Steyn,2015,2015,116,171,3,2,0,39,8.844827586206897,57.0,33.62068965517241
DW Steyn,2016,2016,13,17,0,1,0,5,7.846153846153847,,38.46153846153847
DW Steyn,2019,2019,48,74,4,0,0,20,9.25,18.5,41.66666666666667
DW Steyn,2020/21,2020,75,134,1,5,0,24,10.72,134.0,32.0
E Malinga,2025,2025,165,244,14,5,0,56,8.872727272727273,17.428571428571427,33.939393939393945
E Malinga,2026,2026,253,365,17,23,0,86,8.65612648221344,21.470588235294116,33.99209486166008
F du Plessis,2012,2012,6,16,0,0,0,0,16.0,,0.0
FA Allen,2021,2021,67,90,1,1,0,20,8.059701492537314,90.0,29.850746268656714
FA Allen,2022,2022,24,46,1,0,0,6,11.5,46.0,25.0
FH Edwards,2009,2009,150,160,6,9,1,75,6.4,26.666666666666668,50.0
FY Fazal,2009/10,2009,12,20,1,0,0,1,10.0,20.0,8.333333333333332
Fazalhaq Farooqi,2022,2022,76,110,2,4,0,24,8.68421052631579,55.0,31.57894736842105
Fazalhaq Farooqi,2023,2023,86,119,4,6,0,34,8.30232558139535,29.75,39.53488372093023
Fazalhaq Farooqi,2025,2025,104,211,0,2,0,25,12.173076923076923,,24.03846153846154
G Coetzee,2024,2024,216,357,13,14,1,82,9.916666666666666,27.46153846153846,37.96296296296296
G Coetzee,2025,2025,76,133,2,4,0,21,10.5,66.5,27.631578947368425
GB Hogg,2012,2012,220,262,10,3,1,78,7.1454545454545455,26.2,35.45454545454545
GB Hogg,2013,2013,21,31,0,1,0,5,8.857142857142858,,23.809523809523807
GB Hogg,2015,2015,127,148,10,1,0,54,6.9921259842519685,14.8,42.51968503937008
GB Hogg,2016,2016,98,144,5,2,0,33,8.816326530612246,28.8,33.6734693877551
GC Viljoen,2019,2019,146,229,8,8,0,47,9.41095890410959,28.625,32.19178082191781
GD McGrath,2007/08,2007,329,366,14,4,1,162,6.674772036474164,26.142857142857142,49.24012158054711
GD Phillips,2021,2021,13,20,1,1,0,4,9.230769230769232,20.0,30.76923076923077
GD Phillips,2023,2023,18,20,1,0,0,6,6.666666666666667,20.0,33.33333333333333
GF Linde,2026,2026,37,55,1,0,0,10,8.91891891891892,55.0,27.027027027027028
GH Vihari,2013,2013,37,39,1,1,0,18,6.324324324324324,39.0,48.64864864864865
GH Vihari,2019,2019,6,9,0,0,0,0,9.0,,0.0
GHS Garton,2021,2021,97,136,3,5,2,33,8.412371134020617,45.333333333333336,34.02061855670103
GJ Maxwell,2012,2012,19,22,2,1,0,6,6.947368421052632,11.0,31.57894736842105
GJ Maxwell,2013,2013,12,24,0,0,0,3,12.0,,25.0
GJ Maxwell,2014,2014,70,133,1,4,0,15,11.4,133.0,21.428571428571427
GJ Maxwell,2015,2015,63,97,2,3,0,19,9.238095238095237,48.5,30.158730158730158
GJ Maxwell,2016,2016,55,81,0,1,0,17,8.836363636363638,,30.909090909090907
GJ Maxwell,2017,2017,115,126,7,1,0,39,6.57391304347826,18.0,33.91304347826087
GJ Maxwell,2018,2018,98,132,5,2,0,32,8.081632653061225,26.4,32.6530612244898
GJ Maxwell,2020/21,2020,126,171,3,0,0,37,8.142857142857142,57.0,29.365079365079367
GJ Maxwell,2021,2021,99,135,3,3,0,25,8.181818181818182,45.0,25.252525252525253
GJ Maxwell,2022,2022,146,166,8,2,0,63,6.821917808219179,20.75,43.15068493150685
GJ Maxwell,2023,2023,64,95,3,2,0,19,8.90625,31.666666666666668,29.6875
GJ Maxwell,2024,2024,98,129,7,2,0,34,7.89795918367347,18.428571428571427,34.69387755102041
GJ Maxwell,2025,2025,82,111,4,4,0,28,8.121951219512196,27.75,34.146341463414636
GR Napier,2009,2009,24,28,1,0,0,9,7.0,28.0,37.5
GS Sandhu,2015,2015,48,86,1,0,0,10,10.75,86.0,20.833333333333336
Gagandeep Singh,2007/08,2007,84,142,3,0,0,26,10.142857142857142,47.333333333333336,30.952380952380953
Gulbadin Naib,2024,2024,6,12,0,0,0,1,12.0,,16.666666666666664
Gurjapneet Singh,2026,2026,113,168,4,4,0,35,8.920353982300886,42.0,30.973451327433626
Gurkeerat Singh,2015,2015,56,66,3,2,0,19,7.071428571428571,22.0,33.92857142857143
Gurkeerat Singh,2016,2016,26,31,2,2,0,7,7.153846153846154,15.5,26.923076923076923
Gurnoor Brar,2023,2023,21,42,0,1,2,8,12.0,,38.095238095238095
H Sharma,2023,2023,18,33,0,0,0,4,11.0,,22.22222222222222
H Sharma,2024,2024,12,29,0,0,0,0,14.5,,0.0
HF Gurney,2019,2019,169,239,7,6,1,51,8.485207100591715,34.142857142857146,30.17751479289941
HH Pandya,2015,2015,107,178,1,4,1,32,9.981308411214954,178.0,29.906542056074763
HH Pandya,2016,2016,106,155,3,6,0,31,8.773584905660377,51.666666666666664,29.245283018867923
HH Pandya,2017,2017,162,219,6,6,0,51,8.11111111111111,36.5,31.48148148148148
HH Pandya,2018,2018,270,391,19,13,1,98,8.688888888888888,20.57894736842105,36.2962962962963
HH Pandya,2019,2019,269,397,16,13,1,94,8.855018587360595,24.8125,34.94423791821561
HH Pandya,2022,2022,189,226,8,5,1,77,7.174603174603175,28.25,40.74074074074074
HH Pandya,2023,2023,156,241,4,5,1,64,9.26923076923077,60.25,41.02564102564102
HH Pandya,2024,2024,226,389,13,10,0,65,10.327433628318584,29.923076923076923,28.761061946902654
HH Pandya,2025,2025,229,345,14,16,3,70,9.039301310043669,24.642857142857142,30.567685589519648
HH Pandya,2026,2026,138,247,4,12,2,35,10.73913043478261,61.75,25.36231884057971
HR Shokeen,2022,2022,94,130,2,4,0,43,8.297872340425533,65.0,45.744680851063826
HR Shokeen,2023,2023,119,190,3,3,2,39,9.579831932773109,63.333333333333336,32.773109243697476
HV Patel,2012,2012,249,352,9,3,0,87,8.481927710843374,39.111111111111114,34.93975903614458
HV Patel,2014,2014,71,118,4,5,0,24,9.971830985915492,29.5,33.80281690140845
HV Patel,2015,2015,272,339,19,9,0,111,7.477941176470588,17.842105263157894,40.80882352941176
HV Patel,2016,2016,90,147,2,5,1,28,9.8,73.5,31.11111111111111
HV Patel,2017,2017,25,43,3,1,0,8,10.319999999999999,14.333333333333334,32.0
HV Patel,2018,2018,109,169,7,4,0,36,9.302752293577981,24.142857142857142,33.02752293577982
HV Patel,2019,2019,52,77,3,3,1,16,8.884615384615385,25.666666666666668,30.76923076923077
HV Patel,2020/21,2020,98,135,3,7,1,24,8.26530612244898,45.0,24.489795918367346
HV Patel,2021,2021,361,461,35,16,7,125,7.662049861495845,13.17142857142857,34.62603878116344
HV Patel,2022,2022,338,421,21,17,0,130,7.4733727810650885,20.047619047619047,38.46153846153847
HV Patel,2023,2023,302,468,15,15,5,88,9.298013245033113,31.2,29.13907284768212
HV Patel,2024,2024,317,485,30,21,2,86,9.17981072555205,16.166666666666668,27.129337539432175
HV Patel,2025,2025,286,434,17,19,4,86,9.104895104895105,25.529411764705884,30.069930069930066
HV Patel,2026,2026,60,115,0,2,0,13,11.5,,21.666666666666668
Harbhajan Singh,2007/08,2007,62,84,6,2,0,18,8.129032258064516,14.0,29.03225806451613
Harbhajan Singh,2009,2009,268,272,13,4,0,112,6.089552238805971,20.923076923076923,41.7910447761194
Harbhajan Singh,2009/10,2009,334,385,20,12,1,110,6.916167664670659,19.25,32.93413173652694
Harbhajan Singh,2011,2011,328,373,16,10,0,129,6.823170731707317,23.3125,39.329268292682926
Harbhajan Singh,2012,2012,335,389,6,11,0,122,6.967164179104477,64.83333333333333,36.417910447761194
Harbhajan Singh,2013,2013,430,466,25,8,2,167,6.502325581395349,18.64,38.83720930232558
Harbhajan Singh,2014,2014,336,365,14,6,0,144,6.517857142857143,26.071428571428573,42.857142857142854
Harbhajan Singh,2015,2015,349,448,19,7,0,119,7.702005730659026,23.57894736842105,34.097421203438394
Harbhajan Singh,2016,2016,300,402,9,6,0,90,8.04,44.666666666666664,30.0
Harbhajan Singh,2017,2017,247,269,8,1,0,98,6.534412955465587,33.625,39.67611336032389
Harbhajan Singh,2018,2018,193,270,7,2,0,68,8.39378238341969,38.57142857142857,35.233160621761655
Harbhajan Singh,2019,2019,269,315,18,5,0,117,7.026022304832713,17.5,43.49442379182156
Harbhajan Singh,2021,2021,45,63,0,2,1,20,8.4,,44.44444444444444
Harmeet Singh,2009,2009,142,198,4,5,0,49,8.366197183098592,49.5,34.50704225352113
Harmeet Singh,2009/10,2009,151,177,10,7,0,62,7.033112582781457,17.7,41.05960264900662
Harmeet Singh,2011,2011,44,53,3,1,1,18,7.2272727272727275,17.666666666666668,40.909090909090914
Harmeet Singh,2012,2012,141,196,7,5,2,44,8.340425531914894,28.0,31.20567375886525
Harmeet Singh,2013,2013,96,123,7,3,1,42,7.6875,17.571428571428573,43.75
Harpreet Brar,2019,2019,30,48,0,0,0,7,9.6,,23.333333333333332
Harpreet Brar,2020/21,2020,25,41,0,1,0,6,9.84,,24.0
Harpreet Brar,2021,2021,141,142,5,3,0,56,6.042553191489362,28.4,39.71631205673759
Harpreet Brar,2022,2022,100,148,4,4,0,38,8.879999999999999,37.0,38.0
Harpreet Brar,2023,2023,166,219,9,3,0,58,7.9156626506024095,24.333333333333332,34.93975903614458
Harpreet Brar,2024,2024,230,309,7,2,0,74,8.060869565217391,44.142857142857146,32.17391304347826
Harpreet Brar,2025,2025,134,190,10,1,1,40,8.507462686567164,19.0,29.850746268656714
Harpreet Brar,2026,2026,24,25,0,0,0,8,6.25,,33.33333333333333
Harsh Dubey,2025,2025,61,98,5,1,0,18,9.639344262295083,19.6,29.508196721311474
Harsh Dubey,2026,2026,139,230,8,7,0,38,9.928057553956833,28.75,27.33812949640288
Harshit Rana,2022,2022,31,52,1,0,1,12,10.064516129032258,52.0,38.70967741935484
Harshit Rana,2023,2023,108,153,6,5,1,50,8.5,25.5,46.2962962962963
Harshit Rana,2024,2024,264,385,20,11,0,95,8.75,19.25,35.984848484848484
Harshit Rana,2025,2025,276,457,15,10,2,105,9.934782608695652,30.466666666666665,38.04347826086957
I Malhotra,2011,2011,6,23,0,0,0,0,23.0,,0.0
I Sharma,2007/08,2007,266,348,7,9,4,124,7.849624060150376,49.714285714285715,46.616541353383454
I Sharma,2009,2009,270,303,11,10,2,135,6.733333333333333,27.545454545454547,50.0
I Sharma,2009/10,2009,160,242,7,9,1,61,9.075,34.57142857142857,38.125
I Sharma,2011,2011,275,324,11,6,5,134,7.069090909090908,29.454545454545453,48.72727272727273
I Sharma,2013,2013,374,471,16,13,3,167,7.55614973262032,29.4375,44.6524064171123
I Sharma,2014,2014,68,101,3,2,0,26,8.911764705882353,33.666666666666664,38.23529411764706
I Sharma,2015,2015,89,161,1,1,4,35,10.853932584269662,161.0,39.325842696629216
I Sharma,2016,2016,97,151,3,6,1,41,9.340206185567009,50.333333333333336,42.2680412371134
I Sharma,2017,2017,114,190,0,5,1,40,10.0,,35.08771929824561
I Sharma,2019,2019,285,364,14,9,0,122,7.663157894736842,26.0,42.80701754385965
I Sharma,2020/21,2020,20,26,0,2,0,4,7.8,,20.0
I Sharma,2021,2021,72,98,1,0,0,26,8.166666666666666,98.0,36.11111111111111
I Sharma,2023,2023,157,210,10,6,1,69,8.025477707006369,21.0,43.94904458598726
I Sharma,2024,2024,182,266,12,19,1,63,8.76923076923077,22.166666666666668,34.61538461538461
I Sharma,2025,2025,117,210,4,7,0,35,10.76923076923077,52.5,29.914529914529915
I Udana,2020/21,2020,182,286,8,8,0,49,9.428571428571429,35.75,26.923076923076923
IC Pandey,2013,2013,25,50,1,0,1,7,12.0,50.0,28.000000000000004
IC Pandey,2014,2014,255,331,7,2,1,122,7.788235294117647,47.285714285714285,47.84313725490196
IC Pandey,2015,2015,189,228,11,3,0,95,7.238095238095238,20.727272727272727,50.264550264550266
IC Porel,2021,2021,26,42,1,2,0,10,9.692307692307693,42.0,38.46153846153847
IK Pathan,2007/08,2007,336,361,20,18,0,158,6.446428571428571,18.05,47.023809523809526
IK Pathan,2009,2009,314,398,20,12,0,128,7.6050955414012735,19.9,40.76433121019109
IK Pathan,2009/10,2009,290,435,17,12,0,103,9.0,25.58823529411765,35.51724137931034
IK Pathan,2011,2011,288,353,13,12,1,130,7.354166666666667,27.153846153846153,45.13888888888889
IK Pathan,2012,2012,366,477,10,6,0,157,7.819672131147541,47.7,42.89617486338798
IK Pathan,2013,2013,315,391,11,7,0,142,7.447619047619048,35.54545454545455,45.07936507936508
IK Pathan,2014,2014,144,209,6,2,0,45,8.708333333333334,34.833333333333336,31.25
IK Pathan,2016,2016,48,61,0,0,0,18,7.625,,37.5
IK Pathan,2017,2017,12,26,2,0,0,4,13.0,13.0,33.33333333333333
IS Sodhi,2018,2018,138,137,5,0,0,51,5.956521739130435,27.4,36.95652173913043
IS Sodhi,2019,2019,44,67,4,1,0,15,9.136363636363637,16.75,34.090909090909086
Imran Tahir,2014,2014,131,176,11,6,0,41,8.061068702290077,16.0,31.297709923664126
Imran Tahir,2015,2015,220,315,15,7,0,65,8.590909090909092,21.0,29.545454545454547
Imran Tahir,2016,2016,97,141,5,1,0,28,8.721649484536082,28.2,28.865979381443296
Imran Tahir,2017,2017,286,370,19,3,1,95,7.7622377622377625,19.473684210526315,33.21678321678322
Imran Tahir,2018,2018,126,193,6,2,0,40,9.19047619047619,32.166666666666664,31.746031746031743
Imran Tahir,2019,2019,388,440,26,2,0,149,6.804123711340206,16.923076923076923,38.402061855670105
Imran Tahir,2020/21,2020,66,78,1,0,0,19,7.090909090909091,78.0,28.78787878787879
Imran Tahir,2021,2021,26,16,3,2,0,14,3.6923076923076925,5.333333333333333,53.84615384615385
Iqbal Abdulla,2007/08,2007,18,22,1,0,0,6,7.333333333333333,22.0,33.33333333333333
Iqbal Abdulla,2009/10,2009,51,62,2,0,0,19,7.294117647058823,31.0,37.254901960784316
Iqbal Abdulla,2011,2011,305,313,18,5,0,138,6.157377049180328,17.38888888888889,45.24590163934426
Iqbal Abdulla,2012,2012,134,147,4,2,0,49,6.5820895522388065,36.75,36.56716417910448
Iqbal Abdulla,2013,2013,113,142,7,0,0,41,7.539823008849558,20.285714285714285,36.283185840707965
Iqbal Abdulla,2014,2014,12,18,0,0,0,3,9.0,,25.0
Iqbal Abdulla,2015,2015,121,150,4,7,0,46,7.438016528925619,37.5,38.01652892561984
Iqbal Abdulla,2016,2016,155,216,7,5,0,38,8.361290322580645,30.857142857142858,24.516129032258064
Iqbal Abdulla,2017,2017,34,55,2,4,0,6,9.705882352941176,27.5,17.647058823529413
Ishan Kishan,2025,2025,1,4,0,0,0,0,24.0,,0.0
J Botha,2009,2009,75,76,5,3,0,32,6.08,15.2,42.66666666666667
J Botha,2011,2011,219,242,7,3,0,83,6.63013698630137,34.57142857142857,37.89954337899543
J Botha,2012,2012,251,304,9,5,0,94,7.266932270916334,33.77777777777778,37.45019920318725
J Botha,2013,2013,102,114,5,2,0,39,6.705882352941177,22.8,38.23529411764706
J Botha,2015,2015,62,82,1,2,0,20,7.935483870967741,82.0,32.25806451612903
J Little,2023,2023,211,296,9,7,0,75,8.417061611374407,32.888888888888886,35.54502369668246
J Little,2024,2024,25,45,4,1,0,9,10.799999999999999,11.25,36.0
J Overton,2025,2025,41,84,0,5,0,10,12.292682926829269,,24.390243902439025
J Overton,2026,2026,150,217,11,6,0,49,8.68,19.727272727272727,32.666666666666664
J Suchith,2015,2015,239,338,10,5,0,71,8.485355648535565,33.8,29.707112970711297
J Suchith,2016,2016,14,31,0,2,0,0,13.285714285714285,,0.0
J Suchith,2019,2019,24,28,2,0,0,11,7.0,14.0,45.83333333333333
J Suchith,2021,2021,42,66,1,0,0,11,9.428571428571429,66.0,26.190476190476193
J Suchith,2022,2022,115,141,7,7,0,49,7.356521739130434,20.142857142857142,42.608695652173914
J Syed Mohammad,2011,2011,91,128,5,1,0,30,8.43956043956044,25.6,32.967032967032964
J Syed Mohammad,2012,2012,43,66,1,1,0,9,9.209302325581396,66.0,20.930232558139537
J Syed Mohammad,2013,2013,62,92,4,2,0,11,8.903225806451612,23.0,17.741935483870968
J Theron,2009/10,2009,158,204,9,8,1,53,7.746835443037975,22.666666666666668,33.54430379746836
J Theron,2012,2012,51,66,3,2,1,18,7.764705882352941,22.0,35.294117647058826
J Theron,2015,2015,26,41,1,2,0,5,9.461538461538462,41.0,19.230769230769234
J Yadav,2015,2015,42,29,2,0,0,21,4.142857142857143,14.5,50.0
J Yadav,2016,2016,104,125,2,2,0,38,7.211538461538462,62.5,36.53846153846153
J Yadav,2017,2017,37,43,0,0,1,14,6.972972972972973,,37.83783783783784
J Yadav,2019,2019,43,50,1,0,1,18,6.976744186046512,50.0,41.86046511627907
J Yadav,2020/21,2020,42,43,1,0,0,13,6.142857142857143,43.0,30.952380952380953
J Yadav,2021,2021,106,131,3,4,0,44,7.415094339622641,43.666666666666664,41.509433962264154
J Yadav,2023,2023,24,26,0,0,0,8,6.5,,33.33333333333333
JA Duffy,2026,2026,80,139,6,7,1,30,10.424999999999999,23.166666666666668,37.5
JA Morkel,2007/08,2007,310,414,20,17,5,112,8.012903225806452,20.7,36.12903225806451
JA Morkel,2009,2009,249,330,15,4,5,103,7.951807228915663,22.0,41.365461847389554
JA Morkel,2009/10,2009,295,410,14,9,0,102,8.338983050847459,29.285714285714285,34.57627118644068
JA Morkel,2011,2011,280,390,16,9,1,108,8.357142857142858,24.375,38.57142857142858
JA Morkel,2012,2012,315,392,13,17,1,126,7.466666666666667,30.153846153846153,40.0
JA Morkel,2013,2013,149,167,8,5,0,66,6.724832214765101,20.875,44.29530201342282
JA Morkel,2014,2014,101,127,4,4,1,42,7.544554455445545,31.75,41.584158415841586
JA Morkel,2015,2015,74,113,3,2,0,23,9.162162162162161,37.666666666666664,31.08108108108108
JA Morkel,2016,2016,34,66,3,4,0,9,11.647058823529411,22.0,26.47058823529412
JA Richardson,2021,2021,69,122,3,3,0,24,10.608695652173912,40.666666666666664,34.78260869565217
JA Richardson,2024,2024,25,40,0,1,0,8,9.6,,32.0
JC Archer,2018,2018,249,329,15,14,2,99,7.927710843373494,21.933333333333334,39.75903614457831
JC Archer,2019,2019,264,306,12,4,2,122,6.954545454545454,25.5,46.21212121212121
JC Archer,2020/21,2020,345,373,20,9,2,176,6.48695652173913,18.65,51.01449275362319
JC Archer,2023,2023,129,202,2,7,2,49,9.395348837209303,101.0,37.98449612403101
JC Archer,2025,2025,292,445,12,17,2,112,9.143835616438357,37.083333333333336,38.35616438356164
JC Archer,2026,2026,230,325,17,8,0,107,8.478260869565217,19.11764705882353,46.52173913043478
JD Ryder,2009,2009,104,121,5,2,0,43,6.980769230769231,24.2,41.34615384615385
JD Ryder,2011,2011,94,119,5,2,0,30,7.595744680851064,23.8,31.914893617021278
JD Ryder,2012,2012,43,74,1,1,0,11,10.325581395348836,74.0,25.581395348837212
JD Unadkat,2009/10,2009,62,85,4,0,0,20,8.225806451612902,21.25,32.25806451612903
JD Unadkat,2011,2011,111,151,6,3,0,41,8.162162162162161,25.166666666666668,36.93693693693694
JD Unadkat,2012,2012,18,32,0,0,0,2,10.666666666666666,,11.11111111111111
JD Unadkat,2013,2013,299,373,13,5,0,105,7.48494983277592,28.692307692307693,35.11705685618729
JD Unadkat,2014,2014,189,278,10,2,0,64,8.825396825396826,27.8,33.86243386243386
JD Unadkat,2015,2015,18,30,0,0,0,7,10.0,,38.88888888888889
JD Unadkat,2016,2016,19,49,0,1,0,5,15.473684210526317,,26.31578947368421
JD Unadkat,2017,2017,279,330,27,4,0,126,7.096774193548387,12.222222222222221,45.16129032258064
JD Unadkat,2018,2018,310,486,12,7,1,98,9.406451612903226,40.5,31.61290322580645
JD Unadkat,2019,2019,236,404,11,12,0,58,10.271186440677965,36.72727272727273,24.576271186440678
JD Unadkat,2020/21,2020,144,229,5,6,0,35,9.541666666666666,45.8,24.305555555555554
JD Unadkat,2021,2021,134,168,4,2,0,52,7.522388059701493,42.0,38.80597014925373
JD Unadkat,2022,2022,123,191,7,3,0,36,9.317073170731707,27.285714285714285,29.268292682926827
JD Unadkat,2023,2023,52,92,1,4,0,15,10.615384615384617,92.0,28.846153846153843
JD Unadkat,2024,2024,200,321,9,13,0,44,9.629999999999999,35.666666666666664,22.0
JD Unadkat,2025,2025,146,177,12,3,0,54,7.273972602739726,14.75,36.986301369863014
JD Unadkat,2026,2026,78,145,4,1,0,23,11.153846153846153,36.25,29.48717948717949
JDP Oram,2007/08,2007,100,149,6,4,0,32,8.94,24.833333333333332,32.0
JDP Oram,2009,2009,94,139,6,0,1,31,8.872340425531915,23.166666666666668,32.97872340425532
JDP Oram,2011,2011,24,46,1,0,0,9,11.5,46.0,37.5
JDP Oram,2013,2013,26,28,0,2,0,14,6.461538461538462,,53.84615384615385
JDS Neesham,2014,2014,57,96,1,3,0,16,10.105263157894736,96.0,28.07017543859649
JDS Neesham,2020/21,2020,93,149,2,3,0,26,9.612903225806452,74.5,27.956989247311824
JDS Neesham,2021,2021,54,68,5,0,0,21,7.555555555555555,13.6,38.88888888888889
JDS Neesham,2022,2022,18,29,0,0,0,5,9.666666666666666,,27.77777777777778
JE Root,2023,2023,12,15,0,0,0,2,7.5,,16.666666666666664
JE Taylor,2011,2011,122,167,6,4,1,55,8.213114754098362,27.833333333333332,45.08196721311475
JEC Franklin,2011,2011,63,99,3,0,2,14,9.428571428571429,33.0,22.22222222222222
JEC Franklin,2012,2012,92,126,6,2,0,27,8.217391304347826,21.0,29.347826086956523
JH Kallis,2007/08,2007,211,322,4,5,0,60,9.156398104265403,80.5,28.436018957345972
JH Kallis,2009,2009,289,362,7,11,2,118,7.515570934256056,51.714285714285715,40.830449826989614
JH Kallis,2009/10,2009,350,484,15,7,1,124,8.297142857142857,32.266666666666666,35.42857142857142
JH Kallis,2011,2011,150,170,9,6,0,54,6.8,18.88888888888889,36.0
JH Kallis,2012,2012,336,410,16,10,2,120,7.321428571428571,25.625,35.714285714285715
JH Kallis,2013,2013,329,407,19,7,4,126,7.422492401215806,21.42105263157895,38.297872340425535
JH Kallis,2014,2014,134,193,4,2,0,43,8.64179104477612,48.25,32.08955223880597
JJ Bumrah,2013,2013,45,74,3,1,2,19,9.866666666666667,24.666666666666668,42.22222222222222
JJ Bumrah,2014,2014,246,307,6,7,1,99,7.487804878048781,51.166666666666664,40.243902439024396
JJ Bumrah,2015,2015,98,184,3,7,1,24,11.26530612244898,61.333333333333336,24.489795918367346
JJ Bumrah,2016,2016,322,413,18,6,4,118,7.695652173913044,22.944444444444443,36.64596273291926
JJ Bumrah,2017,2017,373,455,23,3,8,137,7.319034852546917,19.782608695652176,36.72922252010724
JJ Bumrah,2018,2018,333,383,17,7,2,134,6.900900900900901,22.529411764705884,40.24024024024024
JJ Bumrah,2019,2019,382,433,23,4,4,171,6.801047120418849,18.82608695652174,44.76439790575916
JJ Bumrah,2020/21,2020,384,436,30,11,1,178,6.8125,14.533333333333333,46.35416666666667
JJ Bumrah,2021,2021,347,422,22,12,5,145,7.296829971181556,19.181818181818183,41.78674351585015
JJ Bumrah,2022,2022,327,392,16,6,1,139,7.192660550458716,24.5,42.50764525993883
JJ Bumrah,2024,2024,328,341,21,13,4,150,6.237804878048781,16.238095238095237,45.73170731707317
JJ Bumrah,2025,2025,289,322,21,5,0,128,6.685121107266436,15.333333333333334,44.29065743944637
JJ Bumrah,2026,2026,241,335,4,12,7,84,8.340248962655602,83.75,34.85477178423236
JJ van der Wath,2011,2011,76,134,3,2,2,33,10.578947368421053,44.666666666666664,43.42105263157895
JL Pattinson,2020/21,2020,222,321,11,9,0,78,8.675675675675675,29.181818181818183,35.13513513513514
JM Kemp,2009/10,2009,47,58,3,3,0,18,7.404255319148937,19.333333333333332,38.297872340425535
JO Holder,2013,2013,125,173,4,5,0,49,8.304,43.25,39.2
JO Holder,2014,2014,20,35,1,0,2,6,10.5,35.0,30.0
JO Holder,2016,2016,83,105,3,4,1,30,7.590361445783132,35.0,36.144578313253014
JO Holder,2020/21,2020,176,239,15,8,0,58,8.147727272727273,15.933333333333334,32.95454545454545
JO Holder,2021,2021,203,248,16,12,0,75,7.330049261083744,15.5,36.94581280788177
JO Holder,2022,2022,266,399,16,17,0,77,9.0,24.9375,28.947368421052634
JO Holder,2023,2023,176,290,4,5,0,46,9.886363636363637,72.5,26.136363636363637
JO Holder,2026,2026,98,112,7,3,0,40,6.857142857142858,16.0,40.816326530612244
JP Behrendorff,2019,2019,117,168,5,3,0,54,8.615384615384615,33.6,46.15384615384615
JP Behrendorff,2023,2023,262,395,17,10,0,92,9.045801526717558,23.235294117647058,35.11450381679389
JP Duminy,2009,2009,107,96,4,2,0,47,5.3831775700934585,24.0,43.925233644859816
JP Duminy,2009/10,2009,33,37,1,0,0,13,6.7272727272727275,37.0,39.39393939393939
JP Duminy,2011,2011,111,149,4,3,0,46,8.054054054054054,37.25,41.44144144144144
JP Duminy,2012,2012,78,104,1,6,0,22,8.0,104.0,28.205128205128204
JP Duminy,2014,2014,204,242,3,6,0,62,7.117647058823529,80.66666666666667,30.392156862745097
JP Duminy,2015,2015,107,128,8,5,0,34,7.177570093457945,16.0,31.775700934579437
JP Duminy,2016,2016,43,55,2,1,0,12,7.674418604651162,27.5,27.906976744186046
JP Duminy,2018,2018,18,36,0,0,0,6,12.0,,33.33333333333333
JP Faulkner,2011,2011,12,10,1,0,0,8,5.0,10.0,66.66666666666666
JP Faulkner,2012,2012,49,74,3,1,0,16,9.061224489795919,24.666666666666668,32.6530612244898
JP Faulkner,2013,2013,395,436,33,16,0,170,6.622784810126583,13.212121212121213,43.037974683544306
JP Faulkner,2014,2014,278,449,17,12,2,86,9.690647482014388,26.41176470588235,30.935251798561154
JP Faulkner,2015,2015,281,433,9,10,1,96,9.245551601423488,48.111111111111114,34.16370106761566
JP Faulkner,2016,2016,108,168,2,4,2,24,9.333333333333334,84.0,22.22222222222222
JP Faulkner,2017,2017,164,279,11,1,0,43,10.207317073170731,25.363636363636363,26.21951219512195
JPR Scantlebury-Searles,2018,2018,45,89,2,3,0,7,11.866666666666667,44.5,15.555555555555555
JR Hazlewood,2020/21,2020,61,72,1,1,0,31,7.081967213114755,72.0,50.81967213114754
JR Hazlewood,2021,2021,215,302,11,5,0,87,8.427906976744186,27.454545454545453,40.46511627906977
JR Hazlewood,2022,2022,289,380,21,10,0,123,7.889273356401384,18.095238095238095,42.56055363321799
JR Hazlewood,2023,2023,57,76,3,1,2,30,8.0,25.333333333333332,52.63157894736842
JR Hazlewood,2025,2025,270,389,22,6,0,120,8.644444444444444,17.681818181818183,44.44444444444444
JR Hazlewood,2026,2026,143,214,8,2,0,62,8.97902097902098,26.75,43.35664335664335
JR Hopes,2007/08,2007,171,285,7,3,0,61,10.0,40.714285714285715,35.67251461988304
JR Hopes,2011,2011,198,277,7,6,0,58,8.393939393939394,39.57142857142857,29.292929292929294
JW Hastings,2014,2014,19,29,1,0,1,10,9.157894736842106,29.0,52.63157894736842
JW Hastings,2016,2016,42,37,2,2,0,22,5.285714285714286,18.5,52.38095238095239
Jalaj S Saxena,2021,2021,18,27,0,0,0,5,9.0,,27.77777777777778
Jaskaran Singh,2009,2009,19,32,0,1,0,8,10.105263157894738,,42.10526315789473
Jaskaran Singh,2009/10,2009,92,142,6,4,4,36,9.26086956521739,23.666666666666668,39.130434782608695
Joginder Sharma,2007/08,2007,158,241,9,5,5,46,9.151898734177216,26.77777777777778,29.11392405063291
Joginder Sharma,2009,2009,43,57,2,1,0,9,7.953488372093023,28.5,20.930232558139537
Joginder Sharma,2009/10,2009,51,89,2,1,2,14,10.470588235294118,44.5,27.450980392156865
Joginder Sharma,2011,2011,20,34,0,2,0,5,10.2,,25.0
K Goel,2007/08,2007,12,25,0,0,0,2,12.5,,16.666666666666664
K Goel,2009,2009,49,62,0,1,0,17,7.591836734693878,,34.69387755102041
K Goel,2009/10,2009,6,7,0,0,0,1,7.0,,16.666666666666664
K Gowtham,2018,2018,244,321,12,4,0,90,7.89344262295082,26.75,36.885245901639344
K Gowtham,2019,2019,122,171,1,2,0,38,8.40983606557377,171.0,31.147540983606557
K Gowtham,2020/21,2020,48,84,1,0,0,11,10.5,84.0,22.916666666666664
K Gowtham,2022,2022,72,101,5,0,0,33,8.416666666666666,20.2,45.83333333333333
K Gowtham,2023,2023,100,118,3,4,0,39,7.079999999999999,39.333333333333336,39.0
K Gowtham,2024,2024,13,30,0,1,0,5,13.846153846153847,,38.46153846153847
K Kartikeya,2022,2022,78,103,5,0,0,30,7.923076923076923,20.6,38.46153846153847
K Kartikeya,2023,2023,163,231,5,7,0,44,8.503067484662576,46.2,26.993865030674847
K Kartikeya,2025,2025,49,78,2,1,0,16,9.551020408163266,39.0,32.6530612244898
K Khejroliya,2018,2018,70,110,2,5,0,18,9.428571428571429,55.0,25.71428571428571
K Khejroliya,2019,2019,31,47,1,1,0,11,9.096774193548386,47.0,35.483870967741936
K Khejroliya,2023,2023,28,64,2,0,2,8,13.714285714285714,32.0,28.57142857142857
K Khejroliya,2025,2025,19,29,1,1,0,4,9.157894736842106,29.0,21.052631578947366
K Rabada,2017,2017,137,198,8,7,2,53,8.671532846715328,24.75,38.68613138686132
K Rabada,2019,2019,298,382,29,10,0,115,7.691275167785236,13.172413793103448,38.59060402684564
K Rabada,2020/21,2020,414,565,32,15,2,160,8.18840579710145,17.65625,38.64734299516908
K Rabada,2021,2021,346,464,16,7,3,136,8.046242774566474,29.0,39.30635838150289
K Rabada,2022,2022,303,414,23,12,3,133,8.198019801980198,18.0,43.89438943894389
K Rabada,2023,2023,147,243,7,6,3,64,9.918367346938776,34.714285714285715,43.53741496598639
K Rabada,2024,2024,262,386,11,10,0,101,8.83969465648855,35.09090909090909,38.54961832061068
K Rabada,2025,2025,88,164,2,4,0,24,11.181818181818182,82.0,27.27272727272727
K Rabada,2026,2026,244,364,16,10,0,105,8.950819672131148,22.75,43.0327868852459
K Santokie,2014,2014,51,91,3,3,0,16,10.705882352941176,30.333333333333332,31.372549019607842
K Upadhyay,2012,2012,24,33,0,0,0,10,8.25,,41.66666666666667
K Upadhyay,2013,2013,32,48,0,2,0,10,9.0,,31.25
K Yadav,2021,2021,12,17,0,0,0,5,8.5,,41.66666666666667
K Yadav,2023,2023,42,68,2,0,0,9,9.714285714285714,34.0,21.428571428571427
KA Jamieson,2021,2021,179,271,9,8,3,71,9.083798882681565,30.11111111111111,39.66480446927375
KA Jamieson,2025,2025,94,147,5,4,0,34,9.382978723404255,29.4,36.17021276595745
KA Jamieson,2026,2026,42,90,2,0,0,11,12.857142857142858,45.0,26.190476190476193
KA Maharaj,2024,2024,36,39,2,0,0,11,6.5,19.5,30.555555555555557
KA Pollard,2009/10,2009,233,276,17,10,1,60,7.1072961373390555,16.235294117647058,25.75107296137339
KA Pollard,2011,2011,270,367,13,13,2,80,8.155555555555555,28.23076923076923,29.629629629629626
KA Pollard,2012,2012,286,352,18,22,1,88,7.384615384615385,19.555555555555557,30.76923076923077
KA Pollard,2013,2013,197,292,10,11,0,60,8.893401015228426,29.2,30.456852791878177
KA Pollard,2014,2014,160,265,3,8,2,38,9.9375,88.33333333333333,23.75
KA Pollard,2015,2015,81,121,6,4,1,16,8.962962962962964,20.166666666666668,19.753086419753085
KA Pollard,2016,2016,37,82,0,1,0,5,13.297297297297296,,13.513513513513514
KA Pollard,2017,2017,12,30,0,1,0,0,15.0,,0.0
KA Pollard,2020/21,2020,138,190,4,12,0,33,8.26086956521739,47.5,23.91304347826087
KA Pollard,2021,2021,85,95,6,5,1,27,6.705882352941177,15.833333333333334,31.76470588235294
KA Pollard,2022,2022,87,130,4,3,0,21,8.96551724137931,32.5,24.137931034482758
KAJ Roach,2009/10,2009,52,80,0,3,1,21,9.230769230769232,,40.38461538461539
KC Cariappa,2015,2015,12,28,1,0,0,3,14.0,28.0,25.0
KC Cariappa,2016,2016,105,160,3,2,1,36,9.142857142857142,53.333333333333336,34.285714285714285
KC Cariappa,2017,2017,94,127,4,3,1,23,8.106382978723405,31.75,24.46808510638298
KC Cariappa,2019,2019,13,34,0,1,0,1,15.692307692307693,,7.6923076923076925
KH Pandya,2016,2016,194,238,7,7,0,55,7.360824742268041,34.0,28.350515463917525
KH Pandya,2017,2017,246,280,10,5,1,77,6.829268292682927,28.0,31.300813008130078
KH Pandya,2018,2018,246,288,14,5,0,85,7.024390243902439,20.571428571428573,34.552845528455286
KH Pandya,2019,2019,282,337,12,6,0,94,7.170212765957447,28.083333333333332,33.33333333333333
KH Pandya,2020/21,2020,315,387,6,14,0,100,7.371428571428571,64.5,31.746031746031743
KH Pandya,2021,2021,210,267,5,9,2,69,7.628571428571429,53.4,32.857142857142854
KH Pandya,2022,2022,232,269,11,4,0,72,6.956896551724139,24.454545454545453,31.03448275862069
KH Pandya,2023,2023,253,320,9,1,0,96,7.588932806324111,35.55555555555556,37.94466403162055
KH Pandya,2024,2024,205,258,6,7,0,58,7.551219512195122,43.0,28.292682926829265
KH Pandya,2025,2025,283,380,17,7,0,84,8.056537102473499,22.352941176470587,29.681978798586574
KH Pandya,2026,2026,166,241,9,4,0,45,8.710843373493976,26.77777777777778,27.10843373493976
KJ Abbott,2016,2016,102,182,2,5,1,30,10.705882352941176,91.0,29.411764705882355
KK Ahmed,2018,2018,19,39,0,1,0,7,12.31578947368421,,36.84210526315789
KK Ahmed,2019,2019,222,292,20,13,0,87,7.891891891891892,14.6,39.189189189189186
KK Ahmed,2020/21,2020,158,245,10,4,0,62,9.30379746835443,24.5,39.24050632911392
KK Ahmed,2021,2021,168,225,5,5,1,56,8.035714285714286,45.0,33.33333333333333
KK Ahmed,2022,2022,242,315,16,6,1,111,7.8099173553719,19.6875,45.867768595041326
KK Ahmed,2023,2023,212,309,10,12,2,90,8.745283018867925,30.9,42.45283018867924
KK Ahmed,2024,2024,324,493,17,23,1,130,9.12962962962963,29.0,40.123456790123456
KK Ahmed,2025,2025,290,454,16,7,3,139,9.39310344827586,28.375,47.93103448275862
KK Ahmed,2026,2026,106,149,2,5,0,43,8.433962264150942,74.5,40.56603773584906
KK Cooper,2012,2012,149,187,10,5,0,62,7.530201342281879,18.7,41.61073825503356
KK Cooper,2013,2013,341,456,22,17,0,104,8.023460410557185,20.727272727272727,30.498533724340177
KK Cooper,2014,2014,110,146,4,1,1,44,7.963636363636364,36.5,40.0
KL Nagarkoti,2020/21,2020,160,233,5,4,0,46,8.737499999999999,46.6,28.749999999999996
KL Nagarkoti,2021,2021,12,25,0,0,0,2,12.5,,16.666666666666664
KL Nagarkoti,2022,2022,13,29,0,1,0,4,13.384615384615385,,30.76923076923077
KM Asif,2018,2018,38,75,3,2,0,16,11.842105263157896,25.0,42.10526315789473
KM Asif,2021,2021,14,18,1,0,1,2,7.7142857142857135,18.0,14.285714285714285
KM Asif,2023,2023,91,139,3,6,1,29,9.164835164835166,46.333333333333336,31.868131868131865
KMA Paul,2019,2019,180,239,10,12,5,55,7.966666666666667,23.9,30.555555555555557
KMDN Kulasekara,2011,2011,19,26,1,1,0,7,8.210526315789474,26.0,36.84210526315789
KMDN Kulasekara,2012,2012,88,96,5,4,0,40,6.545454545454546,19.2,45.45454545454545
KP Appanna,2009,2009,72,91,2,0,0,19,7.583333333333333,45.5,26.38888888888889
KP Appanna,2009/10,2009,43,51,3,1,0,15,7.116279069767441,17.0,34.883720930232556
KP Appanna,2012,2012,107,149,6,5,0,36,8.355140186915888,24.833333333333332,33.64485981308411
KP Pietersen,2009,2009,80,88,5,2,0,29,6.6,17.6,36.25
KP Pietersen,2009/10,2009,60,77,3,0,0,18,7.7,25.666666666666668,30.0
KP Pietersen,2012,2012,40,53,1,4,0,10,7.949999999999999,53.0,25.0
KR Mayers,2023,2023,46,59,0,2,2,14,7.695652173913043,,30.434782608695656
KR Sen,2022,2022,157,240,8,6,0,59,9.171974522292993,30.0,37.57961783439491
KR Sen,2023,2023,19,29,0,0,1,6,9.157894736842106,,31.57894736842105
KR Sen,2024,2024,79,127,6,6,1,24,9.645569620253164,21.166666666666668,30.37974683544304
KS Williamson,2016,2016,6,7,0,0,0,2,7.0,,33.33333333333333
KS Williamson,2020/21,2020,12,24,0,0,0,0,12.0,,0.0
KT Maphaka,2024,2024,39,90,1,3,0,12,13.846153846153847,90.0,30.76923076923077
KT Maphaka,2025,2025,32,58,1,2,0,12,10.875,58.0,37.5
KV Sharma,2013,2013,211,235,12,2,0,90,6.682464454976304,19.583333333333332,42.65402843601896
KV Sharma,2014,2014,307,393,17,3,0,125,7.6807817589576555,23.11764705882353,40.71661237785016
KV Sharma,2015,2015,239,338,11,0,0,71,8.485355648535565,30.727272727272727,29.707112970711297
KV Sharma,2016,2016,100,174,1,2,0,21,10.44,174.0,21.0
KV Sharma,2017,2017,189,217,13,5,0,78,6.888888888888889,16.692307692307693,41.269841269841265
KV Sharma,2018,2018,58,90,4,1,0,16,9.310344827586208,22.5,27.586206896551722
KV Sharma,2019,2019,17,33,1,0,0,4,11.647058823529411,33.0,23.52941176470588
KV Sharma,2020/21,2020,118,165,5,4,0,27,8.389830508474576,33.0,22.88135593220339
KV Sharma,2023,2023,132,229,11,3,0,39,10.409090909090908,20.818181818181817,29.545454545454547
KV Sharma,2024,2024,149,256,7,5,0,41,10.308724832214766,36.57142857142857,27.516778523489933
KV Sharma,2025,2025,91,133,7,1,0,27,8.76923076923077,19.0,29.67032967032967
KW Richardson,2013,2013,73,103,2,2,0,30,8.465753424657535,51.5,41.0958904109589
KW Richardson,2014,2014,167,209,10,5,0,65,7.508982035928144,20.9,38.92215568862276
KW Richardson,2016,2016,86,138,8,2,0,36,9.627906976744185,17.25,41.86046511627907
KW Richardson,2021,2021,19,29,1,1,0,5,9.157894736842106,29.0,26.31578947368421
Kamran Khan,2009,2009,121,148,10,8,1,48,7.338842975206611,14.8,39.66942148760331
Kamran Khan,2009/10,2009,38,53,4,2,0,18,8.368421052631579,13.25,47.368421052631575
Kamran Khan,2011,2011,18,47,0,0,0,5,15.666666666666666,,27.77777777777778
Karanveer Singh,2014,2014,126,164,12,6,0,42,7.809523809523809,13.666666666666666,33.33333333333333
Karanveer Singh,2015,2015,87,159,2,3,0,24,10.96551724137931,79.5,27.586206896551722
Karim Janat,2025,2025,6,30,0,0,0,0,30.0,,0.0
Kartik Tyagi,2020/21,2020,241,372,10,11,1,83,9.261410788381744,37.2,34.439834024896264
Kartik Tyagi,2021,2021,93,125,4,8,1,37,8.064516129032258,31.25,39.784946236559136
Kartik Tyagi,2022,2022,54,79,1,4,2,21,8.777777777777779,79.0,38.88888888888889
Kartik Tyagi,2023,2023,44,92,1,3,4,12,12.545454545454547,92.0,27.27272727272727
Kartik Tyagi,2024,2024,26,52,0,2,0,5,12.0,,19.230769230769234
Kartik Tyagi,2026,2026,195,295,11,6,3,72,9.076923076923077,26.818181818181817,36.92307692307693
Krish Bhagat,2026,2026,36,63,0,0,0,15,10.5,,41.66666666666667
Kuldeep Yadav,2016,2016,74,102,7,2,0,30,8.27027027027027,14.571428571428571,40.54054054054054
Kuldeep Yadav,2017,2017,250,345,12,4,0,76,8.280000000000001,28.75,30.4
Kuldeep Yadav,2018,2018,312,423,18,4,0,94,8.134615384615385,23.5,30.128205128205128
Kuldeep Yadav,2019,2019,202,286,5,4,0,54,8.495049504950495,57.2,26.732673267326735
Kuldeep Yadav,2020/21,2020,75,95,1,2,1,20,7.6,95.0,26.666666666666668
Kuldeep Yadav,2022,2022,306,420,21,8,0,97,8.235294117647058,20.0,31.699346405228756
Kuldeep Yadav,2023,2023,300,366,10,6,0,86,7.32,36.6,28.666666666666668
Kuldeep Yadav,2024,2024,267,376,16,8,1,84,8.44943820224719,23.5,31.46067415730337
Kuldeep Yadav,2025,2025,324,392,16,5,1,108,7.2592592592592595,24.5,33.33333333333333
Kuldeep Yadav,2026,2026,183,314,7,3,0,46,10.295081967213115,44.857142857142854,25.136612021857925
L Ablish,2009/10,2009,27,37,5,3,0,8,8.222222222222221,7.4,29.629629629629626
L Ablish,2011,2011,18,39,0,0,0,3,13.0,,16.666666666666664
L Balaji,2007/08,2007,205,293,11,7,0,67,8.575609756097561,26.636363636363637,32.6829268292683
L Balaji,2009,2009,229,320,14,5,0,74,8.384279475982533,22.857142857142858,32.314410480349345
L Balaji,2009/10,2009,147,214,10,6,1,55,8.73469387755102,21.4,37.41496598639456
L Balaji,2011,2011,282,383,13,14,2,97,8.148936170212766,29.46153846153846,34.39716312056738
L Balaji,2012,2012,189,169,12,9,0,90,5.365079365079365,14.083333333333334,47.61904761904761
L Balaji,2013,2013,311,399,13,11,0,122,7.697749196141479,30.692307692307693,39.228295819935695
L Balaji,2014,2014,211,305,12,6,1,78,8.672985781990523,25.416666666666668,36.96682464454976
L Ngidi,2018,2018,163,162,13,7,0,79,5.963190184049079,12.461538461538462,48.466257668711656
L Ngidi,2020/21,2020,104,169,10,6,2,35,9.75,16.9,33.65384615384615
L Ngidi,2021,2021,75,129,5,3,0,25,10.32,25.8,33.33333333333333
L Ngidi,2025,2025,48,81,4,0,0,13,10.125,20.25,27.083333333333332
L Ngidi,2026,2026,173,237,9,7,0,59,8.219653179190752,26.333333333333332,34.104046242774565
L Wood,2024,2024,38,94,1,1,1,10,14.842105263157896,94.0,26.31578947368421
LA Carseldine,2009,2009,7,6,1,1,0,4,5.142857142857142,6.0,57.14285714285714
LB Williams,2024,2024,42,74,1,4,2,15,10.571428571428571,74.0,35.714285714285715
LE Plunkett,2018,2018,154,228,4,4,0,42,8.883116883116882,57.0,27.27272727272727
LH Ferguson,2017,2017,87,96,5,9,0,43,6.620689655172414,19.2,49.42528735632184
LH Ferguson,2019,2019,107,185,2,5,0,30,10.373831775700936,92.5,28.037383177570092
LH Ferguson,2020/21,2020,127,153,9,4,1,50,7.228346456692913,17.0,39.37007874015748
LH Ferguson,2021,2021,186,226,14,4,2,77,7.290322580645161,16.142857142857142,41.39784946236559
LH Ferguson,2022,2022,298,433,16,11,1,117,8.718120805369129,27.0625,39.261744966442954
LH Ferguson,2023,2023,50,98,1,2,2,16,11.76,98.0,32.0
LH Ferguson,2024,2024,147,260,10,0,3,45,10.612244897959183,26.0,30.612244897959183
LH Ferguson,2025,2025,76,107,6,8,0,28,8.447368421052632,17.833333333333332,36.84210526315789
LH Ferguson,2026,2026,50,98,1,2,0,16,11.76,98.0,32.0
LI Meriwala,2021,2021,19,32,1,0,1,6,10.105263157894738,32.0,31.57894736842105
LJ Wright,2012,2012,12,24,0,0,0,2,12.0,,16.666666666666664
LJ Wright,2013,2013,63,101,2,4,0,13,9.619047619047619,50.5,20.634920634920633
LMP Simmons,2014,2014,18,34,1,0,0,2,11.333333333333334,34.0,11.11111111111111
LPC Silva,2007/08,2007,6,21,0,0,0,0,21.0,,0.0
LR Shukla,2007/08,2007,78,126,6,4,2,20,9.692307692307692,21.0,25.64102564102564
LR Shukla,2009,2009,88,102,5,4,0,40,6.954545454545455,20.4,45.45454545454545
LR Shukla,2009/10,2009,72,108,3,0,0,21,9.0,36.0,29.166666666666668
LR Shukla,2012,2012,12,12,1,0,0,5,6.0,12.0,41.66666666666667
LR Shukla,2013,2013,18,22,1,0,0,7,7.333333333333333,22.0,38.88888888888889
LR Shukla,2014,2014,58,88,1,2,0,24,9.10344827586207,88.0,41.37931034482759
LRPL Taylor,2009,2009,7,13,0,1,0,0,11.142857142857142,,0.0
LRPL Taylor,2011,2011,6,11,0,0,0,0,11.0,,0.0
LS Livingstone,2019,2019,6,13,0,0,0,3,13.0,,50.0
LS Livingstone,2022,2022,144,202,6,6,0,38,8.416666666666666,33.666666666666664,26.38888888888889
LS Livingstone,2023,2023,42,94,2,0,0,5,13.428571428571429,47.0,11.904761904761903
LS Livingstone,2024,2024,75,86,3,3,0,26,6.88,28.666666666666668,34.66666666666667
LS Livingstone,2025,2025,54,76,2,0,0,10,8.444444444444445,38.0,18.51851851851852
Lalit Yadav,2021,2021,84,101,4,0,0,21,7.214285714285714,25.25,25.0
Lalit Yadav,2022,2022,110,152,4,1,1,38,8.290909090909091,38.0,34.54545454545455
Lalit Yadav,2023,2023,82,120,3,4,0,24,8.78048780487805,40.0,29.268292682926827
Lalit Yadav,2024,2024,18,57,0,0,0,3,19.0,,16.666666666666664
M Ashwin,2016,2016,176,245,7,5,0,58,8.352272727272728,35.0,32.95454545454545
M Ashwin,2018,2018,45,54,3,3,0,20,7.2,18.0,44.44444444444444
M Ashwin,2019,2019,211,257,5,6,1,60,7.308056872037915,51.4,28.436018957345972
M Ashwin,2020/21,2020,191,240,10,2,0,70,7.539267015706806,24.0,36.64921465968586
M Ashwin,2021,2021,71,100,1,4,1,19,8.450704225352112,100.0,26.76056338028169
M Ashwin,2022,2022,179,233,9,5,0,69,7.810055865921788,25.88888888888889,38.547486033519554
M Ashwin,2023,2023,25,53,0,0,1,4,12.719999999999999,,16.0
M Jansen,2021,2021,40,47,3,3,1,14,7.05,15.666666666666666,35.0
M Jansen,2022,2022,201,278,7,9,0,83,8.298507462686567,39.714285714285715,41.29353233830846
M Jansen,2023,2023,178,273,10,11,5,71,9.202247191011235,27.3,39.8876404494382
M Jansen,2024,2024,68,134,2,6,2,21,11.823529411764705,67.0,30.88235294117647
M Jansen,2025,2025,300,448,16,15,2,118,8.96,28.0,39.33333333333333
M Jansen,2026,2026,220,357,6,8,0,63,9.736363636363636,59.5,28.636363636363637
M Kartik,2007/08,2007,89,132,5,1,0,36,8.898876404494382,26.4,40.44943820224719
M Kartik,2009,2009,210,207,5,6,0,82,5.914285714285715,41.4,39.04761904761905
M Kartik,2009/10,2009,238,261,10,3,1,85,6.57983193277311,26.1,35.714285714285715
M Kartik,2011,2011,130,170,2,2,3,41,7.846153846153846,85.0,31.538461538461537
M Kartik,2012,2012,225,267,4,8,1,77,7.12,66.75,34.22222222222222
M Kartik,2013,2013,241,290,11,7,0,74,7.219917012448133,26.363636363636363,30.70539419087137
M Kartik,2014,2014,49,91,2,1,0,10,11.142857142857144,45.5,20.408163265306122
M Manhas,2011,2011,42,42,0,0,0,15,6.0,,35.714285714285715
M Markande,2018,2018,268,376,15,4,0,87,8.417910447761194,25.066666666666666,32.46268656716418
M Markande,2019,2019,37,59,1,1,0,11,9.567567567567567,59.0,29.72972972972973
M Markande,2021,2021,18,26,0,0,0,4,8.666666666666666,,22.22222222222222
M Markande,2022,2022,42,61,1,0,0,11,8.714285714285714,61.0,26.190476190476193
M Markande,2023,2023,230,300,12,2,0,76,7.826086956521738,25.0,33.04347826086956
M Markande,2024,2024,142,259,8,9,1,29,10.943661971830986,32.375,20.422535211267608
M Markande,2026,2026,31,76,0,1,0,5,14.709677419354838,,16.129032258064516
M Morkel,2009,2009,44,40,1,2,0,20,5.454545454545455,40.0,45.45454545454545
M Morkel,2009/10,2009,46,66,0,4,0,15,8.608695652173912,,32.608695652173914
M Morkel,2011,2011,274,336,14,12,4,126,7.357664233576643,24.0,45.98540145985402
M Morkel,2012,2012,389,466,30,10,1,161,7.187660668380463,15.533333333333333,41.38817480719794
M Morkel,2013,2013,247,341,8,4,3,97,8.2834008097166,42.625,39.27125506072874
M Morkel,2014,2014,305,376,13,15,2,155,7.396721311475409,28.923076923076923,50.81967213114754
M Morkel,2015,2015,174,212,12,5,1,80,7.310344827586207,17.666666666666668,45.97701149425287
M Morkel,2016,2016,220,299,10,5,2,93,8.154545454545454,29.9,42.27272727272727
M Muralitharan,2007/08,2007,369,416,11,20,1,139,6.764227642276423,37.81818181818182,37.669376693766935
M Muralitharan,2009,2009,304,267,16,4,0,150,5.269736842105264,16.6875,49.34210526315789
M Muralitharan,2009/10,2009,306,356,16,14,0,133,6.980392156862745,22.25,43.4640522875817
M Muralitharan,2011,2011,117,145,2,3,0,47,7.435897435897436,72.5,40.17094017094017
M Muralitharan,2012,2012,245,264,15,5,0,85,6.465306122448979,17.6,34.69387755102041
M Muralitharan,2013,2013,141,192,3,2,1,53,8.170212765957446,64.0,37.5886524822695
M Muralitharan,2014,2014,99,125,4,3,0,37,7.575757575757576,31.25,37.37373737373738
M Ntini,2007/08,2007,213,257,8,1,2,109,7.23943661971831,32.125,51.173708920187785
M Pathirana,2022,2022,48,56,2,7,0,20,7.0,28.0,41.66666666666667
M Pathirana,2023,2023,310,386,23,31,1,105,7.4709677419354845,16.782608695652176,33.87096774193548
M Pathirana,2024,2024,145,175,13,13,0,54,7.241379310344827,13.461538461538462,37.24137931034483
M Pathirana,2025,2025,284,430,15,32,1,83,9.08450704225352,28.666666666666668,29.225352112676056
M Prasidh Krishna,2018,2018,177,261,12,9,0,60,8.847457627118644,21.75,33.89830508474576
M Prasidh Krishna,2019,2019,260,394,5,8,4,100,9.092307692307692,78.8,38.46153846153847
M Prasidh Krishna,2020/21,2020,109,165,4,2,2,37,9.082568807339449,41.25,33.94495412844037
M Prasidh Krishna,2021,2021,253,357,12,14,8,104,8.466403162055336,29.75,41.10671936758894
M Prasidh Krishna,2022,2022,432,564,21,30,3,202,7.833333333333333,26.857142857142858,46.75925925925926
M Prasidh Krishna,2025,2025,364,506,26,10,0,146,8.340659340659341,19.46153846153846,40.10989010989011
M Prasidh Krishna,2026,2026,162,269,14,6,0,53,9.962962962962964,19.214285714285715,32.71604938271605
M Shahrukh Khan,2024,2024,12,16,0,0,0,4,8.0,,33.33333333333333
M Shahrukh Khan,2025,2025,6,13,1,0,0,1,13.0,13.0,16.666666666666664
M Siddharth,2024,2024,58,72,1,1,3,23,7.448275862068966,72.0,39.6551724137931
M Siddharth,2025,2025,43,68,2,1,0,12,9.488372093023255,34.0,27.906976744186046
M Siddharth,2026,2026,92,145,6,2,0,26,9.456521739130434,24.166666666666668,28.26086956521739
M Theekshana,2022,2022,212,267,12,2,0,68,7.556603773584905,22.25,32.075471698113205
M Theekshana,2023,2023,298,401,11,4,0,87,8.073825503355705,36.45454545454545,29.194630872483224
M Theekshana,2024,2024,121,146,2,1,0,46,7.239669421487603,73.0,38.01652892561984
M Theekshana,2025,2025,271,412,11,17,2,74,9.121771217712178,37.45454545454545,27.30627306273063
M Tiwari,2025,2025,6,14,0,0,0,0,14.0,,0.0
M Vijay,2014,2014,6,13,0,0,0,2,13.0,,33.33333333333333
M Vijay,2015,2015,24,28,0,0,0,4,7.0,,16.666666666666664
M Vijay,2016,2016,7,8,0,1,0,2,6.857142857142857,,28.57142857142857
M de Lange,2012,2012,64,108,3,3,1,19,10.125,36.0,29.6875
M de Lange,2014,2014,26,33,2,1,1,8,7.615384615384616,16.5,30.76923076923077
M de Lange,2015,2015,26,30,1,2,0,15,6.923076923076923,30.0,57.692307692307686
MA Khote,2007/08,2007,30,52,2,0,0,6,10.4,26.0,20.0
MA Starc,2014,2014,340,419,17,16,2,145,7.394117647058824,24.647058823529413,42.64705882352941
MA Starc,2015,2015,272,306,22,13,1,113,6.75,13.909090909090908,41.544117647058826
MA Starc,2024,2024,267,450,20,16,0,105,10.112359550561798,22.5,39.325842696629216
MA Starc,2025,2025,245,413,19,8,4,91,10.114285714285714,21.736842105263158,37.142857142857146
MA Starc,2026,2026,52,71,3,4,0,21,8.192307692307693,23.666666666666668,40.38461538461539
MA Wood,2018,2018,25,50,0,1,0,6,12.0,,24.0
MA Wood,2023,2023,102,142,11,5,1,49,8.352941176470589,12.909090909090908,48.03921568627451
MB Parmar,2009/10,2009,19,33,0,1,0,4,10.421052631578949,,21.052631578947366
MC Henriques,2009,2009,76,107,2,3,0,24,8.447368421052632,53.5,31.57894736842105
MC Henriques,2009/10,2009,24,35,1,0,0,10,8.75,35.0,41.66666666666667
MC Henriques,2013,2013,132,187,8,5,0,52,8.5,23.375,39.39393939393939
MC Henriques,2014,2014,63,96,4,3,0,20,9.142857142857142,24.0,31.746031746031743
MC Henriques,2015,2015,157,164,11,7,0,60,6.2675159235668785,14.909090909090908,38.21656050955414
MC Henriques,2016,2016,318,418,14,6,0,91,7.886792452830188,29.857142857142858,28.61635220125786
MC Henriques,2017,2017,148,248,2,3,1,27,10.054054054054054,124.0,18.243243243243242
MC Henriques,2021,2021,61,47,4,1,0,31,4.622950819672131,11.75,50.81967213114754
MF Maharoof,2007/08,2007,226,255,19,10,0,90,6.769911504424779,13.421052631578947,39.823008849557525
MF Maharoof,2009,2009,66,67,4,2,4,32,6.090909090909091,16.75,48.484848484848484
MF Maharoof,2009/10,2009,149,210,10,4,1,58,8.456375838926174,21.0,38.92617449664429
MG Bracewell,2023,2023,66,95,6,0,0,26,8.636363636363637,15.833333333333334,39.39393939393939
MG Johnson,2013,2013,403,471,24,19,0,196,7.012406947890819,19.625,48.635235732009924
MG Johnson,2014,2014,340,450,17,13,6,143,7.9411764705882355,26.470588235294116,42.05882352941177
MG Johnson,2015,2015,231,346,11,11,2,96,8.987012987012987,31.454545454545453,41.55844155844156
MG Johnson,2016,2016,69,108,3,2,1,23,9.391304347826088,36.0,33.33333333333333
MG Johnson,2017,2017,125,147,9,5,0,58,7.056,16.333333333333332,46.400000000000006
MG Johnson,2018,2018,133,218,2,7,0,46,9.834586466165414,109.0,34.58646616541353
MG Neser,2013,2013,25,62,0,0,1,5,14.879999999999999,,20.0
MJ Clarke,2012,2012,66,72,3,0,0,24,6.545454545454546,24.0,36.36363636363637
MJ Henry,2017,2017,31,71,2,1,0,7,13.741935483870966,35.5,22.58064516129032
MJ Henry,2024,2024,74,112,1,2,0,26,9.08108108108108,112.0,35.13513513513514
MJ Henry,2026,2026,61,131,2,1,0,10,12.885245901639346,65.5,16.39344262295082
MJ McClenaghan,2015,2015,305,395,18,21,2,126,7.770491803278688,21.944444444444443,41.31147540983607
MJ McClenaghan,2016,2016,332,449,18,11,1,138,8.114457831325302,24.944444444444443,41.566265060240966
MJ McClenaghan,2017,2017,345,512,20,16,5,124,8.904347826086957,25.6,35.94202898550725
MJ McClenaghan,2018,2018,250,340,16,9,1,103,8.16,21.25,41.199999999999996
MJ McClenaghan,2019,2019,114,143,3,6,0,45,7.526315789473684,47.666666666666664,39.473684210526315
MJ Santner,2019,2019,88,94,4,3,1,37,6.409090909090909,23.5,42.04545454545455
MJ Santner,2020/21,2020,42,53,2,0,0,12,7.571428571428571,26.5,28.57142857142857
MJ Santner,2022,2022,114,135,4,0,0,43,7.105263157894737,33.75,37.719298245614034
MJ Santner,2023,2023,72,82,3,0,0,22,6.833333333333333,27.333333333333332,30.555555555555557
MJ Santner,2024,2024,54,64,3,0,0,23,7.111111111111111,21.333333333333332,42.592592592592595
MJ Santner,2025,2025,247,316,10,10,0,79,7.676113360323887,31.6,31.983805668016196
MJ Santner,2026,2026,87,126,5,3,0,32,8.689655172413794,25.2,36.7816091954023
MJ Suthar,2024,2024,12,26,0,0,0,4,13.0,,33.33333333333333
MJ Suthar,2026,2026,38,68,2,2,0,13,10.736842105263158,34.0,34.21052631578947
MK Lomror,2018,2018,18,27,0,0,0,2,9.0,,11.11111111111111
MK Lomror,2021,2021,43,47,1,1,0,13,6.558139534883721,47.0,30.23255813953488
MK Lomror,2022,2022,12,18,0,0,0,3,9.0,,25.0
MK Lomror,2023,2023,12,17,1,0,0,3,8.5,17.0,25.0
MK Lomror,2024,2024,9,18,0,3,0,1,12.0,,11.11111111111111
MK Tiwary,2009,2009,6,11,0,0,0,0,11.0,,0.0
MK Tiwary,2009/10,2009,7,11,1,1,0,2,9.428571428571429,11.0,28.57142857142857
MK Tiwary,2011,2011,13,23,0,1,0,4,10.615384615384617,,30.76923076923077
MK Tiwary,2014,2014,12,28,0,0,0,3,14.0,,25.0
MK Tiwary,2018,2018,7,10,0,1,0,0,8.571428571428571,,0.0
MM Ali,2018,2018,81,98,6,2,0,27,7.2592592592592595,16.333333333333332,33.33333333333333
MM Ali,2019,2019,151,169,7,1,0,63,6.71523178807947,24.142857142857142,41.72185430463576
MM Ali,2020/21,2020,32,42,1,2,0,8,7.875,42.0,25.0
MM Ali,2021,2021,154,163,7,1,1,51,6.35064935064935,23.285714285714285,33.116883116883116
MM Ali,2022,2022,146,159,8,3,0,56,6.534246575342466,19.875,38.35616438356164
MM Ali,2023,2023,157,198,9,1,0,57,7.56687898089172,22.0,36.30573248407643
MM Ali,2024,2024,49,71,2,1,0,12,8.693877551020408,35.5,24.489795918367346
MM Ali,2025,2025,99,136,6,3,0,29,8.242424242424242,22.666666666666668,29.292929292929294
MM Patel,2007/08,2007,336,423,16,5,1,144,7.553571428571429,26.4375,42.857142857142854
MM Patel,2009,2009,218,245,18,3,6,115,6.743119266055046,13.61111111111111,52.752293577981646
MM Patel,2009/10,2009,78,118,5,0,0,31,9.076923076923077,23.6,39.743589743589745
MM Patel,2011,2011,329,377,22,3,0,155,6.875379939209727,17.136363636363637,47.11246200607903
MM Patel,2012,2012,288,374,17,4,4,129,7.791666666666667,22.0,44.79166666666667
MM Patel,2013,2013,91,138,3,1,0,33,9.098901098901099,46.0,36.26373626373626
MM Patel,2017,2017,42,58,1,0,0,11,8.285714285714286,58.0,26.190476190476193
MM Sharma,2013,2013,311,327,21,7,0,162,6.308681672025723,15.571428571428571,52.09003215434084
MM Sharma,2014,2014,324,457,26,1,0,123,8.462962962962964,17.576923076923077,37.96296296296296
MM Sharma,2015,2015,350,482,15,6,2,122,8.262857142857143,32.13333333333333,34.85714285714286
MM Sharma,2016,2016,304,410,16,13,0,100,8.092105263157896,25.625,32.89473684210527
MM Sharma,2017,2017,277,412,13,2,1,90,8.92418772563177,31.692307692307693,32.49097472924188
MM Sharma,2018,2018,186,328,7,6,2,50,10.580645161290322,46.857142857142854,26.881720430107524
MM Sharma,2019,2019,18,27,1,0,0,8,9.0,27.0,44.44444444444444
MM Sharma,2020/21,2020,25,45,1,0,1,8,10.799999999999999,45.0,32.0
MM Sharma,2023,2023,268,362,31,3,0,87,8.104477611940299,11.67741935483871,32.46268656716418
MM Sharma,2024,2024,245,428,16,10,1,55,10.481632653061224,26.75,22.448979591836736
MM Sharma,2025,2025,163,259,2,10,3,34,9.533742331288343,129.5,20.858895705521473
MN Samuels,2012,2012,176,217,9,4,0,67,7.397727272727273,24.11111111111111,38.06818181818182
MN Samuels,2013,2013,25,34,1,1,0,8,8.16,34.0,32.0
MN Samuels,2017,2017,18,34,0,0,0,5,11.333333333333334,,27.77777777777778
MP Stoinis,2016,2016,140,203,9,2,0,44,8.700000000000001,22.555555555555557,31.428571428571427
MP Stoinis,2017,2017,69,111,2,6,0,11,9.652173913043478,55.5,15.942028985507244
MP Stoinis,2018,2018,66,121,3,0,0,15,11.0,40.333333333333336,22.727272727272727
MP Stoinis,2019,2019,103,147,2,3,0,32,8.563106796116504,73.5,31.06796116504854
MP Stoinis,2020/21,2020,184,287,13,6,0,50,9.358695652173912,22.076923076923077,27.173913043478258
MP Stoinis,2021,2021,69,124,2,1,1,17,10.782608695652174,62.0,24.637681159420293
MP Stoinis,2022,2022,44,79,4,2,0,13,10.772727272727273,19.75,29.545454545454547
MP Stoinis,2023,2023,69,101,5,4,0,23,8.782608695652174,20.2,33.33333333333333
MP Stoinis,2024,2024,87,127,5,3,0,33,8.758620689655173,25.4,37.93103448275862
MP Stoinis,2025,2025,91,177,1,5,1,22,11.670329670329672,177.0,24.175824175824175
MP Stoinis,2026,2026,33,54,1,4,0,7,9.818181818181818,54.0,21.21212121212121
MP Yadav,2024,2024,76,88,8,2,1,42,6.947368421052632,11.0,55.26315789473685
MP Yadav,2025,2025,53,100,2,5,0,18,11.320754716981131,50.0,33.9622641509434
MP Yadav,2026,2026,25,56,0,1,0,6,13.44,,24.0
MR Marsh,2009/10,2009,64,89,2,3,1,25,8.34375,44.5,39.0625
MR Marsh,2011,2011,86,102,7,1,0,28,7.116279069767441,14.571428571428571,32.55813953488372
MR Marsh,2013,2013,122,184,7,5,1,38,9.049180327868854,26.285714285714285,31.147540983606557
MR Marsh,2016,2016,55,45,4,1,0,28,4.909090909090909,11.25,50.90909090909091
MR Marsh,2020/21,2020,4,6,0,0,0,1,9.0,,25.0
MR Marsh,2022,2022,76,102,4,4,0,25,8.052631578947368,25.5,32.89473684210527
MR Marsh,2023,2023,132,172,12,10,1,37,7.818181818181818,14.333333333333334,28.030303030303028
MR Marsh,2024,2024,54,103,1,6,0,9,11.444444444444445,103.0,16.666666666666664
MS Gony,2007/08,2007,371,456,18,9,2,165,7.37466307277628,25.333333333333332,44.474393530997304
MS Gony,2009,2009,107,173,5,4,1,37,9.700934579439252,34.6,34.57943925233645
MS Gony,2009/10,2009,51,92,1,3,0,17,10.823529411764707,92.0,33.33333333333333
MS Gony,2011,2011,55,86,4,1,0,18,9.381818181818183,21.5,32.72727272727273
MS Gony,2012,2012,151,217,4,6,1,63,8.62251655629139,54.25,41.72185430463576
MS Gony,2013,2013,175,261,7,6,1,65,8.948571428571428,37.285714285714285,37.142857142857146
MS Gony,2017,2017,15,32,0,3,0,4,12.8,,26.666666666666668
MW Short,2023,2023,25,25,0,1,0,11,6.0,,44.0
MW Short,2026,2026,20,39,0,1,0,5,11.7,,25.0
Mandeep Singh,2019,2019,12,26,0,0,0,1,13.0,,8.333333333333332
Mashrafe Mortaza,2009,2009,28,59,1,2,2,8,12.642857142857142,59.0,28.57142857142857
Mayank Dagar,2023,2023,66,83,1,0,0,22,7.545454545454546,83.0,33.33333333333333
Mayank Dagar,2024,2024,72,122,1,1,0,22,10.166666666666666,122.0,30.555555555555557
Mohammad Asif,2007/08,2007,199,307,9,6,1,71,9.256281407035177,34.111111111111114,35.678391959798994
Mohammad Hafeez,2007/08,2007,63,71,2,2,1,26,6.761904761904762,35.5,41.269841269841265
Mohammad Nabi,2017,2017,66,59,2,0,0,35,5.363636363636363,29.5,53.03030303030303
Mohammad Nabi,2018,2018,30,47,1,0,0,12,9.4,47.0,40.0
Mohammad Nabi,2019,2019,175,201,8,0,0,69,6.8914285714285715,25.125,39.42857142857143
Mohammad Nabi,2020/21,2020,26,24,0,2,0,5,5.538461538461539,,19.230769230769234
Mohammad Nabi,2021,2021,48,86,2,0,0,13,10.75,43.0,27.083333333333332
Mohammad Nabi,2024,2024,74,110,2,0,0,19,8.91891891891892,55.0,25.675675675675674
Mohammed Shami,2013,2013,57,79,1,3,0,22,8.31578947368421,79.0,38.59649122807017
Mohammed Shami,2014,2014,281,381,10,16,1,112,8.135231316725978,38.1,39.8576512455516
Mohammed Shami,2016,2016,156,252,8,4,1,47,9.692307692307692,31.5,30.128205128205128
Mohammed Shami,2017,2017,165,248,8,9,0,57,9.018181818181818,31.0,34.54545454545455
Mohammed Shami,2018,2018,85,144,3,2,0,28,10.164705882352942,48.0,32.94117647058823
Mohammed Shami,2019,2019,331,477,22,6,1,120,8.646525679758309,21.681818181818183,36.25377643504532
Mohammed Shami,2020/21,2020,342,482,23,11,1,143,8.456140350877194,20.956521739130434,41.812865497076025
Mohammed Shami,2021,2021,323,400,20,5,2,146,7.430340557275541,20.0,45.20123839009288
Mohammed Shami,2022,2022,378,491,21,12,0,172,7.7936507936507935,23.38095238095238,45.5026455026455
Mohammed Shami,2023,2023,403,532,28,11,2,195,7.9205955334987586,19.0,48.38709677419355
Mohammed Shami,2025,2025,187,348,6,6,1,61,11.165775401069519,58.0,32.62032085561498
Mohammed Shami,2026,2026,225,310,8,15,0,95,8.266666666666667,38.75,42.22222222222222
Mohammed Siraj,2017,2017,141,214,10,3,0,50,9.106382978723405,21.4,35.46099290780142
Mohammed Siraj,2018,2018,264,372,12,18,0,90,8.454545454545455,31.0,34.090909090909086
Mohammed Siraj,2019,2019,179,271,8,8,2,69,9.083798882681565,33.875,38.547486033519554
Mohammed Siraj,2020/21,2020,172,244,11,8,1,77,8.511627906976743,22.181818181818183,44.76744186046512
Mohammed Siraj,2021,2021,321,366,11,9,0,147,6.841121495327103,33.27272727272727,45.794392523364486
Mohammed Siraj,2022,2022,325,525,9,16,3,131,9.692307692307693,58.333333333333336,40.30769230769231
Mohammed Siraj,2023,2023,329,395,20,27,2,163,7.203647416413373,19.75,49.544072948328264
Mohammed Siraj,2024,2024,350,507,15,26,0,129,8.69142857142857,33.8,36.857142857142854
Mohammed Siraj,2025,2025,367,540,16,25,0,151,8.8283378746594,33.75,41.14441416893733
Mohammed Siraj,2026,2026,229,303,12,7,0,109,7.938864628820961,25.25,47.59825327510917
Mohit Rathee,2023,2023,12,29,0,0,0,3,14.5,,25.0
Mohsin Khan,2022,2022,206,202,14,8,0,107,5.883495145631067,14.428571428571429,51.94174757281553
Mohsin Khan,2023,2023,64,111,3,4,0,23,10.40625,37.0,35.9375
Mohsin Khan,2024,2024,237,385,10,9,0,82,9.746835443037975,38.5,34.59915611814346
Mohsin Khan,2026,2026,123,155,10,3,0,57,7.560975609756097,15.5,46.34146341463415
Monu Kumar,2020/21,2020,16,20,0,3,1,4,7.5,,25.0
Mujeeb Ur Rahman,2018,2018,254,292,15,6,0,93,6.89763779527559,19.466666666666665,36.61417322834646
Mujeeb Ur Rahman,2019,2019,123,193,3,9,0,37,9.414634146341463,64.33333333333333,30.081300813008134
Mujeeb Ur Rahman,2020/21,2020,49,83,0,1,0,12,10.16326530612245,,24.489795918367346
Mujeeb Ur Rahman,2021,2021,26,30,2,2,0,10,6.923076923076923,15.0,38.46153846153847
Mujeeb Ur Rahman,2025,2025,13,28,1,1,0,4,12.923076923076923,28.0,30.76923076923077
Mukesh Choudhary,2022,2022,291,425,16,18,0,119,8.762886597938145,26.5625,40.893470790378004
Mukesh Choudhary,2024,2024,7,27,0,0,1,2,23.142857142857142,,28.57142857142857
Mukesh Choudhary,2025,2025,36,71,1,0,0,11,11.833333333333334,71.0,30.555555555555557
Mukesh Choudhary,2026,2026,82,110,4,4,0,37,8.048780487804878,27.5,45.1219512195122
Mukesh Kumar,2023,2023,197,328,9,10,1,65,9.98984771573604,36.44444444444444,32.99492385786802
Mukesh Kumar,2024,2024,223,379,22,7,3,75,10.19730941704036,17.227272727272727,33.6322869955157
Mukesh Kumar,2025,2025,255,411,14,16,2,82,9.670588235294117,29.357142857142858,32.15686274509804
Mukesh Kumar,2026,2026,163,279,6,12,1,53,10.269938650306749,46.5,32.515337423312886
Musheer Khan,2025,2025,12,27,1,0,0,1,13.5,27.0,8.333333333333332
Mustafizur Rahman,2016,2016,376,427,19,10,0,143,6.8138297872340425,22.473684210526315,38.03191489361702
Mustafizur Rahman,2017,2017,17,34,0,1,0,3,12.0,,17.647058823529413
Mustafizur Rahman,2018,2018,167,232,9,0,2,60,8.335329341317365,25.77777777777778,35.92814371257485
Mustafizur Rahman,2021,2021,327,448,18,14,2,114,8.220183486238533,24.88888888888889,34.862385321100916
Mustafizur Rahman,2022,2022,199,248,9,7,0,76,7.477386934673367,27.555555555555557,38.19095477386934
Mustafizur Rahman,2023,2023,42,79,1,0,0,13,11.285714285714286,79.0,30.952380952380953
Mustafizur Rahman,2024,2024,225,324,14,15,4,82,8.64,23.142857142857142,36.44444444444444
Mustafizur Rahman,2025,2025,66,87,4,0,0,23,7.909090909090909,21.75,34.84848484848485
N Burger,2024,2024,105,152,7,3,0,50,8.685714285714285,21.714285714285715,47.61904761904761
N Burger,2026,2026,205,357,9,9,1,86,10.448780487804878,39.666666666666664,41.951219512195124
N Rana,2016,2016,6,3,0,0,0,3,3.0,,50.0
N Rana,2018,2018,38,44,4,1,0,17,6.947368421052632,11.0,44.73684210526316
N Rana,2019,2019,50,73,3,2,0,15,8.76,24.333333333333332,30.0
N Rana,2020/21,2020,13,23,0,1,0,0,10.615384615384617,,0.0
N Rana,2021,2021,12,12,0,0,0,5,6.0,,41.66666666666667
N Rana,2022,2022,12,23,0,0,0,1,11.5,,8.333333333333332
N Rana,2023,2023,54,75,3,1,0,18,8.333333333333334,25.0,33.33333333333333
N Rana,2025,2025,12,18,0,0,0,0,9.0,,0.0
N Rana,2026,2026,26,55,1,2,0,7,12.692307692307693,55.0,26.923076923076923
N Thushara,2024,2024,172,259,8,14,2,52,9.034883720930232,32.375,30.23255813953488
N Thushara,2025,2025,26,30,1,1,1,11,6.923076923076923,30.0,42.30769230769231
N Wadhera,2024,2024,12,13,0,0,0,2,6.5,,16.666666666666664
N Wadhera,2025,2025,5,9,0,0,0,1,10.799999999999999,,20.0
NA Saini,2023,2023,15,35,0,0,3,3,14.0,,20.0
NB Singh,2017,2017,25,18,1,1,0,16,4.319999999999999,18.0,64.0
ND Doshi,2009/10,2009,25,17,1,1,0,14,4.08,17.0,56.00000000000001
ND Doshi,2011,2011,32,62,1,0,0,10,11.625,62.0,31.25
NJ Rimmington,2011,2011,18,20,0,0,0,10,6.666666666666667,,55.55555555555556
NL McCullum,2011,2011,30,35,0,0,0,11,7.0,,36.666666666666664
NLTC Perera,2009/10,2009,6,19,0,0,0,0,19.0,,0.0
NLTC Perera,2011,2011,86,114,5,2,0,27,7.953488372093023,22.8,31.3953488372093
NLTC Perera,2012,2012,15,27,0,0,0,2,10.8,,13.333333333333334
NLTC Perera,2013,2013,369,490,21,8,3,145,7.967479674796748,23.333333333333332,39.295392953929536
NLTC Perera,2015,2015,37,55,1,1,0,9,8.91891891891892,55.0,24.324324324324326
NLTC Perera,2016,2016,202,326,10,3,0,56,9.683168316831685,32.6,27.722772277227726
NM Coulter-Nile,2013,2013,25,29,1,1,0,11,6.959999999999999,29.0,44.0
NM Coulter-Nile,2014,2014,26,27,2,1,1,12,6.230769230769231,13.5,46.15384615384615
NM Coulter-Nile,2015,2015,264,331,16,8,1,125,7.5227272727272725,20.6875,47.34848484848485
NM Coulter-Nile,2016,2016,93,120,4,1,2,40,7.741935483870968,30.0,43.01075268817204
NM Coulter-Nile,2017,2017,178,232,16,5,3,77,7.820224719101123,14.5,43.258426966292134
NM Coulter-Nile,2020/21,2020,165,206,6,9,0,69,7.490909090909091,34.333333333333336,41.81818181818181
NM Coulter-Nile,2021,2021,121,131,7,0,1,54,6.495867768595041,18.714285714285715,44.62809917355372
NM Coulter-Nile,2022,2022,20,49,0,1,1,5,14.7,,25.0
NT Ellis,2021,2021,68,91,1,2,0,24,8.029411764705882,91.0,35.294117647058826
NT Ellis,2022,2022,40,57,4,3,1,17,8.549999999999999,14.25,42.5
NT Ellis,2023,2023,233,342,13,3,2,68,8.806866952789699,26.307692307692307,29.184549356223176
NT Ellis,2024,2024,24,24,1,0,0,10,6.0,24.0,41.66666666666667
NT Ellis,2025,2025,25,39,1,1,0,6,9.36,39.0,24.0
Naman Dhir,2024,2024,29,55,0,1,0,3,11.379310344827587,,10.344827586206897
Naman Dhir,2025,2025,24,21,1,0,0,8,5.25,21.0,33.33333333333333
Navdeep Saini,2019,2019,299,410,12,6,5,141,8.227424749163879,34.166666666666664,47.15719063545151
Navdeep Saini,2020/21,2020,294,392,8,12,2,121,8.0,49.0,41.156462585034014
Navdeep Saini,2021,2021,25,53,0,0,1,5,12.719999999999999,,20.0
Navdeep Saini,2022,2022,39,73,3,2,1,10,11.23076923076923,24.333333333333332,25.64102564102564
Navdeep Saini,2023,2023,25,40,3,1,0,9,9.6,13.333333333333334,36.0
Navdeep Saini,2026,2026,19,38,0,1,0,6,12.0,,31.57894736842105
Naveen-ul-Haq,2023,2023,175,227,11,5,2,69,7.782857142857143,20.636363636363637,39.42857142857143
Naveen-ul-Haq,2024,2024,232,375,15,10,3,73,9.698275862068966,25.0,31.46551724137931
Nithish Kumar Reddy,2023,2023,31,54,0,0,1,11,10.451612903225806,,35.483870967741936
Nithish Kumar Reddy,2024,2024,87,154,4,7,1,21,10.620689655172415,38.5,24.137931034482758
Nithish Kumar Reddy,2025,2025,34,47,4,4,0,9,8.294117647058822,11.75,26.47058823529412
Nithish Kumar Reddy,2026,2026,146,241,7,8,0,39,9.904109589041097,34.42857142857143,26.71232876712329
Noor Ahmad,2023,2023,299,375,16,15,1,103,7.525083612040134,23.4375,34.448160535117054
Noor Ahmad,2024,2024,214,297,8,5,0,75,8.327102803738319,37.125,35.046728971962615
Noor Ahmad,2025,2025,314,416,24,11,3,108,7.949044585987261,17.333333333333332,34.394904458598724
Noor Ahmad,2026,2026,223,316,12,6,1,65,8.502242152466367,26.333333333333332,29.14798206278027
O Thomas,2019,2019,63,85,5,1,2,23,8.095238095238095,17.0,36.507936507936506
OC McCoy,2022,2022,173,242,11,16,2,50,8.39306358381503,22.0,28.901734104046245
OC McCoy,2023,2023,7,13,0,1,0,2,11.142857142857142,,28.57142857142857
OF Smith,2022,2022,95,179,7,4,1,36,11.305263157894736,25.571428571428573,37.89473684210527
P Amarnath,2007/08,2007,132,241,7,0,0,34,10.954545454545455,34.42857142857143,25.757575757575758
P Awana,2012,2012,296,382,18,13,1,120,7.743243243243243,21.22222222222222,40.54054054054054
P Awana,2013,2013,332,416,16,6,2,138,7.518072289156626,26.0,41.566265060240966
P Awana,2014,2014,146,248,9,4,1,51,10.191780821917808,27.555555555555557,34.93150684931507
P Dubey,2020/21,2020,48,72,0,0,0,12,9.0,,25.0
P Dubey,2023,2023,19,19,1,1,0,8,6.0,19.0,42.10526315789473
P Dubey,2025,2025,12,21,1,0,0,4,10.5,21.0,33.33333333333333
P Kumar,2007/08,2007,275,376,12,7,0,118,8.203636363636363,31.333333333333332,42.90909090909091
P Kumar,2009,2009,312,401,16,13,1,126,7.711538461538462,25.0625,40.38461538461539
P Kumar,2009/10,2009,288,392,12,18,0,118,8.166666666666666,32.666666666666664,40.97222222222222
P Kumar,2011,2011,283,353,10,7,0,143,7.484098939929329,35.3,50.53003533568905
P Kumar,2012,2012,395,445,12,17,0,179,6.759493670886076,37.083333333333336,45.31645569620253
P Kumar,2013,2013,354,394,13,16,0,168,6.677966101694915,30.307692307692307,47.45762711864407
P Kumar,2014,2014,73,81,4,1,0,36,6.657534246575342,20.25,49.31506849315068
P Kumar,2015,2015,230,338,7,14,0,79,8.817391304347826,48.285714285714285,34.34782608695652
P Kumar,2016,2016,319,408,10,10,0,139,7.673981191222571,40.8,43.573667711598745
P Kumar,2017,2017,108,154,6,9,0,42,8.555555555555555,25.666666666666668,38.88888888888889
P Negi,2012,2012,133,153,7,1,0,50,6.902255639097744,21.857142857142858,37.59398496240601
P Negi,2013,2013,26,28,0,2,0,3,6.461538461538462,,11.538461538461538
P Negi,2014,2014,43,76,1,1,0,9,10.604651162790697,76.0,20.930232558139537
P Negi,2015,2015,183,259,7,3,0,57,8.491803278688524,37.0,31.147540983606557
P Negi,2016,2016,54,84,2,0,0,11,9.333333333333334,42.0,20.37037037037037
P Negi,2017,2017,200,202,17,7,0,85,6.06,11.882352941176471,42.5
P Negi,2018,2018,24,49,1,0,0,9,12.25,49.0,37.5
P Negi,2019,2019,70,103,3,3,0,25,8.82857142857143,34.333333333333336,35.714285714285715
P Parameswaran,2011,2011,97,137,4,2,1,41,8.474226804123711,34.25,42.2680412371134
P Parameswaran,2012,2012,62,89,5,2,0,25,8.612903225806452,17.8,40.32258064516129
P Prasanth,2011,2011,6,18,0,0,0,3,18.0,,50.0
P Ray Barman,2019,2019,24,56,0,0,0,2,14.0,,8.333333333333332
P Sahu,2016,2016,107,152,3,2,0,27,8.52336448598131,50.666666666666664,25.233644859813083
P Suyal,2013,2013,19,22,1,1,0,10,6.947368421052632,22.0,52.63157894736842
P Suyal,2014,2014,21,35,1,3,0,8,10.0,35.0,38.095238095238095
P Suyal,2015,2015,67,97,0,3,4,23,8.686567164179104,,34.32835820895522
PC Valthaty,2011,2011,147,191,7,2,0,45,7.795918367346939,27.285714285714285,30.612244897959183
PC Valthaty,2012,2012,6,16,0,0,0,1,16.0,,16.666666666666664
PD Collingwood,2009/10,2009,90,101,5,1,0,24,6.733333333333333,20.2,26.666666666666668
PH Solanki,2022,2022,36,39,2,0,0,12,6.5,19.5,33.33333333333333
PHKD Mendis,2025,2025,42,60,2,0,0,11,8.571428571428571,30.0,26.190476190476193
PJ Cummins,2014,2014,24,29,2,0,0,12,7.25,14.5,50.0
PJ Cummins,2015,2015,66,103,1,6,0,25,9.363636363636363,103.0,37.878787878787875
PJ Cummins,2017,2017,289,393,16,11,1,99,8.159169550173011,24.5625,34.2560553633218
PJ Cummins,2020/21,2020,321,424,12,9,0,140,7.925233644859813,35.333333333333336,43.613707165109034
PJ Cummins,2021,2021,168,237,9,7,0,60,8.464285714285714,26.333333333333332,35.714285714285715
PJ Cummins,2022,2022,127,219,8,8,0,37,10.346456692913385,27.375,29.133858267716533
PJ Cummins,2024,2024,375,571,18,9,0,125,9.136,31.72222222222222,33.33333333333333
PJ Cummins,2025,2025,312,460,16,13,1,118,8.846153846153847,28.75,37.82051282051282
PJ Cummins,2026,2026,100,148,4,3,1,35,8.879999999999999,37.0,35.0
PJ Sangwan,2007/08,2007,155,221,7,10,1,50,8.55483870967742,31.571428571428573,32.25806451612903
PJ Sangwan,2009,2009,297,374,18,15,2,122,7.555555555555555,20.77777777777778,41.07744107744108
PJ Sangwan,2009/10,2009,199,260,9,11,2,73,7.839195979899498,28.88888888888889,36.68341708542713
PJ Sangwan,2012,2012,25,42,1,1,0,5,10.08,42.0,20.0
PJ Sangwan,2013,2013,26,52,0,1,1,8,12.0,,30.76923076923077
PJ Sangwan,2016,2016,25,49,0,1,0,9,11.76,,36.0
PJ Sangwan,2017,2017,110,183,6,2,0,46,9.981818181818182,30.5,41.81818181818181
PJ Sangwan,2018,2018,12,20,0,0,0,5,10.0,,41.66666666666667
PJ Sangwan,2022,2022,56,66,3,2,0,22,7.071428571428571,22.0,39.285714285714285
PM Sarvesh Kumar,2007/08,2007,31,42,1,1,0,11,8.129032258064516,42.0,35.483870967741936
PP Chawla,2007/08,2007,286,396,19,5,0,114,8.307692307692308,20.842105263157894,39.86013986013986
PP Chawla,2009,2009,273,319,12,4,0,116,7.010989010989011,26.583333333333332,42.49084249084249
PP Chawla,2009/10,2009,296,371,13,2,0,97,7.52027027027027,28.53846153846154,32.77027027027027
PP Chawla,2011,2011,253,340,16,5,0,94,8.063241106719367,21.25,37.15415019762846
PP Chawla,2012,2012,346,425,18,4,0,126,7.369942196531793,23.61111111111111,36.41618497109826
PP Chawla,2013,2013,352,433,11,2,0,123,7.380681818181818,39.36363636363637,34.94318181818182
PP Chawla,2014,2014,238,304,14,1,0,80,7.663865546218488,21.714285714285715,33.61344537815126
PP Chawla,2015,2015,212,275,12,2,0,68,7.783018867924528,22.916666666666668,32.075471698113205
PP Chawla,2016,2016,216,273,12,3,1,82,7.583333333333333,22.75,37.96296296296296
PP Chawla,2017,2017,122,179,6,2,0,36,8.80327868852459,29.833333333333332,29.508196721311474
PP Chawla,2018,2018,296,419,14,2,0,110,8.493243243243242,29.928571428571427,37.16216216216216
PP Chawla,2019,2019,267,405,10,0,0,87,9.101123595505618,40.5,32.58426966292135
PP Chawla,2020/21,2020,128,191,7,1,1,37,8.953125,27.285714285714285,28.90625
PP Chawla,2021,2021,24,38,1,0,0,3,9.5,38.0,12.5
PP Chawla,2023,2023,371,499,23,5,0,121,8.070080862533693,21.695652173913043,32.61455525606469
PP Chawla,2024,2024,215,312,13,5,0,65,8.706976744186045,24.0,30.23255813953488
PP Hinge,2026,2026,103,199,8,5,2,36,11.592233009708737,24.875,34.95145631067961
PP Ojha,2007/08,2007,236,299,11,14,0,81,7.601694915254237,27.181818181818183,34.32203389830508
PP Ojha,2009,2009,327,359,21,6,0,111,6.587155963302752,17.095238095238095,33.94495412844037
PP Ojha,2009/10,2009,360,439,22,6,1,140,7.316666666666666,19.954545454545453,38.88888888888889
PP Ojha,2011,2011,224,281,12,3,0,91,7.5267857142857135,23.416666666666668,40.625
PP Ojha,2012,2012,186,222,10,5,1,68,7.161290322580645,22.2,36.55913978494624
PP Ojha,2013,2013,318,391,18,4,0,115,7.377358490566038,21.72222222222222,36.16352201257861
PP Ojha,2014,2014,282,385,5,6,0,102,8.191489361702128,77.0,36.17021276595745
PP Ojha,2015,2015,12,23,0,0,0,1,11.5,,8.333333333333332
PR Veer,2026,2026,12,25,0,0,0,5,12.5,,41.66666666666667
PV Tambe,2013,2013,69,91,1,3,0,22,7.913043478260869,91.0,31.88405797101449
PV Tambe,2014,2014,304,365,15,10,0,97,7.203947368421053,24.333333333333332,31.907894736842106
PV Tambe,2015,2015,204,267,7,0,0,70,7.852941176470588,38.142857142857146,34.31372549019608
PV Tambe,2016,2016,97,143,5,1,0,26,8.845360824742267,28.6,26.804123711340207
PVD Chameera,2022,2022,278,393,11,12,2,122,8.482014388489208,35.72727272727273,43.884892086330936
PVD Chameera,2024,2024,19,49,0,1,0,6,15.473684210526317,,31.57894736842105
PVD Chameera,2025,2025,111,198,4,8,1,24,10.702702702702704,49.5,21.62162162162162
PVD Chameera,2026,2026,12,18,0,0,0,5,9.0,,41.66666666666667
PVSN Raju,2025,2025,29,54,2,5,0,4,11.172413793103448,27.0,13.793103448275861
PWA Mulder,2025,2025,6,16,0,0,0,1,16.0,,16.666666666666664
PWH de Silva,2021,2021,36,60,0,0,0,11,10.0,,30.555555555555557
PWH de Silva,2022,2022,346,439,27,4,0,143,7.612716763005781,16.25925925925926,41.32947976878613
PWH de Silva,2023,2023,175,259,9,1,0,55,8.879999999999999,28.77777777777778,31.428571428571427
PWH de Silva,2025,2025,251,376,11,5,0,67,8.98804780876494,34.18181818181818,26.693227091633464
Pankaj Singh,2007/08,2007,76,129,0,3,1,18,10.18421052631579,,23.684210526315788
Pankaj Singh,2009,2009,45,65,2,3,0,12,8.666666666666666,32.5,26.666666666666668
Pankaj Singh,2009/10,2009,51,83,2,3,0,23,9.764705882352942,41.5,45.09803921568628
Pankaj Singh,2011,2011,12,24,0,0,0,4,12.0,,33.33333333333333
Pankaj Singh,2012,2012,127,171,7,1,0,58,8.078740157480315,24.428571428571427,45.66929133858268
Parvez Rasool,2013,2013,30,29,1,0,0,13,5.8,29.0,43.333333333333336
Parvez Rasool,2014,2014,56,83,1,2,0,14,8.892857142857142,83.0,25.0
Parvez Rasool,2015,2015,30,31,1,0,0,12,6.2,31.0,40.0
Parvez Rasool,2016,2016,84,130,1,0,0,23,9.285714285714286,130.0,27.380952380952383
Prince Yadav,2025,2025,144,226,5,7,0,43,9.416666666666666,45.2,29.86111111111111
Prince Yadav,2026,2026,212,274,16,13,0,83,7.754716981132075,17.125,39.15094339622642
R Ashwin,2009,2009,24,14,2,0,0,12,3.5,7.0,50.0
R Ashwin,2009/10,2009,297,308,14,9,0,132,6.222222222222222,22.0,44.44444444444444
R Ashwin,2011,2011,385,398,21,7,0,164,6.202597402597402,18.952380952380953,42.59740259740259
R Ashwin,2012,2012,402,439,19,6,1,148,6.552238805970149,23.105263157894736,36.81592039800995
R Ashwin,2013,2013,354,397,16,6,0,127,6.728813559322034,24.8125,35.87570621468927
R Ashwin,2014,2014,379,446,17,20,0,139,7.060686015831135,26.235294117647058,36.675461741424805
R Ashwin,2015,2015,240,229,10,5,1,116,5.725,22.9,48.333333333333336
R Ashwin,2016,2016,278,321,11,14,0,95,6.928057553956834,29.181818181818183,34.172661870503596
R Ashwin,2018,2018,314,411,11,10,0,77,7.853503184713375,37.36363636363637,24.522292993630572
R Ashwin,2019,2019,342,400,17,12,0,100,7.017543859649122,23.529411764705884,29.239766081871345
R Ashwin,2020/21,2020,312,393,15,6,0,101,7.5576923076923075,26.2,32.371794871794876
R Ashwin,2021,2021,278,334,8,9,1,95,7.2086330935251794,41.75,34.172661870503596
R Ashwin,2022,2022,419,506,13,16,1,122,7.2458233890214805,38.92307692307692,29.116945107398568
R Ashwin,2023,2023,309,370,15,15,0,90,7.184466019417476,24.666666666666668,29.126213592233007
R Ashwin,2024,2024,346,469,9,16,0,89,8.132947976878613,52.111111111111114,25.722543352601157
R Ashwin,2025,2025,189,286,7,3,0,57,9.079365079365079,40.857142857142854,30.158730158730158
R Bhatia,2007/08,2007,134,185,9,2,0,50,8.283582089552239,20.555555555555557,37.3134328358209
R Bhatia,2009,2009,133,153,11,3,0,46,6.902255639097744,13.909090909090908,34.58646616541353
R Bhatia,2009/10,2009,98,136,3,2,0,26,8.326530612244898,45.333333333333336,26.53061224489796
R Bhatia,2011,2011,194,213,10,2,0,59,6.587628865979381,21.3,30.412371134020617
R Bhatia,2012,2012,323,400,17,3,1,89,7.430340557275541,23.529411764705884,27.55417956656347
R Bhatia,2013,2013,266,334,11,3,0,61,7.533834586466165,30.363636363636363,22.932330827067666
R Bhatia,2014,2014,232,287,13,4,0,60,7.422413793103448,22.076923076923077,25.862068965517242
R Bhatia,2015,2015,30,47,0,0,0,8,9.4,,26.666666666666668
R Bhatia,2016,2016,208,249,6,3,1,59,7.182692307692308,41.5,28.365384615384613
R Bhatia,2017,2017,43,55,2,1,0,9,7.674418604651162,27.5,20.930232558139537
R Dhawan,2013,2013,95,115,2,3,2,38,7.263157894736842,57.5,40.0
R Dhawan,2014,2014,294,373,15,10,0,90,7.612244897959184,24.866666666666667,30.612244897959183
R Dhawan,2015,2015,79,111,1,6,1,21,8.430379746835444,111.0,26.582278481012654
R Dhawan,2016,2016,45,56,2,3,0,12,7.466666666666667,28.0,26.666666666666668
R Dhawan,2022,2022,119,164,6,5,0,33,8.268907563025211,27.333333333333332,27.73109243697479
R Dhawan,2023,2023,42,64,1,0,0,20,9.142857142857142,64.0,47.61904761904761
R Dhawan,2024,2024,19,39,0,1,0,5,12.31578947368421,,26.31578947368421
R Goyal,2023,2023,24,34,0,0,0,7,8.5,,29.166666666666668
R McLaren,2009/10,2009,215,281,5,10,1,78,7.841860465116278,56.2,36.27906976744186
R McLaren,2011,2011,111,182,5,1,2,33,9.837837837837839,36.4,29.72972972972973
R McLaren,2013,2013,46,95,4,4,0,18,12.391304347826086,23.75,39.130434782608695
R Ninan,2011,2011,36,65,3,0,0,8,10.833333333333334,21.666666666666668,22.22222222222222
R Parag,2019,2019,84,121,2,0,0,18,8.642857142857142,60.5,21.428571428571427
R Parag,2020/21,2020,13,27,0,1,0,3,12.461538461538462,,23.076923076923077
R Parag,2021,2021,39,73,2,2,0,7,11.23076923076923,36.5,17.94871794871795
R Parag,2022,2022,26,59,1,2,0,3,13.615384615384617,59.0,11.538461538461538
R Parag,2024,2024,19,27,0,1,0,5,8.526315789473685,,26.31578947368421
R Parag,2025,2025,128,171,4,8,0,30,8.015625,42.75,23.4375
R Parag,2026,2026,25,38,2,1,0,5,9.12,19.0,20.0
R Powell,2022,2022,7,17,0,1,0,0,14.571428571428571,,0.0
R Powell,2023,2023,14,18,1,1,1,5,7.7142857142857135,18.0,35.714285714285715
R Rampaul,2013,2013,241,282,15,7,2,120,7.020746887966806,18.8,49.79253112033195
R Rampaul,2014,2014,37,37,2,1,0,18,6.0,18.5,48.64864864864865
R Ravindra,2024,2024,12,7,0,0,0,5,3.5,,41.66666666666667
R Sai Kishore,2022,2022,98,122,6,2,0,27,7.469387755102042,20.333333333333332,27.55102040816326
R Sai Kishore,2024,2024,93,137,7,3,0,30,8.838709677419354,19.571428571428573,32.25806451612903
R Sai Kishore,2025,2025,262,396,19,7,0,77,9.068702290076336,20.842105263157894,29.389312977099237
R Sanjay Yadav,2022,2022,14,23,0,2,0,6,9.857142857142856,,42.857142857142854
R Sathish,2009/10,2009,51,81,3,3,0,14,9.529411764705882,27.0,27.450980392156865
R Sathish,2011,2011,31,41,0,0,0,7,7.935483870967741,,22.58064516129032
R Sathish,2013,2013,24,52,1,0,0,2,13.0,52.0,8.333333333333332
R Sathish,2016,2016,38,59,2,2,0,8,9.31578947368421,29.5,21.052631578947366
R Sharma,2009/10,2009,126,170,6,2,0,43,8.095238095238095,28.333333333333332,34.12698412698413
R Sharma,2011,2011,302,278,17,2,0,132,5.523178807947019,16.352941176470587,43.70860927152318
R Sharma,2012,2012,224,305,9,2,0,74,8.169642857142856,33.888888888888886,33.035714285714285
R Sharma,2013,2013,247,282,9,1,0,86,6.850202429149798,31.333333333333332,34.81781376518219
R Sharma,2014,2014,36,65,1,0,0,9,10.833333333333334,65.0,25.0
R Shepherd,2022,2022,57,98,4,3,0,23,10.31578947368421,24.5,40.35087719298245
R Shepherd,2024,2024,76,162,2,4,0,18,12.789473684210527,81.0,23.684210526315788
R Shepherd,2025,2025,90,156,6,6,0,27,10.4,26.0,30.0
R Shepherd,2026,2026,102,205,5,5,1,22,12.058823529411764,41.0,21.568627450980394
R Shukla,2012,2012,19,32,0,1,0,6,10.105263157894738,,31.57894736842105
R Shukla,2013,2013,53,80,4,5,0,16,9.056603773584905,20.0,30.18867924528302
R Shukla,2014,2014,58,105,3,1,3,24,10.862068965517242,35.0,41.37931034482759
R Tewatia,2014,2014,55,59,3,1,0,21,6.4363636363636365,19.666666666666668,38.18181818181819
R Tewatia,2015,2015,18,31,2,0,0,6,10.333333333333334,15.5,33.33333333333333
R Tewatia,2017,2017,55,51,3,1,0,25,5.563636363636364,17.0,45.45454545454545
R Tewatia,2018,2018,134,174,6,2,0,41,7.791044776119404,29.0,30.597014925373134
R Tewatia,2019,2019,39,42,2,1,0,19,6.461538461538462,21.0,48.717948717948715
R Tewatia,2020/21,2020,286,327,11,8,2,96,6.860139860139861,29.727272727272727,33.56643356643357
R Tewatia,2021,2021,229,342,8,7,0,50,8.960698689956333,42.75,21.83406113537118
R Tewatia,2022,2022,36,76,1,0,0,6,12.666666666666666,76.0,16.666666666666664
R Tewatia,2023,2023,14,15,0,1,0,7,6.428571428571428,,50.0
R Vinay Kumar,2007/08,2007,141,183,7,1,2,61,7.787234042553192,26.142857142857142,43.262411347517734
R Vinay Kumar,2009,2009,199,273,9,5,0,67,8.231155778894474,30.333333333333332,33.66834170854271
R Vinay Kumar,2009/10,2009,284,404,19,5,2,106,8.535211267605634,21.263157894736842,37.32394366197183
R Vinay Kumar,2011,2011,278,345,17,10,0,110,7.446043165467626,20.294117647058822,39.568345323741006
R Vinay Kumar,2012,2012,346,488,21,9,2,129,8.46242774566474,23.238095238095237,37.283236994219656
R Vinay Kumar,2013,2013,377,522,27,7,3,130,8.307692307692307,19.333333333333332,34.48275862068966
R Vinay Kumar,2014,2014,194,294,10,2,0,63,9.092783505154639,29.4,32.47422680412371
R Vinay Kumar,2015,2015,265,371,9,3,1,96,8.4,41.22222222222222,36.22641509433962
R Vinay Kumar,2016,2016,57,65,4,3,0,26,6.842105263157895,16.25,45.614035087719294
R Vinay Kumar,2017,2017,20,31,2,2,0,6,9.299999999999999,15.5,30.0
R Vinay Kumar,2018,2018,25,65,2,1,1,8,15.6,32.5,32.0
RA Jadeja,2007/08,2007,13,21,1,0,0,6,9.692307692307693,21.0,46.15384615384615
RA Jadeja,2009,2009,144,156,6,4,0,47,6.5,26.0,32.63888888888889
RA Jadeja,2011,2011,261,307,9,9,0,92,7.057471264367816,34.111111111111114,35.24904214559387
RA Jadeja,2012,2012,216,278,12,6,0,69,7.722222222222222,23.166666666666668,31.944444444444443
RA Jadeja,2013,2013,262,326,15,2,1,98,7.465648854961833,21.733333333333334,37.404580152671755
RA Jadeja,2014,2014,332,446,20,6,0,105,8.06024096385542,22.3,31.626506024096386
RA Jadeja,2015,2015,258,334,12,2,0,88,7.767441860465116,27.833333333333332,34.10852713178294
RA Jadeja,2016,2016,247,320,9,5,1,80,7.773279352226721,35.55555555555556,32.388663967611336
RA Jadeja,2017,2017,229,352,5,1,0,60,9.222707423580786,70.4,26.200873362445414
RA Jadeja,2018,2018,250,310,12,4,0,82,7.44,25.833333333333332,32.800000000000004
RA Jadeja,2019,2019,326,347,15,2,0,128,6.386503067484663,23.133333333333333,39.263803680981596
RA Jadeja,2020/21,2020,221,318,6,3,0,56,8.633484162895927,53.0,25.339366515837103
RA Jadeja,2021,2021,300,347,13,4,2,105,6.94,26.692307692307693,35.0
RA Jadeja,2022,2022,203,252,6,5,0,65,7.448275862068965,42.0,32.01970443349754
RA Jadeja,2023,2023,348,432,20,6,0,107,7.448275862068965,21.6,30.747126436781606
RA Jadeja,2024,2024,285,371,8,2,1,75,7.810526315789474,46.375,26.31578947368421
RA Jadeja,2025,2025,232,325,10,3,2,77,8.405172413793103,32.5,33.189655172413794
RA Jadeja,2026,2026,134,176,7,2,0,41,7.880597014925374,25.142857142857142,30.597014925373134
RA Shaikh,2009,2009,6,11,0,0,0,1,11.0,,16.666666666666664
RA Tripathi,2017,2017,6,12,0,0,0,0,12.0,,0.0
RD Chahar,2017,2017,46,59,2,4,0,17,7.695652173913043,29.5,36.95652173913043
RD Chahar,2019,2019,287,310,13,5,0,125,6.480836236933798,23.846153846153847,43.55400696864111
RD Chahar,2020/21,2020,323,439,16,5,0,104,8.154798761609907,27.4375,32.19814241486068
RD Chahar,2021,2021,261,324,13,3,0,93,7.448275862068965,24.923076923076923,35.63218390804598
RD Chahar,2022,2022,290,365,14,10,0,99,7.551724137931034,26.071428571428573,34.13793103448276
RD Chahar,2023,2023,301,388,8,3,0,96,7.73421926910299,48.5,31.893687707641195
RD Chahar,2024,2024,189,280,10,2,1,56,8.88888888888889,28.0,29.629629629629626
RD Chahar,2025,2025,6,9,0,0,0,2,9.0,,33.33333333333333
RD Chahar,2026,2026,25,46,0,1,0,4,11.04,,16.0
RE van der Merwe,2009,2009,209,263,9,5,0,62,7.55023923444976,29.22222222222222,29.665071770334926
RE van der Merwe,2009/10,2009,27,27,2,3,0,8,6.0,13.5,29.629629629629626
RE van der Merwe,2011,2011,91,94,6,2,0,38,6.197802197802198,15.666666666666666,41.75824175824176
RE van der Merwe,2012,2012,61,60,4,1,0,26,5.901639344262295,15.0,42.62295081967213
RE van der Merwe,2013,2013,67,71,4,1,0,25,6.358208955223881,17.75,37.3134328358209
RG More,2015,2015,37,63,1,2,0,5,10.216216216216216,63.0,13.513513513513514
RG Sharma,2007/08,2007,25,26,1,1,0,7,6.239999999999999,26.0,28.000000000000004
RG Sharma,2009,2009,140,163,12,2,0,40,6.985714285714286,13.583333333333334,28.57142857142857
RG Sharma,2009/10,2009,119,159,2,5,0,35,8.016806722689076,79.5,29.411764705882355
RG Sharma,2011,2011,25,53,0,1,0,4,12.719999999999999,,16.0
RG Sharma,2012,2012,6,16,0,0,0,1,16.0,,16.666666666666664
RG Sharma,2013,2013,9,6,0,1,0,3,4.0,,33.33333333333333
RG Sharma,2014,2014,18,26,1,0,0,4,8.666666666666666,26.0,22.22222222222222
RG Sharma,2021,2021,7,13,0,0,0,0,11.142857142857142,,0.0
RJ Gleeson,2024,2024,51,72,1,3,1,21,8.470588235294118,72.0,41.17647058823529
RJ Gleeson,2025,2025,22,39,1,1,0,5,10.636363636363637,39.0,22.727272727272727
RJ Harris,2009,2009,192,235,6,5,1,89,7.34375,39.166666666666664,46.35416666666667
RJ Harris,2009/10,2009,195,239,15,11,0,86,7.3538461538461535,15.933333333333334,44.1025641025641
RJ Harris,2011,2011,295,401,17,13,0,122,8.155932203389831,23.58823529411765,41.35593220338983
RJ Harris,2012,2012,109,136,8,1,0,51,7.486238532110091,17.0,46.788990825688074
RJ Harris,2013,2013,74,74,1,2,0,42,6.0,74.0,56.75675675675676
RJ Peterson,2012,2012,48,70,3,0,0,21,8.75,23.333333333333332,43.75
RJW Topley,2023,2023,12,14,1,0,0,7,7.0,14.0,58.333333333333336
RJW Topley,2024,2024,95,168,4,5,0,31,10.610526315789473,42.0,32.631578947368425
RJW Topley,2025,2025,18,40,0,0,0,6,13.333333333333334,,33.33333333333333
RN ten Doeschate,2011,2011,7,7,0,1,0,0,6.0,,0.0
RN ten Doeschate,2012,2012,21,24,1,3,0,2,6.857142857142857,24.0,9.523809523809524
RN ten Doeschate,2013,2013,18,24,0,0,0,4,8.0,,22.22222222222222
RN ten Doeschate,2014,2014,30,35,1,0,0,13,7.0,35.0,43.333333333333336
RN ten Doeschate,2015,2015,7,4,1,1,0,3,3.4285714285714284,4.0,42.857142857142854
RP Meredith,2021,2021,108,171,4,5,1,38,9.5,42.75,35.18518518518518
RP Meredith,2022,2022,181,241,10,13,0,76,7.988950276243093,24.1,41.988950276243095
RP Meredith,2023,2023,126,209,7,7,1,42,9.952380952380953,29.857142857142858,33.33333333333333
RP Singh,2007/08,2007,325,459,17,16,1,132,8.473846153846154,27.0,40.61538461538461
RP Singh,2009,2009,382,430,26,17,7,179,6.7539267015706805,16.53846153846154,46.8586387434555
RP Singh,2009/10,2009,266,385,14,14,0,103,8.68421052631579,27.5,38.721804511278194
RP Singh,2011,2011,314,365,15,14,0,146,6.974522292993631,24.333333333333332,46.496815286624205
RP Singh,2012,2012,260,328,11,12,2,112,7.569230769230769,29.818181818181817,43.07692307692308
RP Singh,2013,2013,251,336,14,10,2,89,8.03187250996016,24.0,35.45816733067729
RP Singh,2016,2016,76,114,3,3,1,32,9.0,38.0,42.10526315789473
RR Bhatkal,2012,2012,12,35,0,0,0,0,17.5,,0.0
RR Bose,2009,2009,12,24,0,0,0,5,12.0,,41.66666666666667
RR Powar,2007/08,2007,77,93,3,5,0,32,7.246753246753246,31.0,41.55844155844156
RR Powar,2009,2009,132,138,6,6,0,52,6.2727272727272725,23.0,39.39393939393939
RR Powar,2009/10,2009,144,163,4,5,1,66,6.791666666666667,40.75,45.83333333333333
RR Powar,2011,2011,72,112,2,0,0,22,9.333333333333334,56.0,30.555555555555557
RR Powar,2012,2012,18,32,0,0,0,3,10.666666666666666,,16.666666666666664
RR Raje,2007/08,2007,102,142,6,3,1,30,8.352941176470589,23.666666666666668,29.411764705882355
RR Raje,2009,2009,42,72,1,1,0,11,10.285714285714286,72.0,26.190476190476193
RS Bopara,2009,2009,8,5,0,0,0,3,3.75,,37.5
RS Bopara,2009/10,2009,82,132,5,4,0,23,9.658536585365853,26.4,28.04878048780488
RS Bopara,2015,2015,123,164,8,3,0,40,8.0,20.5,32.52032520325203
RS Gavaskar,2009/10,2009,6,8,0,0,0,2,8.0,,33.33333333333333
RS Ghosh,2026,2026,18,24,1,0,0,6,8.0,24.0,33.33333333333333
RS Hangargekar,2023,2023,43,60,3,6,1,15,8.372093023255813,20.0,34.883720930232556
RV Gomez,2011,2011,91,125,5,1,0,34,8.241758241758243,25.0,37.362637362637365
RV Gomez,2013,2013,6,5,1,0,0,4,5.0,5.0,66.66666666666666
RV Patel,2021,2021,20,22,0,2,0,5,6.6,,25.0
RW Price,2011,2011,18,33,0,0,0,1,11.0,,5.555555555555555
Raghu Sharma,2026,2026,48,60,1,0,0,12,7.5,60.0,25.0
Ramandeep Singh,2022,2022,41,55,6,5,0,13,8.048780487804878,9.166666666666666,31.70731707317073
Ramandeep Singh,2024,2024,4,9,0,0,0,0,13.5,,0.0
Ramandeep Singh,2026,2026,21,31,1,5,0,1,8.857142857142858,31.0,4.761904761904762
Rashid Khan,2017,2017,328,368,18,4,0,129,6.731707317073171,20.444444444444443,39.329268292682926
Rashid Khan,2018,2018,411,466,23,3,0,167,6.802919708029197,20.26086956521739,40.632603406326034
Rashid Khan,2019,2019,367,396,19,4,0,166,6.474114441416894,20.842105263157894,45.23160762942779
Rashid Khan,2020/21,2020,391,355,20,3,0,171,5.447570332480818,17.75,43.73401534526854
Rashid Khan,2021,2021,349,398,19,7,0,134,6.8424068767908315,20.94736842105263,38.39541547277937
Rashid Khan,2022,2022,386,428,20,3,0,127,6.652849740932643,21.4,32.90155440414508
Rashid Khan,2023,2023,407,557,28,5,0,134,8.211302211302211,19.892857142857142,32.923832923832926
Rashid Khan,2024,2024,262,372,10,0,0,84,8.51908396946565,37.2,32.06106870229007
Rashid Khan,2025,2025,336,523,9,6,0,94,9.339285714285714,58.111111111111114,27.976190476190478
Rashid Khan,2026,2026,228,314,11,6,0,78,8.263157894736842,28.545454545454547,34.21052631578947
Rasikh Salam,2019,2019,27,42,0,1,2,8,9.333333333333334,,29.629629629629626
Rasikh Salam,2022,2022,24,28,0,0,0,8,7.0,,33.33333333333333
Rasikh Salam,2024,2024,156,271,9,9,0,42,10.423076923076923,30.11111111111111,26.923076923076923
Rasikh Salam,2025,2025,38,71,1,2,0,14,11.210526315789474,71.0,36.84210526315789
Rasikh Salam,2026,2026,98,137,7,2,1,31,8.387755102040817,19.571428571428573,31.63265306122449
Ravi Bishnoi,2020/21,2020,318,381,14,12,0,122,7.188679245283019,27.214285714285715,38.36477987421384
Ravi Bishnoi,2021,2021,220,240,13,4,0,87,6.545454545454546,18.46153846153846,39.54545454545455
Ravi Bishnoi,2022,2022,340,462,14,13,3,115,8.152941176470588,33.0,33.82352941176471
Ravi Bishnoi,2023,2023,312,394,17,7,2,97,7.576923076923077,23.176470588235293,31.08974358974359
Ravi Bishnoi,2024,2024,270,384,10,8,0,89,8.533333333333333,38.4,32.96296296296296
Ravi Bishnoi,2025,2025,233,402,9,11,0,68,10.351931330472102,44.666666666666664,29.184549356223176
Ravi Bishnoi,2026,2026,164,259,12,7,1,42,9.475609756097562,21.583333333333332,25.609756097560975
S Aravind,2011,2011,288,377,22,12,0,121,7.854166666666667,17.136363636363637,42.01388888888889
S Aravind,2012,2012,18,48,0,0,0,5,16.0,,27.77777777777778
S Aravind,2015,2015,110,132,10,2,0,47,7.2,13.2,42.72727272727273
S Aravind,2016,2016,182,222,11,7,0,68,7.318681318681319,20.181818181818183,37.362637362637365
S Aravind,2017,2017,190,278,5,6,1,62,8.778947368421052,55.6,32.631578947368425
S Badree,2013,2013,25,35,0,1,0,8,8.399999999999999,,32.0
S Badree,2014,2014,87,103,2,3,0,42,7.103448275862069,51.5,48.275862068965516
S Badree,2017,2017,151,191,9,1,0,64,7.589403973509933,21.22222222222222,42.384105960264904
S Dhawan,2011,2011,12,12,1,0,0,6,6.0,12.0,50.0
S Dhawan,2012,2012,37,60,3,1,0,14,9.72972972972973,20.0,37.83783783783784
S Dube,2019,2019,11,8,0,1,0,3,4.363636363636364,,27.27272727272727
S Dube,2020/21,2020,55,75,5,1,0,14,8.181818181818182,15.0,25.454545454545453
S Dube,2021,2021,31,53,0,1,0,7,10.258064516129032,,22.58064516129032
S Dube,2022,2022,14,40,0,2,0,1,17.142857142857142,,7.142857142857142
S Dube,2024,2024,6,14,1,0,0,1,14.0,14.0,16.666666666666664
S Dube,2025,2025,13,33,0,1,0,1,15.230769230769232,,7.6923076923076925
S Dube,2026,2026,19,37,1,1,0,4,11.68421052631579,37.0,21.052631578947366
S Gopal,2014,2014,85,113,6,1,0,30,7.976470588235294,18.833333333333332,35.294117647058826
S Gopal,2015,2015,13,23,1,0,0,2,10.615384615384617,23.0,15.384615384615385
S Gopal,2016,2016,18,19,0,0,0,5,6.333333333333333,,27.77777777777778
S Gopal,2018,2018,188,239,12,2,0,68,7.627659574468085,19.916666666666668,36.17021276595745
S Gopal,2019,2019,289,350,20,0,1,107,7.26643598615917,17.5,37.0242214532872
S Gopal,2020/21,2020,305,429,10,5,0,86,8.439344262295082,42.9,28.196721311475407
S Gopal,2021,2021,42,84,0,0,0,11,12.0,,26.190476190476193
S Gopal,2022,2022,18,34,1,0,0,7,11.333333333333334,34.0,38.88888888888889
S Gopal,2024,2024,42,67,3,0,0,10,9.571428571428571,22.333333333333332,23.809523809523807
S Joseph,2024,2024,30,51,0,3,3,14,10.2,,46.666666666666664
S Kaul,2013,2013,133,172,5,2,0,46,7.7593984962406015,34.4,34.58646616541353
S Kaul,2014,2014,82,136,2,4,0,27,9.951219512195122,68.0,32.926829268292686
S Kaul,2017,2017,221,303,16,6,1,69,8.226244343891402,18.9375,31.221719457013574
S Kaul,2018,2018,402,558,24,5,1,132,8.328358208955224,23.25,32.83582089552239
S Kaul,2019,2019,169,243,6,5,2,57,8.627218934911243,40.5,33.72781065088758
S Kaul,2020/21,2020,26,64,2,1,1,6,14.76923076923077,32.0,23.076923076923077
S Kaul,2021,2021,181,253,8,0,1,70,8.386740331491712,31.625,38.67403314917127
S Kaul,2022,2022,24,43,0,0,0,6,10.75,,25.0
S Kaushik,2016,2016,142,195,6,3,1,52,8.23943661971831,32.5,36.61971830985916
S Kaushik,2017,2017,68,109,0,2,0,21,9.617647058823529,,30.88235294117647
S Ladda,2009/10,2009,92,144,4,2,0,35,9.391304347826086,36.0,38.04347826086957
S Ladda,2011,2011,25,42,0,0,1,8,10.08,,32.0
S Ladda,2013,2013,12,18,1,0,0,3,9.0,18.0,25.0
S Ladda,2016,2016,12,21,0,0,0,3,10.5,,25.0
S Lamichhane,2018,2018,73,86,5,1,0,30,7.068493150684932,17.2,41.0958904109589
S Lamichhane,2019,2019,138,211,9,0,0,47,9.173913043478262,23.444444444444443,34.05797101449276
S Midhun,2019,2019,13,29,0,1,0,4,13.384615384615385,,30.76923076923077
S Nadeem,2011,2011,115,145,4,1,0,40,7.565217391304348,36.25,34.78260869565217
S Nadeem,2012,2012,275,320,8,5,0,90,6.9818181818181815,40.0,32.72727272727273
S Nadeem,2013,2013,267,264,9,3,0,100,5.932584269662922,29.333333333333332,37.453183520599254
S Nadeem,2014,2014,235,314,9,6,1,69,8.017021276595745,34.888888888888886,29.361702127659573
S Nadeem,2015,2015,44,43,0,2,0,21,5.863636363636364,,47.72727272727273
S Nadeem,2016,2016,91,127,3,1,0,31,8.373626373626374,42.333333333333336,34.065934065934066
S Nadeem,2017,2017,110,119,6,3,0,47,6.490909090909091,19.833333333333332,42.72727272727273
S Nadeem,2018,2018,92,162,5,2,0,21,10.565217391304348,32.4,22.82608695652174
S Nadeem,2019,2019,54,91,3,0,0,10,10.11111111111111,30.333333333333332,18.51851851851852
S Nadeem,2020/21,2020,137,179,6,2,3,31,7.839416058394161,29.833333333333332,22.62773722627737
S Nadeem,2021,2021,24,36,1,0,0,9,9.0,36.0,37.5
S Narwal,2009/10,2009,99,186,6,5,0,32,11.272727272727273,31.0,32.323232323232325
S Narwal,2013,2013,14,17,0,2,0,6,7.285714285714286,,42.857142857142854
S Rana,2011,2011,4,2,0,0,0,2,3.0,,50.0
S Rana,2014,2014,12,16,0,0,0,3,8.0,,25.0
S Randiv,2011,2011,180,223,8,6,0,60,7.433333333333334,27.875,33.33333333333333
S Sandeep Warrier,2019,2019,73,86,2,0,1,31,7.068493150684932,43.0,42.465753424657535
S Sandeep Warrier,2020/21,2020,21,34,0,3,0,8,9.714285714285714,,38.095238095238095
S Sandeep Warrier,2021,2021,12,15,0,0,0,6,7.5,,50.0
S Sandeep Warrier,2024,2024,70,122,6,3,1,31,10.457142857142857,20.333333333333332,44.285714285714285
S Sreesanth,2007/08,2007,332,451,19,21,4,139,8.150602409638553,23.736842105263158,41.86746987951807
S Sreesanth,2009,2009,145,196,6,4,3,64,8.110344827586207,32.666666666666664,44.13793103448276
S Sreesanth,2009/10,2009,128,191,5,7,7,49,8.953125,38.2,38.28125
S Sreesanth,2011,2011,206,212,7,10,5,103,6.174757281553398,30.285714285714285,50.0
S Sreesanth,2013,2013,136,171,6,2,4,72,7.544117647058823,28.5,52.94117647058824
S Sriram,2009/10,2009,12,24,0,0,0,2,12.0,,16.666666666666664
S Sriram,2011,2011,6,25,0,0,0,0,25.0,,0.0
S Tyagi,2009,2009,118,143,5,3,1,63,7.271186440677965,28.6,53.38983050847458
S Tyagi,2009/10,2009,102,161,1,5,2,38,9.470588235294118,161.0,37.254901960784316
S Vidyut,2007/08,2007,13,22,1,1,0,5,10.153846153846155,22.0,38.46153846153847
SA Abbott,2015,2015,32,57,0,2,0,6,10.6875,,18.75
SA Abbott,2022,2022,27,47,1,3,0,7,10.444444444444445,47.0,25.925925925925924
SA Yadav,2014,2014,6,8,0,0,0,2,8.0,,33.33333333333333
SB Bangar,2007/08,2007,153,221,6,3,0,57,8.666666666666666,36.833333333333336,37.254901960784316
SB Jakati,2009,2009,175,225,13,1,0,65,7.714285714285714,17.307692307692307,37.142857142857146
SB Jakati,2009/10,2009,232,300,15,4,0,90,7.758620689655173,20.0,38.793103448275865
SB Jakati,2011,2011,269,338,10,3,1,83,7.5390334572490705,33.8,30.855018587360593
SB Jakati,2012,2012,248,337,10,2,0,77,8.153225806451612,33.7,31.048387096774192
SB Jakati,2014,2014,22,41,0,0,0,4,11.181818181818182,,18.181818181818183
SB Jakati,2016,2016,123,181,2,2,1,33,8.829268292682928,90.5,26.82926829268293
SB Jakati,2017,2017,32,52,0,2,0,4,9.75,,12.5
SB Joshi,2007/08,2007,55,82,1,0,0,18,8.945454545454545,82.0,32.72727272727273
SB Styris,2007/08,2007,167,201,4,5,0,63,7.221556886227545,50.25,37.72455089820359
SB Styris,2009,2009,49,64,5,1,0,21,7.836734693877552,12.8,42.857142857142854
SB Styris,2011,2011,6,13,0,0,0,1,13.0,,16.666666666666664
SB Wagh,2009/10,2009,6,16,1,0,0,2,16.0,16.0,33.33333333333333
SB Wagh,2011,2011,102,131,4,6,0,48,7.705882352941177,32.75,47.05882352941176
SC Ganguly,2007/08,2007,121,132,7,1,0,50,6.545454545454545,18.857142857142858,41.32231404958678
SC Ganguly,2009,2009,73,98,2,1,0,18,8.054794520547945,49.0,24.65753424657534
SC Ganguly,2009/10,2009,25,43,0,1,0,2,10.319999999999999,,8.0
SC Ganguly,2012,2012,61,97,3,0,1,12,9.540983606557377,32.333333333333336,19.672131147540984
SC Kuggeleijn,2019,2019,50,71,2,2,0,17,8.52,35.5,34.0
SD Chitnis,2007/08,2007,38,62,2,2,0,11,9.789473684210527,31.0,28.947368421052634
SE Bond,2009/10,2009,191,225,9,5,0,76,7.068062827225131,25.0,39.79057591623037
SE Rutherford,2019,2019,46,60,1,5,0,8,7.826086956521739,60.0,17.391304347826086
SH Johnson,2024,2024,99,155,4,3,0,35,9.393939393939394,38.75,35.35353535353536
SH Johnson,2025,2025,73,134,1,5,0,26,11.013698630136988,134.0,35.61643835616438
SJ Srivastava,2009/10,2009,178,257,6,16,0,56,8.662921348314606,42.833333333333336,31.46067415730337
SJ Srivastava,2011,2011,128,187,9,7,1,51,8.765625,20.77777777777778,39.84375
SK Raina,2007/08,2007,20,30,2,0,0,4,9.0,15.0,20.0
SK Raina,2009,2009,167,169,8,1,0,62,6.07185628742515,21.125,37.12574850299401
SK Raina,2009/10,2009,147,181,7,4,0,43,7.387755102040816,25.857142857142858,29.25170068027211
SK Raina,2011,2011,173,209,5,8,0,68,7.248554913294798,41.8,39.30635838150289
SK Raina,2012,2012,85,106,2,1,0,22,7.482352941176471,53.0,25.882352941176475
SK Raina,2013,2013,12,23,1,0,0,2,11.5,23.0,16.666666666666664
SK Raina,2014,2014,109,135,1,1,0,35,7.431192660550458,135.0,32.11009174311927
SK Raina,2015,2015,78,94,3,6,0,25,7.230769230769231,31.333333333333332,32.05128205128205
SK Raina,2016,2016,61,84,0,1,0,17,8.262295081967213,,27.86885245901639
SK Raina,2017,2017,72,102,1,0,0,20,8.5,102.0,27.77777777777778
SK Raina,2019,2019,6,6,0,0,0,1,6.0,,16.666666666666664
SK Trivedi,2007/08,2007,300,407,15,11,1,109,8.14,27.133333333333333,36.333333333333336
SK Trivedi,2009,2009,123,152,6,2,1,43,7.414634146341464,25.333333333333332,34.959349593495936
SK Trivedi,2009/10,2009,218,266,13,4,1,75,7.321100917431192,20.46153846153846,34.403669724770644
SK Trivedi,2011,2011,224,307,13,7,3,71,8.223214285714285,23.615384615384617,31.69642857142857
SK Trivedi,2012,2012,324,387,14,9,3,97,7.166666666666667,27.642857142857142,29.938271604938272
SK Trivedi,2013,2013,368,425,12,9,0,135,6.929347826086956,35.416666666666664,36.684782608695656
SK Warne,2007/08,2007,319,409,20,7,0,112,7.692789968652038,20.45,35.10971786833856
SK Warne,2009,2009,313,369,14,13,0,113,7.073482428115017,26.357142857142858,36.102236421725244
SK Warne,2009/10,2009,305,389,12,5,0,99,7.6524590163934425,32.416666666666664,32.459016393442624
SK Warne,2011,2011,286,298,14,4,0,118,6.251748251748252,21.285714285714285,41.25874125874126
SL Malinga,2009,2009,326,334,21,26,3,153,6.147239263803681,15.904761904761905,46.93251533742331
SL Malinga,2009/10,2009,310,360,17,16,0,125,6.967741935483871,21.176470588235293,40.32258064516129
SL Malinga,2011,2011,397,393,30,16,3,196,5.9395465994962215,13.1,49.37027707808564
SL Malinga,2012,2012,351,355,25,17,1,148,6.068376068376068,14.2,42.16524216524217
SL Malinga,2013,2013,402,484,23,8,2,162,7.223880597014926,21.043478260869566,40.298507462686565
SL Malinga,2014,2014,243,267,17,7,1,105,6.592592592592593,15.705882352941176,43.20987654320987
SL Malinga,2015,2015,378,453,26,14,4,150,7.190476190476191,17.423076923076923,39.682539682539684
SL Malinga,2017,2017,287,388,11,16,2,96,8.11149825783972,35.27272727272727,33.44947735191638
SL Malinga,2019,2019,280,452,18,9,2,93,9.685714285714287,25.11111111111111,33.214285714285715
SM Boland,2016,2016,43,56,3,1,0,15,7.813953488372093,18.666666666666668,34.883720930232556
SM Curran,2019,2019,207,325,11,8,1,61,9.420289855072463,29.545454545454547,29.468599033816425
SM Curran,2020/21,2020,265,348,14,11,2,91,7.879245283018868,24.857142857142858,34.33962264150943
SM Curran,2021,2021,209,332,10,9,2,78,9.531100478468899,33.2,37.32057416267943
SM Curran,2023,2023,299,497,11,11,1,86,9.97324414715719,45.18181818181818,28.762541806020064
SM Curran,2024,2024,254,422,16,7,1,84,9.968503937007874,26.375,33.07086614173229
SM Curran,2025,2025,74,135,1,2,0,18,10.945945945945946,135.0,24.324324324324326
SM Harwood,2009,2009,67,74,3,7,0,34,6.6268656716417915,24.666666666666668,50.74626865671642
SM Pollock,2007/08,2007,280,307,13,4,0,132,6.578571428571429,23.615384615384617,47.14285714285714
SMSM Senanayake,2013,2013,195,211,9,3,0,75,6.492307692307692,23.444444444444443,38.46153846153847
SN Khan,2019,2019,2,6,0,0,0,0,18.0,,0.0
SN Thakur,2015,2015,20,39,1,2,0,6,11.7,39.0,30.0
SN Thakur,2017,2017,239,319,13,10,0,89,8.00836820083682,24.53846153846154,37.238493723849366
SN Thakur,2018,2018,295,433,17,15,0,113,8.80677966101695,25.470588235294116,38.30508474576271
SN Thakur,2019,2019,190,285,9,10,0,65,9.0,31.666666666666668,34.21052631578947
SN Thakur,2020/21,2020,203,279,10,7,2,69,8.246305418719212,27.9,33.99014778325123
SN Thakur,2021,2021,388,531,22,27,2,138,8.211340206185566,24.136363636363637,35.56701030927835
SN Thakur,2022,2022,315,485,16,24,1,109,9.238095238095237,30.3125,34.6031746031746
SN Thakur,2023,2023,132,222,7,4,2,35,10.090909090909092,31.714285714285715,26.515151515151516
SN Thakur,2024,2024,197,315,5,4,3,50,9.593908629441623,63.0,25.380710659898476
SN Thakur,2025,2025,226,376,15,21,1,61,9.982300884955754,25.066666666666666,26.991150442477874
SN Thakur,2026,2026,98,190,6,14,0,17,11.63265306122449,31.666666666666668,17.346938775510203
SP Narine,2012,2012,357,332,29,2,0,169,5.579831932773109,11.448275862068966,47.33893557422969
SP Narine,2013,2013,387,353,26,3,0,183,5.4728682170542635,13.576923076923077,47.286821705426355
SP Narine,2014,2014,392,432,22,0,2,168,6.612244897959184,19.636363636363637,42.857142857142854
SP Narine,2015,2015,196,246,7,4,0,80,7.530612244897959,35.142857142857146,40.816326530612244
SP Narine,2016,2016,262,310,13,6,0,113,7.099236641221374,23.846153846153847,43.12977099236641
SP Narine,2017,2017,362,412,12,8,0,133,6.828729281767956,34.333333333333336,36.74033149171271
SP Narine,2018,2018,371,473,17,5,0,137,7.649595687331536,27.823529411764707,36.92722371967655
SP Narine,2019,2019,273,353,11,7,0,96,7.758241758241758,32.09090909090909,35.16483516483517
SP Narine,2020/21,2020,230,308,6,2,0,67,8.034782608695652,51.333333333333336,29.130434782608695
SP Narine,2021,2021,344,369,18,6,2,131,6.436046511627906,20.5,38.08139534883721
SP Narine,2022,2022,342,319,10,6,0,142,5.5964912280701755,31.9,41.52046783625731
SP Narine,2023,2023,296,389,11,8,0,87,7.885135135135135,35.36363636363637,29.39189189189189
SP Narine,2024,2024,334,376,18,4,0,127,6.754491017964072,20.88888888888889,38.02395209580838
SP Narine,2025,2025,275,357,12,3,2,90,7.789090909090909,29.75,32.72727272727273
SP Narine,2026,2026,189,215,11,0,0,82,6.825396825396825,19.545454545454547,43.386243386243386
SPD Smith,2012,2012,2,5,0,0,0,0,15.0,,0.0
SR Tendulkar,2009,2009,37,59,0,1,0,5,9.567567567567567,,13.513513513513514
SR Watson,2007/08,2007,344,395,20,14,5,168,6.88953488372093,19.75,48.837209302325576
SR Watson,2009/10,2009,139,185,7,7,0,62,7.985611510791366,26.428571428571427,44.60431654676259
SR Watson,2011,2011,226,248,8,9,1,86,6.5840707964601775,31.0,38.05309734513274
SR Watson,2012,2012,144,165,6,5,1,67,6.875,27.5,46.52777777777778
SR Watson,2013,2013,256,319,16,6,0,114,7.4765625,19.9375,44.53125
SR Watson,2014,2014,134,169,7,5,3,64,7.567164179104478,24.142857142857142,47.76119402985074
SR Watson,2015,2015,193,273,8,17,2,66,8.487046632124352,34.125,34.196891191709845
SR Watson,2016,2016,360,490,23,20,1,125,8.166666666666666,21.304347826086957,34.72222222222222
SR Watson,2017,2017,165,246,5,4,0,48,8.945454545454545,49.2,29.09090909090909
SR Watson,2018,2018,176,252,7,8,0,57,8.590909090909092,36.0,32.38636363636363
SS Agarwal,2017,2017,24,42,1,0,0,7,10.5,42.0,29.166666666666668
SS Cottrell,2020/21,2020,131,177,6,11,0,59,8.106870229007635,29.5,45.038167938931295
SS Iyer,2022,2022,6,7,0,0,0,4,7.0,,66.66666666666666
SS Mundhe,2011,2011,7,6,1,1,0,4,5.142857142857142,6.0,57.14285714285714
SS Sarkar,2009,2009,25,34,1,0,0,4,8.16,34.0,16.0
SSB Magala,2023,2023,37,52,1,1,0,6,8.432432432432432,52.0,16.216216216216218
ST Jayasuriya,2007/08,2007,127,163,5,1,0,37,7.700787401574803,32.6,29.133858267716533
ST Jayasuriya,2009,2009,119,165,8,5,0,30,8.319327731092438,20.625,25.210084033613445
ST Jayasuriya,2009/10,2009,55,68,3,1,0,19,7.418181818181819,22.666666666666668,34.54545454545455
STR Binny,2009/10,2009,6,9,0,0,0,0,9.0,,0.0
STR Binny,2011,2011,25,44,0,1,0,1,10.559999999999999,,4.0
STR Binny,2012,2012,60,78,3,0,0,15,7.8,26.0,25.0
STR Binny,2013,2013,149,163,7,5,0,58,6.5637583892617455,23.285714285714285,38.92617449664429
STR Binny,2014,2014,54,65,4,0,0,19,7.222222222222222,16.25,35.18518518518518
STR Binny,2015,2015,119,143,8,5,0,59,7.2100840336134455,17.875,49.57983193277311
STR Binny,2016,2016,104,134,1,2,0,28,7.730769230769232,134.0,26.923076923076923
STR Binny,2017,2017,37,50,4,1,0,9,8.108108108108107,12.5,24.324324324324326
STR Binny,2018,2018,14,33,0,1,1,3,14.142857142857142,,21.428571428571427
STR Binny,2019,2019,43,44,1,1,0,13,6.13953488372093,44.0,30.23255813953488
SW Tait,2009/10,2009,205,274,12,17,1,81,8.019512195121951,22.833333333333332,39.51219512195122
SW Tait,2011,2011,102,137,6,7,6,54,8.058823529411764,22.833333333333332,52.94117647058824
SW Tait,2012,2012,157,154,7,18,2,69,5.885350318471337,22.0,43.94904458598726
SW Tait,2013,2013,70,103,1,10,0,25,8.82857142857143,103.0,35.714285714285715
SZ Mulani,2024,2024,33,57,0,3,0,7,10.363636363636363,,21.21212121212121
Sachin Baby,2016,2016,10,8,3,0,0,5,4.8,2.6666666666666665,50.0
Sakib Hussain,2026,2026,172,243,10,15,1,52,8.476744186046512,24.3,30.23255813953488
Sandeep Sharma,2013,2013,98,130,8,0,2,47,7.959183673469388,16.25,47.95918367346938
Sandeep Sharma,2014,2014,255,358,19,11,3,113,8.423529411764706,18.842105263157894,44.31372549019608
Sandeep Sharma,2015,2015,311,359,13,10,1,148,6.92604501607717,27.615384615384617,47.58842443729904
Sandeep Sharma,2016,2016,309,374,19,9,0,132,7.262135922330097,19.68421052631579,42.71844660194174
Sandeep Sharma,2017,2017,300,402,17,11,1,120,8.04,23.647058823529413,40.0
Sandeep Sharma,2018,2018,273,334,14,9,0,116,7.34065934065934,23.857142857142858,42.49084249084249
Sandeep Sharma,2019,2019,265,355,13,9,0,82,8.037735849056604,27.307692307692307,30.943396226415093
Sandeep Sharma,2020/21,2020,317,374,14,5,0,119,7.078864353312302,26.714285714285715,37.53943217665615
Sandeep Sharma,2021,2021,145,204,3,3,1,52,8.441379310344827,68.0,35.86206896551724
Sandeep Sharma,2022,2022,126,156,3,6,0,60,7.428571428571429,52.0,47.61904761904761
Sandeep Sharma,2023,2023,290,398,15,10,4,99,8.23448275862069,26.533333333333335,34.13793103448276
Sandeep Sharma,2024,2024,236,314,15,8,0,75,7.983050847457626,20.933333333333334,31.779661016949152
Sandeep Sharma,2025,2025,243,376,10,19,1,54,9.283950617283951,37.6,22.22222222222222
Sandeep Sharma,2026,2026,109,182,6,9,0,29,10.01834862385321,30.333333333333332,26.605504587155966
Shahbaz Ahmed,2020/21,2020,37,45,2,1,0,9,7.297297297297297,22.5,24.324324324324326
Shahbaz Ahmed,2021,2021,84,92,7,0,0,21,6.571428571428571,13.142857142857142,25.0
Shahbaz Ahmed,2022,2022,220,341,4,9,1,59,9.3,85.25,26.81818181818182
Shahbaz Ahmed,2023,2023,42,95,1,0,0,9,13.571428571428571,95.0,21.428571428571427
Shahbaz Ahmed,2024,2024,166,277,7,0,1,52,10.012048192771084,39.57142857142857,31.32530120481928
Shahbaz Ahmed,2025,2025,56,103,1,5,0,11,11.035714285714285,103.0,19.642857142857142
Shahbaz Ahmed,2026,2026,6,16,0,0,0,0,16.0,,0.0
Shahid Afridi,2007/08,2007,185,237,9,4,1,66,7.686486486486487,26.333333333333332,35.67567567567568
Shakib Al Hasan,2011,2011,158,177,11,5,0,61,6.7215189873417724,16.09090909090909,38.607594936708864
Shakib Al Hasan,2012,2012,185,203,12,5,0,72,6.583783783783784,16.916666666666668,38.91891891891892
Shakib Al Hasan,2014,2014,307,339,15,7,0,118,6.625407166123779,22.6,38.43648208469055
Shakib Al Hasan,2015,2015,89,123,5,5,0,34,8.292134831460674,24.6,38.20224719101123
Shakib Al Hasan,2016,2016,190,247,5,4,0,61,7.8,49.4,32.10526315789474
Shakib Al Hasan,2017,2017,18,34,0,0,0,7,11.333333333333334,,38.88888888888889
Shakib Al Hasan,2018,2018,345,458,16,3,0,98,7.965217391304348,28.625,28.405797101449277
Shakib Al Hasan,2019,2019,66,95,2,1,0,22,8.636363636363637,47.5,33.33333333333333
Shakib Al Hasan,2021,2021,157,188,5,1,0,50,7.184713375796178,37.6,31.84713375796178
Shashank Singh,2022,2022,13,20,0,1,0,1,9.230769230769232,,7.6923076923076925
Shashank Singh,2024,2024,6,5,1,0,0,1,5.0,5.0,16.666666666666664
Shashank Singh,2025,2025,12,27,0,0,0,3,13.5,,25.0
Shashank Singh,2026,2026,31,39,3,1,0,10,7.548387096774193,13.0,32.25806451612903
Shivam Mavi,2018,2018,179,273,7,10,1,64,9.150837988826815,39.0,35.754189944134076
Shivam Mavi,2020/21,2020,162,214,9,6,0,63,7.925925925925926,23.77777777777778,38.88888888888889
Shivam Mavi,2021,2021,204,242,12,8,3,92,7.117647058823529,20.166666666666668,45.09803921568628
Shivam Mavi,2022,2022,142,229,5,8,2,49,9.676056338028168,45.8,34.50704225352113
Shivam Sharma,2014,2014,96,121,3,0,0,34,7.5625,40.333333333333336,35.41666666666667
Shivam Sharma,2015,2015,18,44,1,0,0,3,14.666666666666666,44.0,16.666666666666664
Shivang Kumar,2026,2026,183,286,10,3,0,52,9.37704918032787,28.6,28.415300546448087
Shoaib Ahmed,2009,2009,103,154,5,1,0,35,8.970873786407767,30.8,33.980582524271846
Shoaib Akhtar,2007/08,2007,46,54,5,4,0,23,7.0434782608695645,10.8,50.0
Shoaib Malik,2007/08,2007,58,87,2,6,1,17,9.0,43.5,29.310344827586203
Sikandar Raza,2023,2023,76,124,3,3,1,21,9.789473684210527,41.333333333333336,27.631578947368425
Sikandar Raza,2024,2024,12,22,0,0,0,2,11.0,,16.666666666666664
Simarjeet Singh,2022,2022,113,143,4,4,1,57,7.592920353982302,35.75,50.442477876106196
Simarjeet Singh,2024,2024,80,122,6,8,0,28,9.15,20.333333333333332,35.0
Simarjeet Singh,2025,2025,63,146,2,2,1,22,13.904761904761905,73.0,34.92063492063492
Sohail Tanvir,2007/08,2007,265,275,24,17,1,131,6.226415094339623,11.458333333333334,49.43396226415094
Sumit Kumar,2024,2024,22,38,0,2,0,4,10.363636363636363,,18.181818181818183
Sunny Gupta,2012,2012,19,47,0,1,0,0,14.842105263157896,,0.0
Suryansh Shedge,2025,2025,19,40,0,0,1,1,12.631578947368421,,5.263157894736842
Suyash Sharma,2023,2023,239,330,11,4,1,83,8.284518828451882,30.0,34.72803347280335
Suyash Sharma,2024,2024,25,51,0,1,0,5,12.239999999999998,,20.0
Suyash Sharma,2025,2025,305,454,9,5,0,102,8.931147540983606,50.44444444444444,33.442622950819676
Suyash Sharma,2026,2026,185,252,7,6,0,61,8.172972972972973,36.0,32.972972972972975
Swapnil Singh,2016,2016,18,29,0,0,0,3,9.666666666666666,,16.666666666666664
Swapnil Singh,2017,2017,43,61,1,1,0,7,8.511627906976743,61.0,16.27906976744186
Swapnil Singh,2023,2023,12,18,0,0,0,2,9.0,,16.666666666666664
Swapnil Singh,2024,2024,92,133,6,1,1,27,8.67391304347826,22.166666666666668,29.347826086956523
T Henderson,2009,2009,36,41,1,0,0,15,6.833333333333333,41.0,41.66666666666667
T Natarajan,2017,2017,82,116,2,6,0,25,8.487804878048781,58.0,30.48780487804878
T Natarajan,2020/21,2020,389,520,19,11,1,136,8.02056555269923,27.36842105263158,34.96143958868895
T Natarajan,2021,2021,50,70,2,2,0,14,8.399999999999999,35.0,28.000000000000004
T Natarajan,2022,2022,272,410,20,14,0,82,9.044117647058822,20.5,30.14705882352941
T Natarajan,2023,2023,276,416,13,6,0,75,9.043478260869565,32.0,27.173913043478258
T Natarajan,2024,2024,332,469,20,24,0,112,8.475903614457831,23.45,33.734939759036145
T Natarajan,2025,2025,25,53,1,0,0,5,12.719999999999999,53.0,20.0
T Natarajan,2026,2026,205,357,6,14,0,43,10.448780487804878,59.5,20.975609756097562
T Shamsi,2016,2016,96,151,3,0,0,30,9.4375,50.333333333333336,31.25
T Shamsi,2021,2021,24,34,0,0,0,2,8.5,,8.333333333333332
T Stubbs,2023,2023,12,14,1,0,0,3,7.0,14.0,25.0
T Stubbs,2024,2024,13,15,3,1,0,6,6.923076923076923,5.0,46.15384615384615
T Stubbs,2025,2025,12,40,0,0,0,3,20.0,,25.0
T Thushara,2009,2009,50,61,3,2,0,20,7.319999999999999,20.333333333333332,40.0
T Thushara,2009/10,2009,94,103,7,5,2,40,6.574468085106383,14.714285714285714,42.5531914893617
TA Boult,2015,2015,181,239,10,13,0,74,7.922651933701657,23.9,40.88397790055249
TA Boult,2016,2016,26,39,1,2,0,11,9.0,39.0,42.30769230769231
TA Boult,2017,2017,148,222,5,5,0,58,9.0,44.4,39.189189189189186
TA Boult,2018,2018,327,476,20,10,1,118,8.73394495412844,23.8,36.08562691131498
TA Boult,2019,2019,120,163,5,6,0,44,8.15,32.6,36.666666666666664
TA Boult,2020/21,2020,354,473,26,6,0,157,8.016949152542374,18.192307692307693,44.35028248587571
TA Boult,2021,2021,317,409,14,8,1,138,7.7413249211356465,29.214285714285715,43.53312302839117
TA Boult,2022,2022,387,501,18,15,0,176,7.767441860465116,27.833333333333332,45.47803617571059
TA Boult,2023,2023,235,316,13,7,0,107,8.068085106382979,24.307692307692307,45.53191489361702
TA Boult,2024,2024,333,448,16,13,0,137,8.072072072072071,28.0,41.14114114114114
TA Boult,2025,2025,357,520,23,11,0,127,8.739495798319327,22.608695652173914,35.57422969187675
TA Boult,2026,2026,107,188,2,10,0,25,10.542056074766355,94.0,23.364485981308412
TG Southee,2011,2011,119,167,4,5,0,44,8.420168067226891,41.75,36.97478991596639
TG Southee,2014,2014,63,78,0,3,0,27,7.428571428571429,,42.857142857142854
TG Southee,2015,2015,175,255,9,6,1,73,8.742857142857142,28.333333333333332,41.714285714285715
TG Southee,2016,2016,268,333,9,10,0,103,7.455223880597015,37.0,38.43283582089552
TG Southee,2017,2017,66,97,3,5,1,22,8.818181818181818,32.333333333333336,33.33333333333333
TG Southee,2018,2018,183,263,8,8,1,59,8.62295081967213,32.875,32.240437158469945
TG Southee,2019,2019,58,123,1,4,0,19,12.724137931034484,123.0,32.758620689655174
TG Southee,2021,2021,74,95,5,2,0,23,7.702702702702703,19.0,31.08108108108108
TG Southee,2022,2022,220,284,16,9,1,94,7.745454545454546,17.75,42.72727272727273
TG Southee,2023,2023,36,79,2,0,0,12,13.166666666666666,39.5,33.33333333333333
TH David,2026,2026,6,18,0,0,0,1,18.0,,16.666666666666664
TK Curran,2018,2018,64,118,6,1,2,15,11.0625,19.666666666666668,23.4375
TK Curran,2020/21,2020,116,210,3,6,1,25,10.862068965517242,70.0,21.551724137931032
TK Curran,2021,2021,72,104,4,4,0,19,8.666666666666666,26.0,26.38888888888889
TL Suman,2009,2009,91,108,6,0,1,32,7.120879120879121,18.0,35.16483516483517
TL Suman,2009/10,2009,13,24,0,0,1,2,11.076923076923078,,15.384615384615385
TL Suman,2011,2011,36,50,0,0,0,7,8.333333333333334,,19.444444444444446
TL Suman,2013,2013,12,16,1,0,0,4,8.0,16.0,33.33333333333333
TM Dilshan,2007/08,2007,6,3,1,0,0,3,3.0,3.0,50.0
TM Dilshan,2009,2009,96,99,0,0,0,34,6.1875,,35.41666666666667
TM Dilshan,2009/10,2009,49,70,3,0,0,18,8.571428571428571,23.333333333333332,36.734693877551024
TM Dilshan,2011,2011,74,108,1,2,0,16,8.756756756756756,108.0,21.62162162162162
TM Dilshan,2012,2012,44,78,0,2,0,10,10.636363636363637,,22.727272727272727
TM Dilshan,2013,2013,6,10,0,0,0,0,10.0,,0.0
TM Head,2017,2017,48,81,3,0,0,7,10.125,27.0,14.583333333333334
TM Head,2024,2024,10,32,0,0,0,2,19.2,,20.0
TP Sudhindra,2012,2012,74,137,1,3,1,19,11.108108108108107,137.0,25.675675675675674
TS Mills,2017,2017,111,157,5,4,0,45,8.486486486486486,31.4,40.54054054054054
TS Mills,2022,2022,107,192,6,5,0,30,10.766355140186917,32.0,28.037383177570092
TU Deshpande,2020/21,2020,110,193,3,7,1,29,10.527272727272727,64.33333333333333,26.36363636363636
TU Deshpande,2022,2022,43,67,1,1,0,18,9.348837209302324,67.0,41.86046511627907
TU Deshpande,2023,2023,368,580,24,23,4,140,9.456521739130434,24.166666666666668,38.04347826086957
TU Deshpande,2024,2024,310,435,18,20,2,119,8.419354838709678,24.166666666666668,38.387096774193544
TU Deshpande,2025,2025,212,342,9,20,0,59,9.679245283018867,38.0,27.830188679245282
TU Deshpande,2026,2026,106,196,5,10,0,29,11.094339622641508,39.2,27.358490566037734
Tejas Baroka,2017,2017,21,33,0,0,0,6,9.428571428571429,,28.57142857142857
Tilak Varma,2022,2022,12,13,0,0,0,5,6.5,,41.66666666666667
Tilak Varma,2023,2023,7,7,0,1,0,3,6.0,,42.857142857142854
Tilak Varma,2024,2024,4,8,0,0,0,0,12.0,,0.0
UT Yadav,2009/10,2009,152,192,8,6,2,60,7.578947368421053,24.0,39.473684210526315
UT Yadav,2011,2011,113,172,3,3,2,39,9.132743362831858,57.333333333333336,34.51327433628318
UT Yadav,2012,2012,383,459,22,14,3,152,7.190600522193211,20.863636363636363,39.686684073107045
UT Yadav,2013,2013,369,533,20,15,1,136,8.666666666666666,26.65,36.856368563685635
UT Yadav,2014,2014,283,381,12,10,3,107,8.07773851590106,31.75,37.80918727915194
UT Yadav,2015,2015,266,387,12,12,2,98,8.729323308270676,32.25,36.84210526315789
UT Yadav,2016,2016,163,246,12,5,2,53,9.05521472392638,20.5,32.515337423312886
UT Yadav,2017,2017,304,432,18,13,0,129,8.526315789473685,24.0,42.43421052631579
UT Yadav,2018,2018,331,424,20,10,2,149,7.685800604229607,21.2,45.01510574018127
UT Yadav,2019,2019,238,375,9,10,1,88,9.453781512605042,41.666666666666664,36.97478991596639
UT Yadav,2020/21,2020,46,86,1,3,1,15,11.217391304347826,86.0,32.608695652173914
UT Yadav,2022,2022,297,354,16,4,5,147,7.151515151515151,22.125,49.494949494949495
UT Yadav,2023,2023,116,190,1,2,0,42,9.827586206896552,190.0,36.206896551724135
UT Yadav,2024,2024,129,211,9,3,0,56,9.813953488372093,23.444444444444443,43.41085271317829
Umar Gul,2007/08,2007,153,198,14,12,6,61,7.764705882352941,14.142857142857142,39.869281045751634
Umran Malik,2021,2021,75,96,2,3,0,31,7.68,48.0,41.333333333333336
Umran Malik,2022,2022,313,455,23,14,4,143,8.722044728434506,19.782608695652176,45.68690095846645
Umran Malik,2023,2023,124,219,6,4,0,43,10.596774193548386,36.5,34.67741935483871
Umran Malik,2024,2024,7,15,0,1,0,2,12.857142857142856,,28.57142857142857
V Kaverappa,2024,2024,24,36,2,0,0,11,9.0,18.0,45.83333333333333
V Kohli,2007/08,2007,49,62,2,2,1,8,7.591836734693878,31.0,16.3265306122449
V Kohli,2009,2009,39,46,0,3,0,10,7.076923076923077,,25.64102564102564
V Kohli,2009/10,2009,33,51,0,0,1,8,9.272727272727273,,24.242424242424242
V Kohli,2011,2011,106,140,2,2,2,25,7.924528301886792,70.0,23.58490566037736
V Kohli,2012,2012,18,49,0,0,0,2,16.333333333333332,,11.11111111111111
V Kohli,2015,2015,11,10,1,0,0,2,5.454545454545455,10.0,18.181818181818183
V Kohli,2016,2016,8,13,0,0,2,2,9.75,,25.0
V Nigam,2025,2025,244,361,12,6,4,76,8.87704918032787,30.083333333333332,31.147540983606557
V Nigam,2026,2026,45,83,2,2,1,13,11.066666666666666,41.5,28.888888888888886
V Pratap Singh,2012,2012,211,300,12,7,0,75,8.530805687203792,25.0,35.54502369668246
V Puthur,2025,2025,73,109,6,1,0,24,8.958904109589042,18.166666666666668,32.87671232876712
V Sehwag,2007/08,2007,67,134,3,1,0,19,12.0,44.666666666666664,28.35820895522388
V Sehwag,2009,2009,7,25,0,0,1,1,21.428571428571427,,14.285714285714285
V Sehwag,2009/10,2009,34,23,3,0,0,18,4.0588235294117645,7.666666666666667,52.94117647058824
V Sehwag,2012,2012,24,45,0,0,0,7,11.25,,29.166666666666668
V Sehwag,2013,2013,6,9,0,0,0,0,9.0,,0.0
V Shankar,2014,2014,6,19,0,0,0,1,19.0,,16.666666666666664
V Shankar,2018,2018,34,58,1,3,1,8,10.235294117647058,58.0,23.52941176470588
V Shankar,2019,2019,52,70,2,3,1,15,8.076923076923077,35.0,28.846153846153843
V Shankar,2020/21,2020,84,82,4,3,2,32,5.857142857142857,20.5,38.095238095238095
V Shankar,2021,2021,72,100,4,5,1,22,8.333333333333334,25.0,30.555555555555557
V Shankar,2022,2022,10,15,1,1,0,4,9.0,15.0,40.0
V Viyaskanth,2024,2024,60,90,1,0,0,19,9.0,90.0,31.666666666666664
VG Arora,2022,2022,110,165,4,3,0,39,9.0,41.25,35.45454545454545
VG Arora,2023,2023,107,149,5,7,4,35,8.355140186915888,29.8,32.71028037383177
VG Arora,2024,2024,201,284,11,15,6,84,8.477611940298507,25.818181818181817,41.7910447761194
VG Arora,2025,2025,272,431,19,17,0,94,9.50735294117647,22.68421052631579,34.55882352941176
VG Arora,2026,2026,197,317,11,11,0,66,9.65482233502538,28.818181818181817,33.50253807106599
VR Aaron,2011,2011,77,83,2,5,0,32,6.467532467532467,41.5,41.55844155844156
VR Aaron,2012,2012,192,279,9,6,0,78,8.71875,31.0,40.625
VR Aaron,2014,2014,238,309,16,15,3,99,7.789915966386555,19.3125,41.596638655462186
VR Aaron,2015,2015,113,180,4,9,0,47,9.557522123893806,45.0,41.5929203539823
VR Aaron,2016,2016,155,229,2,11,2,50,8.864516129032259,114.5,32.25806451612903
VR Aaron,2017,2017,129,170,7,8,1,55,7.906976744186046,24.285714285714285,42.63565891472868
VR Aaron,2019,2019,74,128,4,2,0,28,10.378378378378377,32.0,37.83783783783784
VR Aaron,2020/21,2020,54,96,0,4,2,22,10.666666666666666,,40.74074074074074
VR Aaron,2022,2022,33,53,2,3,0,7,9.636363636363637,26.5,21.21212121212121
VR Iyer,2021,2021,54,71,3,2,1,15,7.888888888888889,23.666666666666668,27.77777777777778
VR Iyer,2022,2022,24,46,0,0,0,3,11.5,,12.5
VR Iyer,2024,2024,6,28,0,0,0,0,28.0,,0.0
VRV Singh,2007/08,2007,296,425,15,5,3,99,8.614864864864865,28.333333333333332,33.44594594594595
VRV Singh,2009,2009,54,83,1,0,0,17,9.222222222222221,83.0,31.48148148148148
VRV Singh,2009/10,2009,21,41,0,2,1,5,11.714285714285714,,23.809523809523807
VS Malik,2009,2009,74,100,2,1,1,31,8.108108108108107,50.0,41.891891891891895
VS Malik,2009/10,2009,46,66,1,2,1,17,8.608695652173912,66.0,36.95652173913043
VS Malik,2011,2011,12,14,0,0,0,4,7.0,,33.33333333333333
VS Malik,2013,2013,61,59,2,1,0,30,5.803278688524591,29.5,49.18032786885246
VS Malik,2014,2014,19,29,1,1,0,7,9.157894736842106,29.0,36.84210526315789
VS Yeligati,2007/08,2007,32,61,0,2,0,8,11.4375,,25.0
VY Mahesh,2007/08,2007,266,380,17,6,7,103,8.571428571428571,22.352941176470587,38.721804511278194
VY Mahesh,2009,2009,13,25,1,1,0,3,11.53846153846154,25.0,23.076923076923077
VY Mahesh,2009/10,2009,19,23,1,1,0,5,7.2631578947368425,23.0,26.31578947368421
VY Mahesh,2012,2012,61,83,3,5,0,19,8.163934426229508,27.666666666666668,31.147540983606557
Vijaykumar Vyshak,2023,2023,153,253,11,8,1,40,9.92156862745098,23.0,26.143790849673206
Vijaykumar Vyshak,2024,2024,90,143,6,3,0,24,9.533333333333333,23.833333333333332,26.666666666666668
Vijaykumar Vyshak,2025,2025,113,181,4,10,1,31,9.610619469026549,45.25,27.43362831858407
Vijaykumar Vyshak,2026,2026,175,307,10,6,1,47,10.525714285714285,30.7,26.857142857142858
Vivrant Sharma,2023,2023,21,37,0,2,1,5,10.571428571428571,,23.809523809523807
W O'Rourke,2025,2025,64,132,6,2,0,15,12.375,22.0,23.4375
WA Mota,2007/08,2007,20,36,1,2,0,3,10.799999999999999,36.0,15.0
WA Mota,2009,2009,55,62,3,0,1,22,6.763636363636364,20.666666666666668,40.0
WD Parnell,2011,2011,184,222,10,8,0,80,7.239130434782608,22.2,43.47826086956522
WD Parnell,2012,2012,130,133,7,1,3,55,6.138461538461538,19.0,42.30769230769231
WD Parnell,2013,2013,97,141,7,7,1,35,8.721649484536082,20.142857142857142,36.08247422680412
WD Parnell,2014,2014,190,235,7,8,1,89,7.421052631578947,33.57142857142857,46.8421052631579
WD Parnell,2023,2023,157,237,9,5,1,57,9.05732484076433,26.333333333333332,36.30573248407643
WG Jacks,2024,2024,55,100,2,1,0,11,10.90909090909091,50.0,20.0
WG Jacks,2025,2025,90,121,6,5,1,33,8.066666666666666,20.166666666666668,36.666666666666664
WG Jacks,2026,2026,19,53,1,1,0,3,16.736842105263158,53.0,15.789473684210526
WPUJC Vaas,2007/08,2007,103,146,6,1,0,42,8.504854368932039,24.333333333333332,40.77669902912621
WPUJC Vaas,2009,2009,52,71,5,2,2,24,8.192307692307693,14.2,46.15384615384615
WPUJC Vaas,2009/10,2009,133,147,11,1,0,68,6.63157894736842,13.363636363636363,51.127819548872175
Washington Sundar,2017,2017,182,189,9,2,0,85,6.230769230769231,21.0,46.7032967032967
Washington Sundar,2018,2018,122,194,4,2,0,29,9.540983606557377,48.5,23.770491803278688
Washington Sundar,2019,2019,54,75,4,0,0,21,8.333333333333334,18.75,38.88888888888889
Washington Sundar,2020/21,2020,302,300,9,1,1,115,5.960264900662251,33.333333333333336,38.079470198675494
Washington Sundar,2021,2021,98,119,3,2,0,32,7.2857142857142865,39.666666666666664,32.6530612244898
Washington Sundar,2022,2022,170,239,6,1,1,47,8.435294117647059,39.833333333333336,27.647058823529413
Washington Sundar,2023,2023,106,146,3,0,0,35,8.264150943396226,48.666666666666664,33.0188679245283
Washington Sundar,2024,2024,30,73,1,0,0,3,14.6,73.0,10.0
Washington Sundar,2025,2025,67,112,2,2,0,16,10.029850746268657,56.0,23.88059701492537
Washington Sundar,2026,2026,31,51,1,0,0,8,9.870967741935484,51.0,25.806451612903224
XC Bartlett,2025,2025,60,96,2,0,0,28,9.6,48.0,46.666666666666664
XC Bartlett,2026,2026,186,337,5,7,1,48,10.870967741935484,67.4,25.806451612903224
Y Gnaneswara Rao,2011,2011,6,7,0,0,0,3,7.0,,50.0
Y Nagar,2009,2009,13,20,2,0,1,4,9.230769230769232,10.0,30.76923076923077
Y Nagar,2009/10,2009,18,28,1,0,0,7,9.333333333333334,28.0,38.88888888888889
Y Nagar,2011,2011,34,67,1,1,3,6,11.823529411764705,67.0,17.647058823529413
Y Nagar,2012,2012,7,10,0,1,0,1,8.571428571428571,,14.285714285714285
Y Prithvi Raj,2019,2019,33,57,1,3,0,8,10.363636363636363,57.0,24.242424242424242
Y Venugopal Rao,2007/08,2007,88,137,3,4,0,22,9.340909090909092,45.666666666666664,25.0
Y Venugopal Rao,2009,2009,92,123,4,2,0,28,8.021739130434783,30.75,30.434782608695656
Y Venugopal Rao,2009/10,2009,6,10,0,0,0,1,10.0,,16.666666666666664
Y Venugopal Rao,2011,2011,12,26,0,0,0,3,13.0,,25.0
Y Venugopal Rao,2012,2012,12,26,0,0,0,3,13.0,,25.0
Y Venugopal Rao,2014,2014,12,16,0,0,0,3,8.0,,25.0
YA Abdulla,2009,2009,180,244,14,11,1,78,8.133333333333333,17.428571428571427,43.333333333333336
YA Abdulla,2009/10,2009,42,67,1,1,0,14,9.571428571428571,67.0,33.33333333333333
YBK Jaiswal,2022,2022,1,6,0,0,0,0,36.0,,0.0
YK Pathan,2007/08,2007,170,233,10,1,0,62,8.223529411764707,23.3,36.470588235294116
YK Pathan,2009,2009,221,248,7,11,0,87,6.733031674208144,35.42857142857143,39.366515837104075
YK Pathan,2009/10,2009,214,254,6,10,0,68,7.121495327102804,42.333333333333336,31.775700934579437
YK Pathan,2011,2011,241,244,13,7,0,99,6.0746887966804985,18.76923076923077,41.078838174273855
YK Pathan,2012,2012,137,184,4,5,0,48,8.058394160583942,46.0,35.03649635036496
YK Pathan,2013,2013,55,74,1,1,0,15,8.072727272727274,74.0,27.27272727272727
YK Pathan,2014,2014,6,10,0,0,0,1,10.0,,16.666666666666664
YK Pathan,2015,2015,60,100,2,0,0,14,10.0,50.0,23.333333333333332
YK Pathan,2016,2016,38,33,1,2,0,14,5.210526315789474,33.0,36.84210526315789
YK Pathan,2017,2017,24,41,1,0,0,8,10.25,41.0,33.33333333333333
YK Pathan,2018,2018,12,14,1,0,0,2,7.0,14.0,16.666666666666664
YK Pathan,2019,2019,6,8,0,0,0,1,8.0,,16.666666666666664
YS Chahal,2013,2013,24,35,0,0,0,9,8.75,,37.5
YS Chahal,2014,2014,333,389,12,3,0,118,7.009009009009009,32.416666666666664,35.43543543543544
YS Chahal,2015,2015,283,416,24,2,0,91,8.819787985865725,17.333333333333332,32.15547703180212
YS Chahal,2016,2016,308,409,22,12,1,105,7.967532467532467,18.59090909090909,34.090909090909086
YS Chahal,2017,2017,271,351,14,8,2,100,7.771217712177122,25.071428571428573,36.90036900369004
YS Chahal,2018,2018,313,374,12,10,3,131,7.169329073482428,31.166666666666668,41.853035143769965
YS Chahal,2019,2019,308,394,18,12,0,117,7.675324675324675,21.88888888888889,37.98701298701299
YS Chahal,2020/21,2020,348,414,22,3,2,118,7.137931034482759,18.818181818181817,33.90804597701149
YS Chahal,2021,2021,323,381,19,5,0,127,7.077399380804954,20.05263157894737,39.318885448916404
YS Chahal,2022,2022,429,536,29,21,0,137,7.496503496503497,18.482758620689655,31.934731934731936
YS Chahal,2023,2023,326,434,22,9,0,97,7.987730061349693,19.727272727272727,29.754601226993866
YS Chahal,2024,2024,362,548,19,13,1,101,9.082872928176796,28.842105263157894,27.900552486187845
YS Chahal,2025,2025,277,431,16,7,0,73,9.335740072202167,26.9375,26.353790613718413
YS Chahal,2026,2026,194,290,9,11,3,39,8.969072164948454,32.22222222222222,20.103092783505154
Yash Dayal,2022,2022,205,296,13,10,3,77,8.663414634146342,22.76923076923077,37.5609756097561
Yash Dayal,2023,2023,88,165,2,4,0,24,11.25,82.5,27.27272727272727
Yash Dayal,2024,2024,322,472,16,18,3,124,8.79503105590062,29.5,38.50931677018634
Yash Dayal,2025,2025,305,479,14,7,4,99,9.422950819672131,34.214285714285715,32.459016393442624
Yash Raj Punja,2026,2026,48,66,3,0,0,16,8.25,22.0,33.33333333333333
Yash Thakur,2023,2023,207,297,15,14,2,70,8.608695652173912,19.8,33.81642512077295
Yash Thakur,2024,2024,225,405,12,11,1,69,10.8,33.75,30.666666666666664
Yash Thakur,2025,2025,43,80,1,3,1,12,11.162790697674419,80.0,27.906976744186046
Yudhvir Singh,2023,2023,50,73,3,2,0,25,8.76,24.333333333333332,50.0
Yudhvir Singh,2024,2024,24,52,1,0,0,5,13.0,52.0,20.833333333333336
Yudhvir Singh,2025,2025,71,132,4,4,1,27,11.154929577464788,33.0,38.028169014084504
Yuvraj Singh,2007/08,2007,56,85,3,2,0,14,9.107142857142856,28.333333333333332,25.0
Yuvraj Singh,2009,2009,121,142,6,1,0,48,7.041322314049586,23.666666666666668,39.66942148760331
Yuvraj Singh,2009/10,2009,139,155,6,1,0,48,6.690647482014388,25.833333333333332,34.53237410071942
Yuvraj Singh,2011,2011,175,193,9,0,1,63,6.6171428571428565,21.444444444444443,36.0
Yuvraj Singh,2013,2013,133,152,6,1,0,39,6.857142857142857,25.333333333333332,29.32330827067669
Yuvraj Singh,2014,2014,140,191,6,4,0,34,8.185714285714287,31.833333333333332,24.285714285714285
Yuvraj Singh,2015,2015,55,75,1,1,0,14,8.181818181818182,75.0,25.454545454545453
Yuvraj Singh,2016,2016,38,52,0,1,0,7,8.210526315789474,,18.421052631578945
Yuvraj Singh,2017,2017,12,23,2,0,0,3,11.5,11.5,25.0
Yuvraj Singh,2018,2018,13,23,0,1,0,0,10.615384615384617,,0.0
Z Khan,2007/08,2007,258,369,15,6,0,109,8.581395348837209,24.6,42.248062015503876
Z Khan,2009,2009,132,144,7,5,1,52,6.545454545454546,20.571428571428573,39.39393939393939
Z Khan,2009/10,2009,295,388,18,4,1,117,7.891525423728814,21.555555555555557,39.66101694915255
Z Khan,2011,2011,373,465,15,19,0,151,7.479892761394102,31.0,40.48257372654155
Z Khan,2012,2012,370,468,21,10,0,155,7.58918918918919,22.285714285714285,41.891891891891895
Z Khan,2013,2013,38,47,5,2,0,18,7.421052631578948,9.4,47.368421052631575
Z Khan,2014,2014,138,156,6,4,0,62,6.782608695652174,26.0,44.927536231884055
Z Khan,2015,2015,155,159,8,10,0,76,6.15483870967742,19.875,49.03225806451613
Z Khan,2016,2016,271,341,12,9,0,112,7.549815498154982,28.416666666666668,41.32841328413284
Z Khan,2017,2017,246,323,12,5,0,79,7.878048780487805,26.916666666666668,32.113821138211385
Zeeshan Ansari,2025,2025,209,334,8,5,1,49,9.588516746411482,41.75,23.444976076555022
