match_id,innings,batting_team,phase,season_year,runs,wickets,balls,boundaries,dots,run_rate,is_winner
335982,1,Kolkata Knight Riders,Death (15-19),2007,68,1,30,9,7,13.6,1
335982,1,Kolkata Knight Riders,Middle (6-14),2007,93,1,56,10,13,9.964285714285714,1
335982,1,Kolkata Knight Riders,Powerplay (0-5),2007,61,1,38,10,21,9.631578947368421,1
335982,2,Royal Challengers Bangalore,Death (15-19),2007,1,1,2,0,1,3.0,0
335982,2,Royal Challengers Bangalore,Middle (6-14),2007,55,5,61,5,31,5.409836065573771,0
335982,2,Royal Challengers Bangalore,Powerplay (0-5),2007,26,4,38,1,23,4.105263157894737,0
335983,1,Chennai Super Kings,Death (15-19),2007,79,1,30,12,4,15.8,1
335983,1,Chennai Super Kings,Middle (6-14),2007,108,3,56,14,12,11.571428571428571,1
335983,1,Chennai Super Kings,Powerplay (0-5),2007,53,1,38,10,20,8.368421052631579,1
335983,2,Kings XI Punjab,Death (15-19),2007,42,1,30,3,7,8.4,0
335983,2,Kings XI Punjab,Middle (6-14),2007,102,2,56,14,10,10.928571428571427,0
335983,2,Kings XI Punjab,Powerplay (0-5),2007,63,1,38,10,12,9.947368421052632,0
335984,1,Rajasthan Royals,Death (15-19),2007,33,1,30,5,14,6.6,0
335984,1,Rajasthan Royals,Middle (6-14),2007,56,5,55,5,23,6.109090909090909,0
335984,1,Rajasthan Royals,Powerplay (0-5),2007,40,2,37,7,21,6.486486486486486,0
335984,2,Delhi Daredevils,Death (15-19),2007,4,0,1,1,0,24.0,1
335984,2,Delhi Daredevils,Middle (6-14),2007,73,0,58,7,13,7.551724137931035,1
335984,2,Delhi Daredevils,Powerplay (0-5),2007,55,1,38,11,18,8.68421052631579,1
335985,1,Mumbai Indians,Death (15-19),2007,60,3,31,9,6,11.61290322580645,0
335985,1,Mumbai Indians,Middle (6-14),2007,58,1,54,6,22,6.444444444444445,0
335985,1,Mumbai Indians,Powerplay (0-5),2007,47,3,38,8,22,7.421052631578948,0
335985,2,Royal Challengers Bangalore,Death (15-19),2007,48,1,29,6,6,9.931034482758621,1
335985,2,Royal Challengers Bangalore,Middle (6-14),2007,78,3,57,9,15,8.210526315789474,1
335985,2,Royal Challengers Bangalore,Powerplay (0-5),2007,40,1,37,6,15,6.486486486486486,1
335986,1,Deccan Chargers,Death (15-19),2007,33,4,24,4,10,8.25,0
335986,1,Deccan Chargers,Middle (6-14),2007,38,4,55,4,35,4.1454545454545455,0
335986,1,Deccan Chargers,Powerplay (0-5),2007,39,2,39,4,23,6.0,0
335986,2,Kolkata Knight Riders,Death (15-19),2007,31,1,24,4,11,7.75,1
335986,2,Kolkata Knight Riders,Middle (6-14),2007,55,1,62,3,35,5.32258064516129,1
335986,2,Kolkata Knight Riders,Powerplay (0-5),2007,26,3,36,2,22,4.333333333333333,1
335987,1,Kings XI Punjab,Death (15-19),2007,51,4,31,7,12,9.870967741935484,0
335987,1,Kings XI Punjab,Middle (6-14),2007,61,3,55,7,22,6.654545454545455,0
335987,1,Kings XI Punjab,Powerplay (0-5),2007,54,1,36,11,21,9.0,0
335987,2,Rajasthan Royals,Death (15-19),2007,26,0,20,3,6,7.8,1
335987,2,Rajasthan Royals,Middle (6-14),2007,89,1,57,13,21,9.368421052631579,1
335987,2,Rajasthan Royals,Powerplay (0-5),2007,53,3,42,8,24,7.571428571428571,1
335988,1,Deccan Chargers,Death (15-19),2007,69,3,31,10,9,13.354838709677418,0
335988,1,Deccan Chargers,Middle (6-14),2007,48,3,55,5,23,5.236363636363636,0
335988,1,Deccan Chargers,Powerplay (0-5),2007,25,2,36,3,27,4.166666666666667,0
335988,2,Delhi Daredevils,Middle (6-14),2007,95,0,46,13,13,12.391304347826086,1
335988,2,Delhi Daredevils,Powerplay (0-5),2007,48,1,37,8,14,7.783783783783783,1
335989,1,Chennai Super Kings,Death (15-19),2007,65,2,32,11,7,12.1875,1
335989,1,Chennai Super Kings,Middle (6-14),2007,90,1,56,10,14,9.642857142857142,1
335989,1,Chennai Super Kings,Powerplay (0-5),2007,53,2,39,9,20,8.153846153846153,1
335989,2,Mumbai Indians,Death (15-19),2007,68,2,31,11,8,13.161290322580644,0
335989,2,Mumbai Indians,Middle (6-14),2007,82,3,59,8,14,8.338983050847457,0
335989,2,Mumbai Indians,Powerplay (0-5),2007,52,2,38,8,18,8.210526315789474,0
335990,1,Deccan Chargers,Death (15-19),2007,66,2,33,11,6,12.0,0
335990,1,Deccan Chargers,Middle (6-14),2007,90,1,56,10,13,9.642857142857142,0
335990,1,Deccan Chargers,Powerplay (0-5),2007,58,2,37,12,19,9.405405405405405,0
335990,2,Rajasthan Royals,Death (15-19),2007,58,4,31,8,7,11.225806451612902,1
335990,2,Rajasthan Royals,Middle (6-14),2007,86,2,54,11,15,9.555555555555555,1
335990,2,Rajasthan Royals,Powerplay (0-5),2007,73,1,37,13,15,11.837837837837837,1
335991,1,Kings XI Punjab,Death (15-19),2007,44,6,32,6,14,8.25,1
335991,1,Kings XI Punjab,Middle (6-14),2007,78,3,54,8,14,8.666666666666666,1
335991,1,Kings XI Punjab,Powerplay (0-5),2007,60,1,38,9,15,9.473684210526317,1
335991,2,Mumbai Indians,Death (15-19),2007,15,2,32,2,24,2.8125,0
335991,2,Mumbai Indians,Middle (6-14),2007,62,5,56,8,25,6.642857142857142,0
335991,2,Mumbai Indians,Powerplay (0-5),2007,39,2,38,6,21,6.157894736842105,0
335992,1,Royal Challengers Bangalore,Death (15-19),2007,40,1,31,5,14,7.741935483870967,0
335992,1,Royal Challengers Bangalore,Middle (6-14),2007,38,5,56,3,32,4.071428571428571,0
335992,1,Royal Challengers Bangalore,Powerplay (0-5),2007,57,2,37,11,20,9.243243243243242,0
335992,2,Rajasthan Royals,Death (15-19),2007,17,1,13,4,8,7.846153846153847,1
335992,2,Rajasthan Royals,Middle (6-14),2007,76,0,55,12,20,8.290909090909091,1
335992,2,Rajasthan Royals,Powerplay (0-5),2007,45,2,37,8,17,7.297297297297297,1
335993,1,Kolkata Knight Riders,Death (15-19),2007,43,3,33,4,9,7.818181818181818,0
335993,1,Kolkata Knight Riders,Middle (6-14),2007,43,3,56,3,26,4.607142857142857,0
335993,1,Kolkata Knight Riders,Powerplay (0-5),2007,61,3,37,11,18,9.891891891891891,0
335993,2,Chennai Super Kings,Death (15-19),2007,31,0,13,3,1,14.307692307692308,1
335993,2,Chennai Super Kings,Middle (6-14),2007,76,1,55,7,14,8.290909090909091,1
335993,2,Chennai Super Kings,Powerplay (0-5),2007,45,0,39,7,24,6.923076923076923,1
335994,1,Mumbai Indians,Death (15-19),2007,55,2,31,6,10,10.64516129032258,0
335994,1,Mumbai Indians,Middle (6-14),2007,72,2,55,9,18,7.854545454545455,0
335994,1,Mumbai Indians,Powerplay (0-5),2007,27,3,39,4,28,4.153846153846154,0
335994,2,Deccan Chargers,Middle (6-14),2007,95,0,40,13,7,14.25,1
335994,2,Deccan Chargers,Powerplay (0-5),2007,60,0,37,11,16,9.72972972972973,1
335995,1,Delhi Daredevils,Death (15-19),2007,51,3,31,6,5,9.870967741935484,0
335995,1,Delhi Daredevils,Middle (6-14),2007,62,2,56,7,23,6.642857142857142,0
335995,1,Delhi Daredevils,Powerplay (0-5),2007,45,3,38,7,16,7.105263157894737,0
335995,2,Kings XI Punjab,Death (15-19),2007,39,2,28,5,10,8.357142857142856,1
335995,2,Kings XI Punjab,Middle (6-14),2007,68,2,59,7,22,6.915254237288135,1
335995,2,Kings XI Punjab,Powerplay (0-5),2007,55,2,36,10,17,9.166666666666666,1
335996,1,Chennai Super Kings,Death (15-19),2007,76,2,31,14,7,14.709677419354838,1
335996,1,Chennai Super Kings,Middle (6-14),2007,66,2,54,6,18,7.333333333333333,1
335996,1,Chennai Super Kings,Powerplay (0-5),2007,36,1,38,5,19,5.684210526315789,1
335996,2,Royal Challengers Bangalore,Death (15-19),2007,33,7,28,3,8,7.071428571428571,0
335996,2,Royal Challengers Bangalore,Middle (6-14),2007,87,2,58,10,11,9.0,0
335996,2,Royal Challengers Bangalore,Powerplay (0-5),2007,45,1,38,6,17,7.105263157894737,0
335997,1,Kolkata Knight Riders,Death (15-19),2007,50,2,34,5,7,8.823529411764705,0
335997,1,Kolkata Knight Riders,Middle (6-14),2007,47,3,54,6,29,5.222222222222222,0
335997,1,Kolkata Knight Riders,Powerplay (0-5),2007,40,3,37,7,20,6.486486486486486,0
335997,2,Mumbai Indians,Death (15-19),2007,28,0,23,3,8,7.304347826086956,1
335997,2,Mumbai Indians,Middle (6-14),2007,72,0,56,8,20,7.7142857142857135,1
335997,2,Mumbai Indians,Powerplay (0-5),2007,38,3,39,8,27,5.846153846153846,1
335998,1,Delhi Daredevils,Death (15-19),2007,40,3,31,4,7,7.741935483870967,1
335998,1,Delhi Daredevils,Middle (6-14),2007,93,1,54,12,11,10.333333333333334,1
335998,1,Delhi Daredevils,Powerplay (0-5),2007,58,1,37,10,15,9.405405405405405,1
335998,2,Royal Challengers Bangalore,Death (15-19),2007,47,2,30,6,8,9.4,0
335998,2,Royal Challengers Bangalore,Middle (6-14),2007,79,0,55,9,17,8.618181818181819,0
335998,2,Royal Challengers Bangalore,Powerplay (0-5),2007,55,3,36,8,14,9.166666666666666,0
335999,1,Deccan Chargers,Death (15-19),2007,53,2,30,9,11,10.6,0
335999,1,Deccan Chargers,Middle (6-14),2007,61,5,54,6,18,6.777777777777778,0
335999,1,Deccan Chargers,Powerplay (0-5),2007,50,1,38,7,13,7.894736842105264,0
335999,2,Kings XI Punjab,Death (15-19),2007,38,0,25,4,4,9.12,1
335999,2,Kings XI Punjab,Middle (6-14),2007,88,2,56,13,15,9.428571428571429,1
335999,2,Kings XI Punjab,Powerplay (0-5),2007,41,1,36,6,15,6.833333333333333,1
336000,1,Rajasthan Royals,Death (15-19),2007,54,3,34,5,11,9.529411764705882,1
336000,1,Rajasthan Royals,Middle (6-14),2007,97,3,56,15,11,10.392857142857142,1
336000,1,Rajasthan Royals,Powerplay (0-5),2007,45,1,37,7,20,7.297297297297297,1
336000,2,Kolkata Knight Riders,Death (15-19),2007,23,5,25,0,7,5.52,0
336000,2,Kolkata Knight Riders,Middle (6-14),2007,77,2,56,7,16,8.25,0
336000,2,Kolkata Knight Riders,Powerplay (0-5),2007,51,3,41,7,18,7.463414634146342,0
336001,1,Chennai Super Kings,Death (15-19),2007,43,3,31,5,10,8.32258064516129,0
336001,1,Chennai Super Kings,Middle (6-14),2007,79,2,56,10,17,8.464285714285714,0
336001,1,Chennai Super Kings,Powerplay (0-5),2007,47,1,39,7,18,7.230769230769231,0
336001,2,Delhi Daredevils,Death (15-19),2007,30,0,25,3,9,7.199999999999999,1
336001,2,Delhi Daredevils,Middle (6-14),2007,78,2,56,8,16,8.357142857142856,1
336001,2,Delhi Daredevils,Powerplay (0-5),2007,64,0,37,10,13,10.378378378378377,1
336002,1,Deccan Chargers,Death (15-19),2007,42,6,31,6,15,8.129032258064516,0
336002,1,Deccan Chargers,Middle (6-14),2007,82,4,56,12,22,8.785714285714285,0
336002,1,Deccan Chargers,Powerplay (0-5),2007,41,0,39,4,17,6.3076923076923075,0
336002,2,Royal Challengers Bangalore,Death (15-19),2007,65,2,24,12,4,16.25,1
336002,2,Royal Challengers Bangalore,Middle (6-14),2007,63,2,54,6,17,7.0,1
336002,2,Royal Challengers Bangalore,Powerplay (0-5),2007,43,1,36,8,20,7.166666666666667,1
336003,1,Kings XI Punjab,Death (15-19),2007,59,1,32,9,7,11.0625,1
336003,1,Kings XI Punjab,Middle (6-14),2007,70,4,55,8,24,7.636363636363637,1
336003,1,Kings XI Punjab,Powerplay (0-5),2007,49,1,38,9,17,7.736842105263158,1
336003,2,Kolkata Knight Riders,Death (15-19),2007,68,1,30,7,5,13.6,0
336003,2,Kolkata Knight Riders,Middle (6-14),2007,70,1,54,7,17,7.777777777777778,0
336003,2,Kolkata Knight Riders,Powerplay (0-5),2007,31,4,38,4,25,4.894736842105264,0
336004,1,Mumbai Indians,Death (15-19),2007,50,3,32,7,10,9.375,1
336004,1,Mumbai Indians,Middle (6-14),2007,62,3,55,6,25,6.763636363636364,1
336004,1,Mumbai Indians,Powerplay (0-5),2007,50,2,37,9,18,8.108108108108107,1
336004,2,Delhi Daredevils,Death (15-19),2007,19,5,23,1,14,4.956521739130435,0
336004,2,Delhi Daredevils,Middle (6-14),2007,77,3,55,8,12,8.4,0
336004,2,Delhi Daredevils,Powerplay (0-5),2007,37,2,36,5,20,6.166666666666667,0
336005,1,Chennai Super Kings,Death (15-19),2007,18,3,25,2,16,4.319999999999999,0
336005,1,Chennai Super Kings,Middle (6-14),2007,53,3,54,5,22,5.888888888888889,0
336005,1,Chennai Super Kings,Powerplay (0-5),2007,38,4,37,6,25,6.162162162162162,0
336005,2,Rajasthan Royals,Middle (6-14),2007,66,2,57,4,25,6.947368421052632,1
336005,2,Rajasthan Royals,Powerplay (0-5),2007,44,0,36,8,18,7.333333333333333,1
336006,1,Royal Challengers Bangalore,Death (15-19),2007,29,6,26,5,14,6.6923076923076925,0
336006,1,Royal Challengers Bangalore,Middle (6-14),2007,71,1,56,8,18,7.607142857142857,0
336006,1,Royal Challengers Bangalore,Powerplay (0-5),2007,26,3,39,4,27,4.0,0
336006,2,Kings XI Punjab,Death (15-19),2007,18,0,21,2,12,5.142857142857143,1
336006,2,Kings XI Punjab,Middle (6-14),2007,57,3,56,6,25,6.107142857142857,1
336006,2,Kings XI Punjab,Powerplay (0-5),2007,52,1,40,7,18,7.8,1
336007,1,Chennai Super Kings,Death (15-19),2007,58,1,30,7,6,11.6,0
336007,1,Chennai Super Kings,Middle (6-14),2007,52,3,55,6,26,5.672727272727273,0
336007,1,Chennai Super Kings,Powerplay (0-5),2007,34,3,39,4,24,5.230769230769231,0
336007,2,Deccan Chargers,Death (15-19),2007,33,1,19,5,7,10.421052631578949,1
336007,2,Deccan Chargers,Middle (6-14),2007,65,1,56,9,25,6.9642857142857135,1
336007,2,Deccan Chargers,Powerplay (0-5),2007,50,1,37,8,19,8.108108108108107,1
336008,1,Rajasthan Royals,Death (15-19),2007,1,3,8,0,7,0.75,0
336008,1,Rajasthan Royals,Middle (6-14),2007,54,5,59,4,22,5.491525423728813,0
336008,1,Rajasthan Royals,Powerplay (0-5),2007,48,2,36,7,16,8.0,0
336008,2,Mumbai Indians,Death (15-19),2007,2,0,3,0,1,4.0,1
336008,2,Mumbai Indians,Middle (6-14),2007,68,3,57,8,22,7.157894736842105,1
336008,2,Mumbai Indians,Powerplay (0-5),2007,34,0,39,2,23,5.230769230769231,1
336009,1,Delhi Daredevils,Death (15-19),2007,54,3,30,8,5,10.8,0
336009,1,Delhi Daredevils,Middle (6-14),2007,83,0,58,10,15,8.586206896551724,0
336009,1,Delhi Daredevils,Powerplay (0-5),2007,50,2,38,7,14,7.894736842105264,0
336009,2,Chennai Super Kings,Death (15-19),2007,46,2,31,4,5,8.903225806451612,1
336009,2,Chennai Super Kings,Middle (6-14),2007,80,4,56,11,20,8.571428571428571,1
336009,2,Chennai Super Kings,Powerplay (0-5),2007,62,0,38,10,13,9.789473684210527,1
336010,1,Kolkata Knight Riders,Death (15-19),2007,14,1,6,2,3,14.0,1
336010,1,Kolkata Knight Riders,Middle (6-14),2007,74,4,54,10,21,8.222222222222221,1
336010,1,Kolkata Knight Riders,Powerplay (0-5),2007,41,2,38,5,19,6.473684210526316,1
336010,2,Royal Challengers Bangalore,Death (15-19),2007,13,0,6,2,1,13.0,0
336010,2,Royal Challengers Bangalore,Middle (6-14),2007,76,2,55,9,17,8.290909090909091,0
336010,2,Royal Challengers Bangalore,Powerplay (0-5),2007,35,2,38,6,21,5.526315789473684,0
336011,1,Deccan Chargers,Death (15-19),2007,37,4,31,5,13,7.161290322580645,0
336011,1,Deccan Chargers,Middle (6-14),2007,53,4,54,4,20,5.888888888888889,0
336011,1,Deccan Chargers,Powerplay (0-5),2007,50,0,37,9,19,8.108108108108107,0
336011,2,Rajasthan Royals,Death (15-19),2007,12,1,6,2,2,12.0,1
336011,2,Rajasthan Royals,Middle (6-14),2007,79,1,57,9,18,8.31578947368421,1
336011,2,Rajasthan Royals,Powerplay (0-5),2007,50,0,38,7,14,7.894736842105264,1
336012,1,Royal Challengers Bangalore,Death (15-19),2007,30,2,22,3,8,8.181818181818182,0
336012,1,Royal Challengers Bangalore,Middle (6-14),2007,56,5,57,6,25,5.894736842105263,0
336012,1,Royal Challengers Bangalore,Powerplay (0-5),2007,36,2,36,4,16,6.0,0
336012,2,Mumbai Indians,Death (15-19),2007,9,0,6,2,3,9.0,1
336012,2,Mumbai Indians,Middle (6-14),2007,78,1,56,11,23,8.357142857142856,1
336012,2,Mumbai Indians,Powerplay (0-5),2007,39,0,40,3,19,5.85,1
336013,1,Chennai Super Kings,Death (15-19),2007,37,1,31,2,8,7.161290322580645,1
336013,1,Chennai Super Kings,Middle (6-14),2007,91,1,57,12,18,9.578947368421053,1
336013,1,Chennai Super Kings,Powerplay (0-5),2007,53,2,43,7,18,7.395348837209302,1
336013,2,Kings XI Punjab,Death (15-19),2007,48,3,31,6,13,9.29032258064516,0
336013,2,Kings XI Punjab,Middle (6-14),2007,80,4,55,8,16,8.727272727272728,0
336013,2,Kings XI Punjab,Powerplay (0-5),2007,35,2,36,4,18,5.833333333333333,0
336014,1,Kolkata Knight Riders,Death (15-19),2007,86,2,31,13,4,16.64516129032258,1
336014,1,Kolkata Knight Riders,Middle (6-14),2007,75,1,57,10,21,7.894736842105263,1
336014,1,Kolkata Knight Riders,Powerplay (0-5),2007,43,1,36,8,18,7.166666666666667,1
336014,2,Deccan Chargers,Death (15-19),2007,56,1,34,7,9,9.88235294117647,0
336014,2,Deccan Chargers,Middle (6-14),2007,70,3,54,7,26,7.777777777777778,0
336014,2,Deccan Chargers,Powerplay (0-5),2007,55,3,40,10,20,8.25,0
336015,1,Delhi Daredevils,Death (15-19),2007,60,2,30,8,10,12.0,0
336015,1,Delhi Daredevils,Middle (6-14),2007,49,4,56,1,23,5.25,0
336015,1,Delhi Daredevils,Powerplay (0-5),2007,47,1,37,6,14,7.621621621621621,0
336015,2,Rajasthan Royals,Death (15-19),2007,39,3,25,6,10,9.36,1
336015,2,Rajasthan Royals,Middle (6-14),2007,99,2,59,12,18,10.067796610169491,1
336015,2,Rajasthan Royals,Powerplay (0-5),2007,21,2,38,1,26,3.3157894736842106,1
336016,1,Royal Challengers Bangalore,Death (15-19),2007,41,3,32,4,12,7.6875,0
336016,1,Royal Challengers Bangalore,Middle (6-14),2007,52,2,55,3,15,5.672727272727273,0
336016,1,Royal Challengers Bangalore,Powerplay (0-5),2007,50,3,37,8,19,8.108108108108107,0
336016,2,Kings XI Punjab,Death (15-19),2007,3,0,4,0,1,4.5,1
336016,2,Kings XI Punjab,Middle (6-14),2007,99,1,56,15,17,10.607142857142856,1
336016,2,Kings XI Punjab,Powerplay (0-5),2007,42,0,37,4,16,6.8108108108108105,1
336017,1,Kolkata Knight Riders,Death (15-19),2007,38,3,30,3,8,7.6,1
336017,1,Kolkata Knight Riders,Middle (6-14),2007,60,2,59,5,19,6.101694915254237,1
336017,1,Kolkata Knight Riders,Powerplay (0-5),2007,35,1,39,5,20,5.384615384615385,1
336017,2,Delhi Daredevils,Death (15-19),2007,13,4,18,0,9,4.333333333333333,0
336017,2,Delhi Daredevils,Middle (6-14),2007,60,2,55,7,18,6.545454545454546,0
336017,2,Delhi Daredevils,Powerplay (0-5),2007,37,4,37,6,20,6.0,0
336018,1,Chennai Super Kings,Death (15-19),2007,67,2,33,10,6,12.181818181818182,0
336018,1,Chennai Super Kings,Middle (6-14),2007,61,2,58,10,31,6.310344827586207,0
336018,1,Chennai Super Kings,Powerplay (0-5),2007,28,2,36,4,22,4.666666666666667,0
336018,2,Mumbai Indians,Middle (6-14),2007,80,1,53,12,21,9.056603773584905,1
336018,2,Mumbai Indians,Powerplay (0-5),2007,78,0,41,12,20,11.414634146341465,1
336019,1,Kings XI Punjab,Death (15-19),2007,77,2,33,11,9,14.0,1
336019,1,Kings XI Punjab,Middle (6-14),2007,93,1,54,13,14,10.333333333333334,1
336019,1,Kings XI Punjab,Powerplay (0-5),2007,51,0,37,10,19,8.27027027027027,1
336019,2,Rajasthan Royals,Death (15-19),2007,40,2,30,6,13,8.0,0
336019,2,Rajasthan Royals,Middle (6-14),2007,102,3,54,13,13,11.333333333333334,0
336019,2,Rajasthan Royals,Powerplay (0-5),2007,38,2,37,7,20,6.162162162162162,0
336020,1,Delhi Daredevils,Death (15-19),2007,56,3,31,7,9,10.838709677419354,1
336020,1,Delhi Daredevils,Middle (6-14),2007,90,0,56,11,9,9.642857142857142,1
336020,1,Delhi Daredevils,Powerplay (0-5),2007,48,1,38,6,16,7.578947368421053,1
336020,2,Deccan Chargers,Death (15-19),2007,54,5,30,8,6,10.8,0
336020,2,Deccan Chargers,Middle (6-14),2007,57,3,54,5,21,6.333333333333333,0
336020,2,Deccan Chargers,Powerplay (0-5),2007,71,1,38,11,13,11.210526315789474,0
336021,1,Kolkata Knight Riders,Death (15-19),2007,0,1,2,0,2,0.0,0
336021,1,Kolkata Knight Riders,Middle (6-14),2007,40,6,55,5,33,4.363636363636364,0
336021,1,Kolkata Knight Riders,Powerplay (0-5),2007,27,3,41,3,26,3.951219512195122,0
336021,2,Mumbai Indians,Powerplay (0-5),2007,68,2,38,11,16,10.736842105263158,1
336022,1,Delhi Daredevils,Middle (6-14),2007,50,4,33,6,11,9.090909090909092,0
336022,1,Delhi Daredevils,Powerplay (0-5),2007,68,0,40,10,15,10.2,0
336022,2,Kings XI Punjab,Middle (6-14),2007,21,0,12,2,4,10.5,1
336022,2,Kings XI Punjab,Powerplay (0-5),2007,73,3,38,10,9,11.526315789473685,1
336023,1,Rajasthan Royals,Death (15-19),2007,54,0,30,6,3,10.8,1
336023,1,Rajasthan Royals,Middle (6-14),2007,92,1,58,11,18,9.517241379310345,1
336023,1,Rajasthan Royals,Powerplay (0-5),2007,51,0,39,7,18,7.846153846153846,1
336023,2,Royal Challengers Bangalore,Death (15-19),2007,49,2,30,8,14,9.8,0
336023,2,Royal Challengers Bangalore,Middle (6-14),2007,60,4,56,5,20,6.428571428571428,0
336023,2,Royal Challengers Bangalore,Powerplay (0-5),2007,23,3,39,3,25,3.5384615384615383,0
336024,1,Mumbai Indians,Death (15-19),2007,64,3,35,8,9,10.971428571428572,1
336024,1,Mumbai Indians,Middle (6-14),2007,57,3,56,4,24,6.107142857142857,1
336024,1,Mumbai Indians,Powerplay (0-5),2007,57,1,37,11,17,9.243243243243242,1
336024,2,Deccan Chargers,Death (15-19),2007,47,3,31,5,11,9.096774193548386,0
336024,2,Deccan Chargers,Middle (6-14),2007,74,1,54,9,18,8.222222222222221,0
336024,2,Deccan Chargers,Powerplay (0-5),2007,32,3,39,5,22,4.923076923076923,0
336025,1,Kolkata Knight Riders,Death (15-19),2007,48,3,31,7,10,9.29032258064516,0
336025,1,Kolkata Knight Riders,Middle (6-14),2007,66,0,56,6,22,7.071428571428571,0
336025,1,Kolkata Knight Riders,Powerplay (0-5),2007,35,2,37,5,22,5.675675675675675,0
336025,2,Chennai Super Kings,Middle (6-14),2007,12,0,13,1,4,5.538461538461539,1
336025,2,Chennai Super Kings,Powerplay (0-5),2007,43,0,38,7,18,6.7894736842105265,1
336026,1,Royal Challengers Bangalore,Death (15-19),2007,52,4,30,7,9,10.4,0
336026,1,Royal Challengers Bangalore,Middle (6-14),2007,61,2,55,8,22,6.654545454545455,0
336026,1,Royal Challengers Bangalore,Powerplay (0-5),2007,41,1,40,5,22,6.1499999999999995,0
336026,2,Delhi Daredevils,Death (15-19),2007,31,1,20,5,9,9.299999999999999,1
336026,2,Delhi Daredevils,Middle (6-14),2007,56,4,54,5,20,6.222222222222222,1
336026,2,Delhi Daredevils,Powerplay (0-5),2007,71,0,37,12,12,11.513513513513512,1
336027,1,Kolkata Knight Riders,Death (15-19),2007,45,4,30,5,7,9.0,0
336027,1,Kolkata Knight Riders,Middle (6-14),2007,70,3,54,9,23,7.777777777777778,0
336027,1,Kolkata Knight Riders,Powerplay (0-5),2007,32,1,38,5,23,5.052631578947369,0
336027,2,Rajasthan Royals,Death (15-19),2007,22,0,11,3,2,12.0,1
336027,2,Rajasthan Royals,Middle (6-14),2007,86,1,55,12,21,9.381818181818183,1
336027,2,Rajasthan Royals,Powerplay (0-5),2007,42,3,36,7,18,7.0,1
336028,1,Kings XI Punjab,Death (15-19),2007,55,2,32,8,10,10.3125,1
336028,1,Kings XI Punjab,Middle (6-14),2007,91,1,56,12,16,9.75,1
336028,1,Kings XI Punjab,Powerplay (0-5),2007,43,1,36,6,19,7.166666666666667,1
336028,2,Mumbai Indians,Death (15-19),2007,44,7,31,4,13,8.516129032258064,0
336028,2,Mumbai Indians,Middle (6-14),2007,76,2,54,9,19,8.444444444444445,0
336028,2,Mumbai Indians,Powerplay (0-5),2007,68,1,40,10,19,10.2,0
336029,1,Royal Challengers Bangalore,Death (15-19),2007,50,3,30,7,9,10.0,1
336029,1,Royal Challengers Bangalore,Middle (6-14),2007,53,3,55,5,21,5.781818181818182,1
336029,1,Royal Challengers Bangalore,Powerplay (0-5),2007,23,2,36,3,24,3.8333333333333335,1
336029,2,Chennai Super Kings,Death (15-19),2007,20,4,32,3,22,3.75,0
336029,2,Chennai Super Kings,Middle (6-14),2007,48,4,55,3,24,5.236363636363636,0
336029,2,Chennai Super Kings,Powerplay (0-5),2007,44,0,39,6,24,6.769230769230769,0
336031,1,Deccan Chargers,Death (15-19),2007,64,2,30,9,7,12.8,0
336031,1,Deccan Chargers,Middle (6-14),2007,69,2,54,7,24,7.666666666666667,0
336031,1,Deccan Chargers,Powerplay (0-5),2007,42,0,37,7,17,6.8108108108108105,0
336031,2,Kings XI Punjab,Death (15-19),2007,43,2,29,4,8,8.896551724137932,1
336031,2,Kings XI Punjab,Middle (6-14),2007,61,2,57,5,16,6.421052631578948,1
336031,2,Kings XI Punjab,Powerplay (0-5),2007,74,0,36,12,11,12.333333333333334,1
336032,1,Mumbai Indians,Death (15-19),2007,53,4,31,7,6,10.258064516129032,0
336032,1,Mumbai Indians,Middle (6-14),2007,63,4,59,7,24,6.406779661016949,0
336032,1,Mumbai Indians,Powerplay (0-5),2007,60,0,37,11,16,9.72972972972973,0
336032,2,Delhi Daredevils,Death (15-19),2007,49,0,29,8,9,10.13793103448276,1
336032,2,Delhi Daredevils,Middle (6-14),2007,74,3,55,8,15,8.072727272727274,1
336032,2,Delhi Daredevils,Powerplay (0-5),2007,56,2,36,10,16,9.333333333333334,1
336033,1,Rajasthan Royals,Death (15-19),2007,44,3,30,5,8,8.8,1
336033,1,Rajasthan Royals,Middle (6-14),2007,100,2,55,13,11,10.90909090909091,1
336033,1,Rajasthan Royals,Powerplay (0-5),2007,67,0,37,11,14,10.864864864864865,1
336033,2,Chennai Super Kings,Death (15-19),2007,44,4,32,5,9,8.25,0
336033,2,Chennai Super Kings,Middle (6-14),2007,92,2,57,11,13,9.68421052631579,0
336033,2,Chennai Super Kings,Powerplay (0-5),2007,65,1,37,12,17,10.54054054054054,0
336034,1,Royal Challengers Bangalore,Death (15-19),2007,42,3,30,6,11,8.4,1
336034,1,Royal Challengers Bangalore,Middle (6-14),2007,68,4,54,6,12,7.555555555555555,1
336034,1,Royal Challengers Bangalore,Powerplay (0-5),2007,46,1,38,7,14,7.2631578947368425,1
336034,2,Deccan Chargers,Death (15-19),2007,41,4,30,4,9,8.2,0
336034,2,Deccan Chargers,Middle (6-14),2007,79,0,55,11,14,8.618181818181819,0
336034,2,Deccan Chargers,Powerplay (0-5),2007,33,2,37,5,21,5.351351351351351,0
336035,1,Kings XI Punjab,Death (15-19),2007,41,3,31,5,12,7.935483870967741,0
336035,1,Kings XI Punjab,Middle (6-14),2007,86,2,55,11,15,9.381818181818183,0
336035,1,Kings XI Punjab,Powerplay (0-5),2007,47,1,40,6,16,7.05,0
336035,2,Kolkata Knight Riders,Death (15-19),2007,71,2,28,10,7,15.214285714285714,1
336035,2,Kolkata Knight Riders,Middle (6-14),2007,53,3,56,6,26,5.678571428571428,1
336035,2,Kolkata Knight Riders,Powerplay (0-5),2007,51,2,38,10,19,8.052631578947368,1
336036,1,Mumbai Indians,Death (15-19),2007,48,5,33,7,13,8.727272727272727,0
336036,1,Mumbai Indians,Middle (6-14),2007,68,2,55,6,16,7.418181818181819,0
336036,1,Mumbai Indians,Powerplay (0-5),2007,29,0,39,2,22,4.461538461538462,0
336036,2,Rajasthan Royals,Death (15-19),2007,56,0,32,4,5,10.5,1
336036,2,Rajasthan Royals,Middle (6-14),2007,54,3,55,4,21,5.8909090909090915,1
336036,2,Rajasthan Royals,Powerplay (0-5),2007,36,2,39,5,20,5.538461538461538,1
336037,1,Deccan Chargers,Death (15-19),2007,54,5,33,7,8,9.818181818181818,0
336037,1,Deccan Chargers,Middle (6-14),2007,67,1,57,6,19,7.052631578947368,0
336037,1,Deccan Chargers,Powerplay (0-5),2007,26,2,36,3,22,4.333333333333333,0
336037,2,Chennai Super Kings,Death (15-19),2007,34,1,26,3,7,7.846153846153847,1
336037,2,Chennai Super Kings,Middle (6-14),2007,70,1,58,8,22,7.241379310344828,1
336037,2,Chennai Super Kings,Powerplay (0-5),2007,44,1,40,8,20,6.6,1
336038,1,Rajasthan Royals,Death (15-19),2007,50,5,30,7,12,10.0,1
336038,1,Rajasthan Royals,Middle (6-14),2007,84,4,56,11,18,9.0,1
336038,1,Rajasthan Royals,Powerplay (0-5),2007,58,0,37,11,17,9.405405405405405,1
336038,2,Delhi Daredevils,Death (15-19),2007,5,2,7,1,5,4.285714285714286,0
336038,2,Delhi Daredevils,Middle (6-14),2007,54,5,54,7,27,6.0,0
336038,2,Delhi Daredevils,Powerplay (0-5),2007,28,3,39,2,19,4.3076923076923075,0
336039,1,Kings XI Punjab,Death (15-19),2007,44,1,31,6,10,8.516129032258064,0
336039,1,Kings XI Punjab,Middle (6-14),2007,33,3,54,3,34,3.6666666666666665,0
336039,1,Kings XI Punjab,Powerplay (0-5),2007,35,4,37,4,20,5.675675675675675,0
336039,2,Chennai Super Kings,Middle (6-14),2007,81,0,55,11,16,8.836363636363638,1
336039,2,Chennai Super Kings,Powerplay (0-5),2007,35,1,38,6,21,5.526315789473684,1
336040,1,Chennai Super Kings,Death (15-19),2007,46,2,32,4,8,8.625,0
336040,1,Chennai Super Kings,Middle (6-14),2007,75,2,55,7,17,8.181818181818182,0
336040,1,Chennai Super Kings,Powerplay (0-5),2007,42,1,37,5,16,6.8108108108108105,0
336040,2,Rajasthan Royals,Death (15-19),2007,52,3,33,5,8,9.454545454545455,1
336040,2,Rajasthan Royals,Middle (6-14),2007,71,3,57,7,21,7.473684210526316,1
336040,2,Rajasthan Royals,Powerplay (0-5),2007,41,1,36,5,18,6.833333333333333,1
392181,1,Mumbai Indians,Death (15-19),2009,60,3,30,9,7,12.0,1
392181,1,Mumbai Indians,Middle (6-14),2009,65,3,55,7,14,7.090909090909092,1
392181,1,Mumbai Indians,Powerplay (0-5),2009,40,1,36,6,16,6.666666666666667,1
392181,2,Chennai Super Kings,Death (15-19),2009,38,2,31,3,9,7.354838709677419,0
392181,2,Chennai Super Kings,Middle (6-14),2009,68,3,54,8,17,7.555555555555555,0
392181,2,Chennai Super Kings,Powerplay (0-5),2009,40,2,38,5,23,6.315789473684211,0
392182,1,Royal Challengers Bangalore,Death (15-19),2009,46,3,31,7,13,8.903225806451612,1
392182,1,Royal Challengers Bangalore,Middle (6-14),2009,58,2,55,7,23,6.327272727272728,1
392182,1,Royal Challengers Bangalore,Powerplay (0-5),2009,29,3,36,3,21,4.833333333333333,1
392182,2,Rajasthan Royals,Death (15-19),2009,0,1,1,0,1,0.0,0
392182,2,Rajasthan Royals,Middle (6-14),2009,44,7,56,3,30,4.714285714285714,0
392182,2,Rajasthan Royals,Powerplay (0-5),2009,14,2,42,0,30,2.0,0
392183,1,Kings XI Punjab,Middle (6-14),2009,37,6,37,4,19,6.0,0
392183,1,Kings XI Punjab,Powerplay (0-5),2009,67,1,39,8,13,10.307692307692308,0
392183,2,Delhi Daredevils,Powerplay (0-5),2009,58,0,32,9,11,10.875,1
392184,1,Kolkata Knight Riders,Death (15-19),2009,37,5,28,4,11,7.928571428571428,0
392184,1,Kolkata Knight Riders,Middle (6-14),2009,43,2,54,4,29,4.777777777777778,0
392184,1,Kolkata Knight Riders,Powerplay (0-5),2009,21,3,37,3,29,3.4054054054054053,0
392184,2,Deccan Chargers,Middle (6-14),2009,67,0,44,9,15,9.136363636363637,1
392184,2,Deccan Chargers,Powerplay (0-5),2009,37,2,36,6,22,6.166666666666667,1
392185,1,Chennai Super Kings,Death (15-19),2009,44,3,31,6,9,8.516129032258064,1
392185,1,Chennai Super Kings,Middle (6-14),2009,67,2,56,5,16,7.178571428571428,1
392185,1,Chennai Super Kings,Powerplay (0-5),2009,68,0,37,10,11,11.027027027027026,1
392185,2,Royal Challengers Bangalore,Death (15-19),2009,2,1,2,0,1,6.0,0
392185,2,Royal Challengers Bangalore,Middle (6-14),2009,39,7,55,3,30,4.254545454545455,0
392185,2,Royal Challengers Bangalore,Powerplay (0-5),2009,46,2,39,7,18,7.076923076923077,0
392186,1,Kings XI Punjab,Death (15-19),2009,41,2,32,5,11,7.6875,0
392186,1,Kings XI Punjab,Middle (6-14),2009,71,3,59,6,19,7.220338983050847,0
392186,1,Kings XI Punjab,Powerplay (0-5),2009,46,1,36,8,17,7.666666666666667,0
392186,2,Kolkata Knight Riders,Middle (6-14),2009,19,0,20,1,10,5.7,1
392186,2,Kolkata Knight Riders,Powerplay (0-5),2009,60,1,40,8,16,9.0,1
392188,1,Deccan Chargers,Death (15-19),2009,45,3,30,4,10,9.0,1
392188,1,Deccan Chargers,Middle (6-14),2009,77,2,55,7,18,8.4,1
392188,1,Deccan Chargers,Powerplay (0-5),2009,62,1,36,10,16,10.333333333333334,1
392188,2,Royal Challengers Bangalore,Death (15-19),2009,51,4,32,7,9,9.5625,0
392188,2,Royal Challengers Bangalore,Middle (6-14),2009,78,2,56,10,21,8.357142857142856,0
392188,2,Royal Challengers Bangalore,Powerplay (0-5),2009,31,2,38,4,19,4.894736842105264,0
392189,1,Delhi Daredevils,Death (15-19),2009,66,1,30,9,5,13.2,1
392189,1,Delhi Daredevils,Middle (6-14),2009,64,2,55,5,16,6.981818181818182,1
392189,1,Delhi Daredevils,Powerplay (0-5),2009,59,2,36,10,14,9.833333333333334,1
392189,2,Chennai Super Kings,Death (15-19),2009,32,5,30,2,10,6.4,0
392189,2,Chennai Super Kings,Middle (6-14),2009,87,3,57,10,16,9.157894736842104,0
392189,2,Chennai Super Kings,Powerplay (0-5),2009,61,1,38,7,9,9.631578947368421,0
392190,1,Rajasthan Royals,Death (15-19),2009,43,2,34,4,11,7.588235294117647,0
392190,1,Rajasthan Royals,Middle (6-14),2009,53,2,55,2,16,5.781818181818182,0
392190,1,Rajasthan Royals,Powerplay (0-5),2009,54,2,37,10,21,8.756756756756756,0
392190,2,Kolkata Knight Riders,Death (15-19),2009,52,3,33,6,8,9.454545454545455,0
392190,2,Kolkata Knight Riders,Middle (6-14),2009,60,4,59,5,24,6.101694915254237,0
392190,2,Kolkata Knight Riders,Powerplay (0-5),2009,38,1,38,5,24,6.0,0
392190,3,Kolkata Knight Riders,Powerplay (0-5),2009,15,1,7,3,1,12.857142857142856,0
392190,4,Rajasthan Royals,Powerplay (0-5),2009,18,0,4,3,0,27.0,0
392191,1,Royal Challengers Bangalore,Death (15-19),2009,50,5,32,6,9,9.375,0
392191,1,Royal Challengers Bangalore,Middle (6-14),2009,69,1,54,7,20,7.666666666666667,0
392191,1,Royal Challengers Bangalore,Powerplay (0-5),2009,49,3,37,8,19,7.945945945945946,0
392191,2,Kings XI Punjab,Death (15-19),2009,64,1,25,9,3,15.36,1
392191,2,Kings XI Punjab,Middle (6-14),2009,65,2,54,6,14,7.222222222222222,1
392191,2,Kings XI Punjab,Powerplay (0-5),2009,44,0,40,2,10,6.6,1
392192,1,Deccan Chargers,Death (15-19),2009,31,5,31,1,11,6.0,1
392192,1,Deccan Chargers,Middle (6-14),2009,82,4,55,9,16,8.945454545454545,1
392192,1,Deccan Chargers,Powerplay (0-5),2009,55,0,39,9,18,8.461538461538462,1
392192,2,Mumbai Indians,Death (15-19),2009,48,3,31,6,8,9.29032258064516,0
392192,2,Mumbai Indians,Middle (6-14),2009,58,3,55,4,20,6.327272727272728,0
392192,2,Mumbai Indians,Powerplay (0-5),2009,50,1,41,7,20,7.317073170731708,0
392194,1,Royal Challengers Bangalore,Death (15-19),2009,49,3,32,5,10,9.1875,0
392194,1,Royal Challengers Bangalore,Middle (6-14),2009,55,2,56,4,20,5.892857142857142,0
392194,1,Royal Challengers Bangalore,Powerplay (0-5),2009,45,2,38,4,17,7.105263157894737,0
392194,2,Delhi Daredevils,Death (15-19),2009,51,1,27,6,3,11.333333333333334,1
392194,2,Delhi Daredevils,Middle (6-14),2009,56,1,56,4,18,6.0,1
392194,2,Delhi Daredevils,Powerplay (0-5),2009,43,2,37,4,14,6.972972972972973,1
392195,1,Kings XI Punjab,Death (15-19),2009,41,2,31,5,14,7.935483870967741,1
392195,1,Kings XI Punjab,Middle (6-14),2009,60,2,55,4,17,6.545454545454546,1
392195,1,Kings XI Punjab,Powerplay (0-5),2009,38,2,42,6,23,5.428571428571429,1
392195,2,Rajasthan Royals,Death (15-19),2009,30,1,31,1,8,5.806451612903225,0
392195,2,Rajasthan Royals,Middle (6-14),2009,50,2,55,3,23,5.454545454545455,0
392195,2,Rajasthan Royals,Powerplay (0-5),2009,32,4,39,5,23,4.923076923076923,0
392196,1,Chennai Super Kings,Death (15-19),2009,52,2,31,8,11,10.064516129032258,0
392196,1,Chennai Super Kings,Middle (6-14),2009,51,3,56,4,20,5.4642857142857135,0
392196,1,Chennai Super Kings,Powerplay (0-5),2009,62,1,40,10,16,9.299999999999999,0
392196,2,Deccan Chargers,Death (15-19),2009,40,1,28,3,9,8.571428571428571,1
392196,2,Deccan Chargers,Middle (6-14),2009,60,2,55,5,17,6.545454545454546,1
392196,2,Deccan Chargers,Powerplay (0-5),2009,69,1,38,12,14,10.894736842105264,1
392197,1,Mumbai Indians,Death (15-19),2009,36,3,30,2,9,7.2,1
392197,1,Mumbai Indians,Middle (6-14),2009,90,3,54,11,14,10.0,1
392197,1,Mumbai Indians,Powerplay (0-5),2009,61,0,40,8,20,9.15,1
392197,2,Kolkata Knight Riders,Death (15-19),2009,0,2,2,0,2,0.0,0
392197,2,Kolkata Knight Riders,Middle (6-14),2009,48,5,54,3,19,5.333333333333333,0
392197,2,Kolkata Knight Riders,Powerplay (0-5),2009,47,2,39,7,20,7.230769230769231,0
392198,1,Delhi Daredevils,Death (15-19),2009,42,3,30,6,13,8.4,0
392198,1,Delhi Daredevils,Middle (6-14),2009,59,1,55,4,16,6.4363636363636365,0
392198,1,Delhi Daredevils,Powerplay (0-5),2009,42,3,37,7,19,6.8108108108108105,0
392198,2,Rajasthan Royals,Death (15-19),2009,51,0,22,7,5,13.90909090909091,1
392198,2,Rajasthan Royals,Middle (6-14),2009,63,3,57,5,19,6.631578947368421,1
392198,2,Rajasthan Royals,Powerplay (0-5),2009,33,2,39,6,26,5.076923076923077,1
392199,1,Kolkata Knight Riders,Death (15-19),2009,45,2,31,4,6,8.709677419354838,0
392199,1,Kolkata Knight Riders,Middle (6-14),2009,49,2,54,3,18,5.444444444444445,0
392199,1,Kolkata Knight Riders,Powerplay (0-5),2009,45,2,38,7,21,7.105263157894737,0
392199,2,Royal Challengers Bangalore,Death (15-19),2009,45,3,29,5,9,9.310344827586208,1
392199,2,Royal Challengers Bangalore,Middle (6-14),2009,52,2,55,3,17,5.672727272727273,1
392199,2,Royal Challengers Bangalore,Powerplay (0-5),2009,46,0,41,7,19,6.731707317073171,1
392200,1,Kings XI Punjab,Death (15-19),2009,33,3,31,2,10,6.387096774193548,1
392200,1,Kings XI Punjab,Middle (6-14),2009,60,3,58,2,14,6.206896551724138,1
392200,1,Kings XI Punjab,Powerplay (0-5),2009,26,2,37,2,21,4.216216216216216,1
392200,2,Mumbai Indians,Death (15-19),2009,35,3,32,1,7,6.5625,0
392200,2,Mumbai Indians,Middle (6-14),2009,58,1,57,5,25,6.105263157894737,0
392200,2,Mumbai Indians,Powerplay (0-5),2009,23,3,39,2,25,3.5384615384615383,0
392201,1,Deccan Chargers,Death (15-19),2009,30,4,30,2,11,6.0,0
392201,1,Deccan Chargers,Middle (6-14),2009,81,3,56,8,17,8.678571428571429,0
392201,1,Deccan Chargers,Powerplay (0-5),2009,37,2,37,6,23,6.0,0
392201,2,Delhi Daredevils,Death (15-19),2009,49,1,26,7,6,11.307692307692308,1
392201,2,Delhi Daredevils,Middle (6-14),2009,60,1,56,5,22,6.428571428571428,1
392201,2,Delhi Daredevils,Powerplay (0-5),2009,41,2,38,7,21,6.473684210526316,1
392202,1,Chennai Super Kings,Death (15-19),2009,60,1,32,7,6,11.25,1
392202,1,Chennai Super Kings,Middle (6-14),2009,64,2,55,9,22,6.981818181818182,1
392202,1,Chennai Super Kings,Powerplay (0-5),2009,40,2,36,5,19,6.666666666666667,1
392202,2,Rajasthan Royals,Death (15-19),2009,28,4,28,3,12,6.0,0
392202,2,Rajasthan Royals,Middle (6-14),2009,60,3,55,6,20,6.545454545454546,0
392202,2,Rajasthan Royals,Powerplay (0-5),2009,38,2,37,4,17,6.162162162162162,0
392203,1,Mumbai Indians,Death (15-19),2009,60,2,32,7,5,11.25,1
392203,1,Mumbai Indians,Middle (6-14),2009,48,2,55,3,23,5.236363636363636,1
392203,1,Mumbai Indians,Powerplay (0-5),2009,40,2,39,4,19,6.153846153846154,1
392203,2,Kolkata Knight Riders,Death (15-19),2009,41,3,32,3,6,7.6875,0
392203,2,Kolkata Knight Riders,Middle (6-14),2009,72,1,58,6,16,7.448275862068966,0
392203,2,Kolkata Knight Riders,Powerplay (0-5),2009,26,2,37,4,23,4.216216216216216,0
392204,1,Royal Challengers Bangalore,Death (15-19),2009,45,3,31,6,11,8.709677419354838,1
392204,1,Royal Challengers Bangalore,Middle (6-14),2009,62,4,56,8,23,6.642857142857142,1
392204,1,Royal Challengers Bangalore,Powerplay (0-5),2009,38,2,37,4,20,6.162162162162162,1
392204,2,Kings XI Punjab,Death (15-19),2009,42,4,32,4,12,7.875,0
392204,2,Kings XI Punjab,Middle (6-14),2009,60,3,54,7,29,6.666666666666667,0
392204,2,Kings XI Punjab,Powerplay (0-5),2009,35,0,37,4,19,5.675675675675675,0
392205,1,Deccan Chargers,Death (15-19),2009,39,2,30,4,10,7.8,0
392205,1,Deccan Chargers,Middle (6-14),2009,63,1,58,5,21,6.517241379310345,0
392205,1,Deccan Chargers,Powerplay (0-5),2009,39,2,36,7,23,6.5,0
392205,2,Rajasthan Royals,Death (15-19),2009,44,1,28,5,8,9.428571428571429,1
392205,2,Rajasthan Royals,Middle (6-14),2009,68,3,56,7,18,7.285714285714286,1
392205,2,Rajasthan Royals,Powerplay (0-5),2009,30,3,38,5,27,4.736842105263158,1
392206,1,Chennai Super Kings,Death (15-19),2009,33,6,32,3,11,6.1875,1
392206,1,Chennai Super Kings,Middle (6-14),2009,77,2,54,9,18,8.555555555555555,1
392206,1,Chennai Super Kings,Powerplay (0-5),2009,53,2,39,8,16,8.153846153846153,1
392206,2,Delhi Daredevils,Death (15-19),2009,25,5,30,4,20,5.0,0
392206,2,Delhi Daredevils,Middle (6-14),2009,71,1,54,8,17,7.888888888888889,0
392206,2,Delhi Daredevils,Powerplay (0-5),2009,49,2,37,7,17,7.945945945945946,0
392207,1,Kolkata Knight Riders,Death (15-19),2009,61,1,31,8,6,11.806451612903226,0
392207,1,Kolkata Knight Riders,Middle (6-14),2009,64,1,54,8,20,7.111111111111111,0
392207,1,Kolkata Knight Riders,Powerplay (0-5),2009,28,1,38,3,23,4.421052631578948,0
392207,2,Kings XI Punjab,Death (15-19),2009,38,0,30,5,8,7.6,1
392207,2,Kings XI Punjab,Middle (6-14),2009,65,2,58,6,18,6.724137931034483,1
392207,2,Kings XI Punjab,Powerplay (0-5),2009,51,2,38,6,17,8.052631578947368,1
392208,1,Mumbai Indians,Death (15-19),2009,63,0,31,7,5,12.193548387096774,0
392208,1,Mumbai Indians,Middle (6-14),2009,61,1,54,6,20,6.777777777777778,0
392208,1,Mumbai Indians,Powerplay (0-5),2009,25,3,37,3,24,4.0540540540540535,0
392208,2,Royal Challengers Bangalore,Death (15-19),2009,28,0,19,2,5,8.842105263157896,1
392208,2,Royal Challengers Bangalore,Middle (6-14),2009,71,0,58,7,17,7.344827586206897,1
392208,2,Royal Challengers Bangalore,Powerplay (0-5),2009,51,1,39,9,22,7.846153846153846,1
392209,1,Chennai Super Kings,Death (15-19),2009,48,1,31,6,5,9.29032258064516,1
392209,1,Chennai Super Kings,Middle (6-14),2009,77,2,55,7,15,8.4,1
392209,1,Chennai Super Kings,Powerplay (0-5),2009,53,0,38,8,17,8.368421052631579,1
392209,2,Deccan Chargers,Middle (6-14),2009,48,7,53,5,26,5.433962264150943,0
392209,2,Deccan Chargers,Powerplay (0-5),2009,52,3,38,7,22,8.210526315789474,0
392210,1,Rajasthan Royals,Death (15-19),2009,75,3,32,12,6,14.0625,1
392210,1,Rajasthan Royals,Middle (6-14),2009,79,1,55,12,18,8.618181818181819,1
392210,1,Rajasthan Royals,Powerplay (0-5),2009,57,0,37,9,17,9.243243243243242,1
392210,2,Kings XI Punjab,Death (15-19),2009,37,2,33,4,15,6.7272727272727275,0
392210,2,Kings XI Punjab,Middle (6-14),2009,67,2,59,7,25,6.813559322033898,0
392210,2,Kings XI Punjab,Powerplay (0-5),2009,29,4,36,4,24,4.833333333333333,0
392211,1,Kolkata Knight Riders,Death (15-19),2009,51,1,30,6,5,10.2,0
392211,1,Kolkata Knight Riders,Middle (6-14),2009,49,2,55,5,23,5.345454545454546,0
392211,1,Kolkata Knight Riders,Powerplay (0-5),2009,54,0,39,7,16,8.307692307692308,0
392211,2,Delhi Daredevils,Death (15-19),2009,43,0,24,6,7,10.75,1
392211,2,Delhi Daredevils,Middle (6-14),2009,57,1,55,4,20,6.218181818181819,1
392211,2,Delhi Daredevils,Powerplay (0-5),2009,57,0,37,9,15,9.243243243243242,1
392212,1,Deccan Chargers,Death (15-19),2009,46,2,31,4,8,8.903225806451612,1
392212,1,Deccan Chargers,Middle (6-14),2009,62,2,54,5,17,6.888888888888889,1
392212,1,Deccan Chargers,Powerplay (0-5),2009,37,2,39,5,24,5.6923076923076925,1
392212,2,Mumbai Indians,Death (15-19),2009,26,4,30,1,11,5.2,0
392212,2,Mumbai Indians,Middle (6-14),2009,59,2,54,7,21,6.555555555555555,0
392212,2,Mumbai Indians,Powerplay (0-5),2009,41,2,37,6,21,6.648648648648648,0
392213,1,Royal Challengers Bangalore,Death (15-19),2009,29,4,30,2,13,5.8,0
392213,1,Royal Challengers Bangalore,Middle (6-14),2009,47,3,56,4,23,5.035714285714286,0
392213,1,Royal Challengers Bangalore,Powerplay (0-5),2009,29,3,39,3,23,4.461538461538462,0
392213,2,Rajasthan Royals,Middle (6-14),2009,76,2,57,8,20,8.0,1
392213,2,Rajasthan Royals,Powerplay (0-5),2009,31,1,36,5,21,5.166666666666667,1
392214,1,Chennai Super Kings,Death (15-19),2009,40,1,18,5,5,13.333333333333334,1
392214,1,Chennai Super Kings,Middle (6-14),2009,88,1,54,13,18,9.777777777777779,1
392214,1,Chennai Super Kings,Powerplay (0-5),2009,57,1,37,10,16,9.243243243243242,1
392214,2,Kings XI Punjab,Death (15-19),2009,26,0,18,2,3,8.666666666666666,0
392214,2,Kings XI Punjab,Middle (6-14),2009,95,2,56,12,11,10.178571428571427,0
392214,2,Kings XI Punjab,Powerplay (0-5),2009,53,1,37,6,15,8.594594594594595,0
392215,1,Mumbai Indians,Death (15-19),2009,42,6,32,6,14,7.875,0
392215,1,Mumbai Indians,Middle (6-14),2009,44,1,57,2,25,4.631578947368421,0
392215,1,Mumbai Indians,Powerplay (0-5),2009,30,3,41,2,21,4.390243902439025,0
392215,2,Delhi Daredevils,Death (15-19),2009,44,1,23,8,8,11.478260869565217,1
392215,2,Delhi Daredevils,Middle (6-14),2009,38,2,55,2,24,4.1454545454545455,1
392215,2,Delhi Daredevils,Powerplay (0-5),2009,36,0,39,3,16,5.538461538461538,1
392216,1,Deccan Chargers,Death (15-19),2009,68,1,33,7,5,12.363636363636363,0
392216,1,Deccan Chargers,Middle (6-14),2009,48,3,54,4,27,5.333333333333333,0
392216,1,Deccan Chargers,Powerplay (0-5),2009,52,1,38,7,17,8.210526315789474,0
392216,2,Kings XI Punjab,Death (15-19),2009,50,2,30,5,4,10.0,1
392216,2,Kings XI Punjab,Middle (6-14),2009,74,3,55,6,15,8.072727272727274,1
392216,2,Kings XI Punjab,Powerplay (0-5),2009,45,2,37,6,15,7.297297297297297,1
392217,1,Rajasthan Royals,Death (15-19),2009,41,3,31,4,11,7.935483870967741,0
392217,1,Rajasthan Royals,Middle (6-14),2009,65,3,55,8,23,7.090909090909092,0
392217,1,Rajasthan Royals,Powerplay (0-5),2009,34,1,36,4,20,5.666666666666667,0
392217,2,Chennai Super Kings,Death (15-19),2009,44,1,21,7,5,12.571428571428571,1
392217,2,Chennai Super Kings,Middle (6-14),2009,60,0,57,6,25,6.315789473684211,1
392217,2,Chennai Super Kings,Powerplay (0-5),2009,37,2,38,5,22,5.842105263157895,1
392218,1,Mumbai Indians,Death (15-19),2009,53,0,31,6,3,10.258064516129032,1
392218,1,Mumbai Indians,Middle (6-14),2009,58,1,54,3,16,6.444444444444445,1
392218,1,Mumbai Indians,Powerplay (0-5),2009,46,1,42,5,21,6.571428571428571,1
392218,2,Royal Challengers Bangalore,Death (15-19),2009,41,1,33,3,8,7.454545454545454,0
392218,2,Royal Challengers Bangalore,Middle (6-14),2009,61,4,57,2,19,6.421052631578948,0
392218,2,Royal Challengers Bangalore,Powerplay (0-5),2009,39,2,38,7,22,6.157894736842105,0
392219,1,Kolkata Knight Riders,Death (15-19),2009,46,2,30,5,8,9.2,0
392219,1,Kolkata Knight Riders,Middle (6-14),2009,40,3,56,2,30,4.285714285714286,0
392219,1,Kolkata Knight Riders,Powerplay (0-5),2009,37,3,40,4,21,5.55,0
392219,2,Delhi Daredevils,Death (15-19),2009,25,0,14,3,0,10.714285714285714,1
392219,2,Delhi Daredevils,Middle (6-14),2009,53,3,56,4,23,5.678571428571428,1
392219,2,Delhi Daredevils,Powerplay (0-5),2009,47,0,38,7,20,7.421052631578948,1
392220,1,Deccan Chargers,Death (15-19),2009,58,3,30,7,6,11.6,1
392220,1,Deccan Chargers,Middle (6-14),2009,66,2,54,4,13,7.333333333333333,1
392220,1,Deccan Chargers,Powerplay (0-5),2009,42,2,37,5,18,6.8108108108108105,1
392220,2,Rajasthan Royals,Death (15-19),2009,18,4,27,0,10,4.0,0
392220,2,Rajasthan Royals,Middle (6-14),2009,65,4,55,6,17,7.090909090909092,0
392220,2,Rajasthan Royals,Powerplay (0-5),2009,30,2,38,5,25,4.736842105263158,0
392221,1,Kolkata Knight Riders,Death (15-19),2009,71,1,32,11,6,13.3125,0
392221,1,Kolkata Knight Riders,Middle (6-14),2009,64,1,56,4,15,6.857142857142857,0
392221,1,Kolkata Knight Riders,Powerplay (0-5),2009,38,2,36,7,22,6.333333333333333,0
392221,2,Royal Challengers Bangalore,Death (15-19),2009,57,1,27,8,7,12.666666666666666,1
392221,2,Royal Challengers Bangalore,Middle (6-14),2009,73,3,57,7,18,7.684210526315789,1
392221,2,Royal Challengers Bangalore,Powerplay (0-5),2009,46,0,40,7,19,6.8999999999999995,1
392222,1,Kings XI Punjab,Death (15-19),2009,27,2,34,3,18,4.764705882352941,0
392222,1,Kings XI Punjab,Middle (6-14),2009,41,4,55,2,28,4.472727272727273,0
392222,1,Kings XI Punjab,Powerplay (0-5),2009,51,3,41,8,23,7.463414634146342,0
392222,2,Mumbai Indians,Death (15-19),2009,9,0,10,1,5,5.3999999999999995,1
392222,2,Mumbai Indians,Middle (6-14),2009,71,0,56,9,23,7.607142857142857,1
392222,2,Mumbai Indians,Powerplay (0-5),2009,42,2,38,6,21,6.631578947368421,1
392223,1,Delhi Daredevils,Death (15-19),2009,64,3,31,9,9,12.387096774193548,1
392223,1,Delhi Daredevils,Middle (6-14),2009,53,3,56,4,19,5.678571428571428,1
392223,1,Delhi Daredevils,Powerplay (0-5),2009,56,1,39,9,18,8.615384615384615,1
392223,2,Deccan Chargers,Death (15-19),2009,27,7,28,3,13,5.785714285714286,0
392223,2,Deccan Chargers,Middle (6-14),2009,84,1,56,9,17,9.0,0
392223,2,Deccan Chargers,Powerplay (0-5),2009,50,2,39,8,17,7.6923076923076925,0
392224,1,Chennai Super Kings,Death (15-19),2009,24,6,28,3,14,5.142857142857142,0
392224,1,Chennai Super Kings,Middle (6-14),2009,53,2,54,3,22,5.888888888888889,0
392224,1,Chennai Super Kings,Powerplay (0-5),2009,52,2,37,9,15,8.432432432432432,0
392224,2,Royal Challengers Bangalore,Death (15-19),2009,41,4,29,3,8,8.482758620689655,1
392224,2,Royal Challengers Bangalore,Middle (6-14),2009,58,1,54,7,23,6.444444444444445,1
392224,2,Royal Challengers Bangalore,Powerplay (0-5),2009,33,3,38,5,22,5.210526315789474,1
392225,1,Rajasthan Royals,Death (15-19),2009,22,5,34,1,15,3.8823529411764706,1
392225,1,Rajasthan Royals,Middle (6-14),2009,81,2,54,12,18,9.0,1
392225,1,Rajasthan Royals,Powerplay (0-5),2009,42,0,36,6,18,7.0,1
392225,2,Mumbai Indians,Death (15-19),2009,45,5,32,5,10,8.4375,0
392225,2,Mumbai Indians,Middle (6-14),2009,72,2,59,5,17,7.322033898305084,0
392225,2,Mumbai Indians,Powerplay (0-5),2009,26,3,36,2,20,4.333333333333333,0
392226,1,Delhi Daredevils,Death (15-19),2009,23,5,30,0,13,4.6,0
392226,1,Delhi Daredevils,Middle (6-14),2009,59,2,57,3,21,6.2105263157894735,0
392226,1,Delhi Daredevils,Powerplay (0-5),2009,38,2,40,4,23,5.7,0
392226,2,Kings XI Punjab,Death (15-19),2009,37,1,27,4,13,8.222222222222221,1
392226,2,Kings XI Punjab,Middle (6-14),2009,49,0,55,6,28,5.345454545454546,1
392226,2,Kings XI Punjab,Powerplay (0-5),2009,37,3,40,6,27,5.55,1
392227,1,Mumbai Indians,Death (15-19),2009,51,2,30,5,5,10.2,0
392227,1,Mumbai Indians,Middle (6-14),2009,47,1,54,2,21,5.222222222222222,0
392227,1,Mumbai Indians,Powerplay (0-5),2009,49,2,38,8,19,7.736842105263158,0
392227,2,Chennai Super Kings,Death (15-19),2009,49,0,27,5,6,10.88888888888889,1
392227,2,Chennai Super Kings,Middle (6-14),2009,67,1,56,3,20,7.178571428571428,1
392227,2,Chennai Super Kings,Powerplay (0-5),2009,35,2,37,6,25,5.675675675675675,1
392228,1,Kolkata Knight Riders,Death (15-19),2009,71,3,33,9,8,12.909090909090908,0
392228,1,Kolkata Knight Riders,Middle (6-14),2009,58,1,54,5,18,6.444444444444445,0
392228,1,Kolkata Knight Riders,Powerplay (0-5),2009,31,1,37,3,22,5.027027027027027,0
392228,2,Deccan Chargers,Death (15-19),2009,61,2,33,7,6,11.090909090909092,1
392228,2,Deccan Chargers,Middle (6-14),2009,55,2,54,4,20,6.111111111111111,1
392228,2,Deccan Chargers,Powerplay (0-5),2009,50,0,37,9,21,8.108108108108107,1
392229,1,Kings XI Punjab,Death (15-19),2009,40,3,31,4,11,7.741935483870967,1
392229,1,Kings XI Punjab,Middle (6-14),2009,55,1,55,4,18,6.0,1
392229,1,Kings XI Punjab,Powerplay (0-5),2009,39,3,40,5,21,5.85,1
392229,2,Deccan Chargers,Death (15-19),2009,47,3,32,6,13,8.8125,0
392229,2,Deccan Chargers,Middle (6-14),2009,40,3,56,1,30,4.285714285714286,0
392229,2,Deccan Chargers,Powerplay (0-5),2009,46,2,36,9,21,7.666666666666667,0
392230,1,Delhi Daredevils,Death (15-19),2009,55,1,31,5,4,10.64516129032258,1
392230,1,Delhi Daredevils,Middle (6-14),2009,60,0,55,4,14,6.545454545454546,1
392230,1,Delhi Daredevils,Powerplay (0-5),2009,35,2,38,4,22,5.526315789473684,1
392230,2,Rajasthan Royals,Death (15-19),2009,43,4,32,7,14,8.0625,0
392230,2,Rajasthan Royals,Middle (6-14),2009,69,3,56,5,18,7.392857142857142,0
392230,2,Rajasthan Royals,Powerplay (0-5),2009,24,2,39,2,26,3.6923076923076925,0
392231,1,Chennai Super Kings,Death (15-19),2009,65,1,33,9,7,11.818181818181818,0
392231,1,Chennai Super Kings,Middle (6-14),2009,69,2,57,5,16,7.2631578947368425,0
392231,1,Chennai Super Kings,Powerplay (0-5),2009,54,0,39,8,16,8.307692307692308,0
392231,2,Kolkata Knight Riders,Death (15-19),2009,58,1,30,7,3,11.6,1
392231,2,Kolkata Knight Riders,Middle (6-14),2009,75,1,54,7,20,8.333333333333334,1
392231,2,Kolkata Knight Riders,Powerplay (0-5),2009,56,1,37,11,19,9.08108108108108,1
392232,1,Delhi Daredevils,Death (15-19),2009,45,2,32,2,3,8.4375,0
392232,1,Delhi Daredevils,Middle (6-14),2009,52,2,55,2,14,5.672727272727273,0
392232,1,Delhi Daredevils,Powerplay (0-5),2009,37,3,36,5,19,6.166666666666667,0
392232,2,Royal Challengers Bangalore,Death (15-19),2009,33,0,25,3,9,7.919999999999999,1
392232,2,Royal Challengers Bangalore,Middle (6-14),2009,75,2,55,6,11,8.181818181818182,1
392232,2,Royal Challengers Bangalore,Powerplay (0-5),2009,27,1,36,4,23,4.5,1
392233,1,Rajasthan Royals,Death (15-19),2009,22,2,30,1,13,4.4,0
392233,1,Rajasthan Royals,Middle (6-14),2009,33,3,56,1,31,3.5357142857142856,0
392233,1,Rajasthan Royals,Powerplay (0-5),2009,46,4,37,8,23,7.459459459459459,0
392233,2,Kolkata Knight Riders,Death (15-19),2009,37,0,28,3,8,7.928571428571428,1
392233,2,Kolkata Knight Riders,Middle (6-14),2009,36,3,54,3,32,4.0,1
392233,2,Kolkata Knight Riders,Powerplay (0-5),2009,29,3,37,5,26,4.702702702702703,1
392234,1,Chennai Super Kings,Death (15-19),2009,20,3,31,1,17,3.8709677419354835,1
392234,1,Chennai Super Kings,Middle (6-14),2009,46,5,55,3,25,5.0181818181818185,1
392234,1,Chennai Super Kings,Powerplay (0-5),2009,50,1,36,9,15,8.333333333333334,1
392234,2,Kings XI Punjab,Death (15-19),2009,33,4,31,3,14,6.387096774193548,0
392234,2,Kings XI Punjab,Middle (6-14),2009,30,3,55,0,28,3.272727272727273,0
392234,2,Kings XI Punjab,Powerplay (0-5),2009,29,1,37,3,21,4.702702702702703,0
392235,1,Mumbai Indians,Death (15-19),2009,56,3,32,7,7,10.5,0
392235,1,Mumbai Indians,Middle (6-14),2009,79,2,57,9,21,8.31578947368421,0
392235,1,Mumbai Indians,Powerplay (0-5),2009,30,3,42,4,25,4.285714285714286,0
392235,2,Delhi Daredevils,Death (15-19),2009,20,2,16,3,8,7.5,1
392235,2,Delhi Daredevils,Middle (6-14),2009,86,3,58,10,20,8.896551724137932,1
392235,2,Delhi Daredevils,Powerplay (0-5),2009,60,1,36,10,9,10.0,1
392236,1,Royal Challengers Bangalore,Death (15-19),2009,54,1,30,6,9,10.8,1
392236,1,Royal Challengers Bangalore,Middle (6-14),2009,83,2,55,10,16,9.054545454545455,1
392236,1,Royal Challengers Bangalore,Powerplay (0-5),2009,33,1,36,4,21,5.5,1
392236,2,Deccan Chargers,Death (15-19),2009,39,3,30,3,5,7.8,0
392236,2,Deccan Chargers,Middle (6-14),2009,55,3,58,3,19,5.689655172413794,0
392236,2,Deccan Chargers,Powerplay (0-5),2009,64,0,38,9,17,10.105263157894738,0
392237,1,Delhi Daredevils,Death (15-19),2009,44,5,33,4,9,8.0,0
392237,1,Delhi Daredevils,Middle (6-14),2009,60,1,54,5,18,6.666666666666667,0
392237,1,Delhi Daredevils,Powerplay (0-5),2009,49,2,38,8,21,7.736842105263158,0
392237,2,Deccan Chargers,Death (15-19),2009,8,0,17,0,9,2.8235294117647056,1
392237,2,Deccan Chargers,Middle (6-14),2009,62,3,54,7,20,6.888888888888889,1
392237,2,Deccan Chargers,Powerplay (0-5),2009,84,1,41,14,12,12.292682926829269,1
392238,1,Chennai Super Kings,Death (15-19),2009,39,2,32,3,8,7.3125,0
392238,1,Chennai Super Kings,Middle (6-14),2009,55,3,55,3,21,6.0,0
392238,1,Chennai Super Kings,Powerplay (0-5),2009,52,0,36,9,14,8.666666666666666,0
392238,2,Royal Challengers Bangalore,Death (15-19),2009,39,1,24,5,11,9.75,1
392238,2,Royal Challengers Bangalore,Middle (6-14),2009,51,1,54,4,22,5.666666666666667,1
392238,2,Royal Challengers Bangalore,Powerplay (0-5),2009,59,2,37,11,16,9.567567567567567,1
392239,1,Deccan Chargers,Death (15-19),2009,42,3,31,3,7,8.129032258064516,1
392239,1,Deccan Chargers,Middle (6-14),2009,70,1,56,7,21,7.499999999999999,1
392239,1,Deccan Chargers,Powerplay (0-5),2009,31,2,39,3,21,4.769230769230769,1
392239,2,Royal Challengers Bangalore,Death (15-19),2009,34,3,30,3,14,6.8,0
392239,2,Royal Challengers Bangalore,Middle (6-14),2009,67,5,54,7,22,7.444444444444445,0
392239,2,Royal Challengers Bangalore,Powerplay (0-5),2009,36,1,37,5,23,5.837837837837838,0
419106,1,Kolkata Knight Riders,Death (15-19),2009,69,0,32,10,7,12.9375,1
419106,1,Kolkata Knight Riders,Middle (6-14),2009,54,0,56,4,23,5.785714285714286,1
419106,1,Kolkata Knight Riders,Powerplay (0-5),2009,38,4,39,5,25,5.846153846153846,1
419106,2,Deccan Chargers,Death (15-19),2009,28,3,32,2,15,5.25,0
419106,2,Deccan Chargers,Middle (6-14),2009,60,3,56,5,23,6.428571428571428,0
419106,2,Deccan Chargers,Powerplay (0-5),2009,62,1,39,8,11,9.538461538461538,0
419107,1,Mumbai Indians,Death (15-19),2009,53,4,32,6,7,9.9375,1
419107,1,Mumbai Indians,Middle (6-14),2009,90,2,55,12,14,9.818181818181818,1
419107,1,Mumbai Indians,Powerplay (0-5),2009,69,1,42,11,15,9.857142857142858,1
419107,2,Rajasthan Royals,Death (15-19),2009,65,3,32,8,4,12.1875,0
419107,2,Rajasthan Royals,Middle (6-14),2009,104,2,57,15,14,10.947368421052632,0
419107,2,Rajasthan Royals,Powerplay (0-5),2009,39,2,36,6,17,6.5,0
419108,1,Kings XI Punjab,Death (15-19),2009,29,3,31,2,17,5.612903225806451,0
419108,1,Kings XI Punjab,Middle (6-14),2009,69,3,55,9,17,7.527272727272727,0
419108,1,Kings XI Punjab,Powerplay (0-5),2009,44,3,39,5,23,6.769230769230769,0
419108,2,Delhi Daredevils,Death (15-19),2009,41,1,29,4,7,8.482758620689655,1
419108,2,Delhi Daredevils,Middle (6-14),2009,66,2,54,8,19,7.333333333333333,1
419108,2,Delhi Daredevils,Powerplay (0-5),2009,39,2,38,5,20,6.157894736842105,1
419109,1,Royal Challengers Bangalore,Death (15-19),2009,46,2,30,6,8,9.2,0
419109,1,Royal Challengers Bangalore,Middle (6-14),2009,65,2,55,5,13,7.090909090909092,0
419109,1,Royal Challengers Bangalore,Powerplay (0-5),2009,24,3,37,4,26,3.8918918918918917,0
419109,2,Kolkata Knight Riders,Death (15-19),2009,20,1,26,2,15,4.615384615384616,1
419109,2,Kolkata Knight Riders,Middle (6-14),2009,55,2,59,5,23,5.59322033898305,1
419109,2,Kolkata Knight Riders,Powerplay (0-5),2009,61,0,36,10,13,10.166666666666666,1
419110,1,Deccan Chargers,Death (15-19),2009,63,2,33,9,8,11.454545454545455,1
419110,1,Deccan Chargers,Middle (6-14),2009,70,0,58,8,22,7.241379310344828,1
419110,1,Deccan Chargers,Powerplay (0-5),2009,57,2,40,9,18,8.549999999999999,1
419110,2,Chennai Super Kings,Death (15-19),2009,51,3,32,6,8,9.5625,0
419110,2,Chennai Super Kings,Middle (6-14),2009,74,2,55,7,14,8.072727272727274,0
419110,2,Chennai Super Kings,Powerplay (0-5),2009,34,4,36,4,22,5.666666666666667,0
419111,1,Rajasthan Royals,Death (15-19),2009,50,2,31,6,5,9.67741935483871,0
419111,1,Rajasthan Royals,Middle (6-14),2009,44,1,57,3,29,4.631578947368421,0
419111,1,Rajasthan Royals,Powerplay (0-5),2009,47,3,37,9,20,7.621621621621621,0
419111,2,Delhi Daredevils,Death (15-19),2009,11,0,13,1,7,5.0769230769230775,1
419111,2,Delhi Daredevils,Middle (6-14),2009,71,2,55,7,17,7.745454545454546,1
419111,2,Delhi Daredevils,Powerplay (0-5),2009,60,2,39,9,14,9.23076923076923,1
419112,1,Kings XI Punjab,Death (15-19),2009,70,2,33,11,5,12.727272727272727,0
419112,1,Kings XI Punjab,Middle (6-14),2009,83,1,56,9,15,8.892857142857142,0
419112,1,Kings XI Punjab,Powerplay (0-5),2009,50,0,41,7,19,7.317073170731708,0
419112,2,Royal Challengers Bangalore,Death (15-19),2009,55,0,24,8,4,13.75,1
419112,2,Royal Challengers Bangalore,Middle (6-14),2009,88,2,54,11,17,9.777777777777779,1
419112,2,Royal Challengers Bangalore,Powerplay (0-5),2009,61,0,40,9,17,9.15,1
419113,1,Chennai Super Kings,Death (15-19),2009,68,0,30,10,5,13.6,1
419113,1,Chennai Super Kings,Middle (6-14),2009,65,2,55,5,17,7.090909090909092,1
419113,1,Chennai Super Kings,Powerplay (0-5),2009,31,1,36,5,20,5.166666666666667,1
419113,2,Kolkata Knight Riders,Death (15-19),2009,19,1,26,1,12,4.384615384615385,0
419113,2,Kolkata Knight Riders,Middle (6-14),2009,45,6,56,4,28,4.821428571428571,0
419113,2,Kolkata Knight Riders,Powerplay (0-5),2009,45,3,37,9,21,7.297297297297297,0
419114,1,Mumbai Indians,Death (15-19),2009,53,4,33,7,11,9.636363636363637,1
419114,1,Mumbai Indians,Middle (6-14),2009,98,2,57,10,11,10.31578947368421,1
419114,1,Mumbai Indians,Powerplay (0-5),2009,67,1,37,11,13,10.864864864864865,1
419114,2,Delhi Daredevils,Death (15-19),2009,1,1,9,0,8,0.6666666666666666,0
419114,2,Delhi Daredevils,Middle (6-14),2009,63,7,57,7,27,6.631578947368421,0
419114,2,Delhi Daredevils,Powerplay (0-5),2009,56,1,37,9,10,9.08108108108108,0
419115,1,Rajasthan Royals,Death (15-19),2009,14,6,30,1,22,2.8,0
419115,1,Rajasthan Royals,Middle (6-14),2009,47,3,55,4,25,5.127272727272728,0
419115,1,Rajasthan Royals,Powerplay (0-5),2009,31,1,39,2,20,4.769230769230769,0
419115,2,Royal Challengers Bangalore,Middle (6-14),2009,34,0,31,4,12,6.580645161290322,1
419115,2,Royal Challengers Bangalore,Powerplay (0-5),2009,59,0,40,11,15,8.85,1
419116,1,Delhi Daredevils,Death (15-19),2009,46,2,30,5,7,9.2,0
419116,1,Delhi Daredevils,Middle (6-14),2009,87,3,58,11,13,9.0,0
419116,1,Delhi Daredevils,Powerplay (0-5),2009,52,1,37,10,18,8.432432432432432,0
419116,2,Chennai Super Kings,Death (15-19),2009,37,2,26,4,8,8.538461538461538,1
419116,2,Chennai Super Kings,Middle (6-14),2009,97,2,60,13,18,9.7,1
419116,2,Chennai Super Kings,Powerplay (0-5),2009,56,1,37,11,17,9.08108108108108,1
419117,1,Deccan Chargers,Death (15-19),2009,45,3,30,4,6,9.0,1
419117,1,Deccan Chargers,Middle (6-14),2009,69,3,54,8,17,7.666666666666667,1
419117,1,Deccan Chargers,Powerplay (0-5),2009,56,2,37,8,12,9.08108108108108,1
419117,2,Kings XI Punjab,Death (15-19),2009,66,2,30,10,7,13.2,0
419117,2,Kings XI Punjab,Middle (6-14),2009,71,3,55,8,20,7.745454545454546,0
419117,2,Kings XI Punjab,Powerplay (0-5),2009,27,3,37,5,27,4.378378378378378,0
419118,1,Rajasthan Royals,Death (15-19),2009,44,3,30,4,8,8.8,1
419118,1,Rajasthan Royals,Middle (6-14),2009,68,2,55,8,17,7.418181818181819,1
419118,1,Rajasthan Royals,Powerplay (0-5),2009,56,2,38,10,14,8.842105263157896,1
419118,2,Kolkata Knight Riders,Death (15-19),2009,35,2,31,3,13,6.774193548387096,0
419118,2,Kolkata Knight Riders,Middle (6-14),2009,61,2,54,4,13,6.777777777777778,0
419118,2,Kolkata Knight Riders,Powerplay (0-5),2009,38,1,36,7,20,6.333333333333333,0
419119,1,Mumbai Indians,Death (15-19),2009,49,3,30,7,12,9.8,0
419119,1,Mumbai Indians,Middle (6-14),2009,57,4,54,5,23,6.333333333333333,0
419119,1,Mumbai Indians,Powerplay (0-5),2009,45,2,40,6,20,6.75,0
419119,2,Royal Challengers Bangalore,Death (15-19),2009,38,1,25,4,7,9.12,1
419119,2,Royal Challengers Bangalore,Middle (6-14),2009,62,2,54,7,19,6.888888888888889,1
419119,2,Royal Challengers Bangalore,Powerplay (0-5),2009,55,0,36,9,15,9.166666666666666,1
419120,1,Deccan Chargers,Death (15-19),2009,56,2,30,7,8,11.2,1
419120,1,Deccan Chargers,Middle (6-14),2009,68,2,54,9,19,7.555555555555555,1
419120,1,Deccan Chargers,Powerplay (0-5),2009,47,2,37,8,20,7.621621621621621,1
419120,2,Delhi Daredevils,Death (15-19),2009,45,5,31,6,11,8.709677419354838,0
419120,2,Delhi Daredevils,Middle (6-14),2009,68,3,54,5,13,7.555555555555555,0
419120,2,Delhi Daredevils,Powerplay (0-5),2009,48,1,36,8,17,8.0,0
419121,1,Kings XI Punjab,Death (15-19),2009,38,4,31,5,11,7.354838709677419,0
419121,1,Kings XI Punjab,Middle (6-14),2009,60,3,55,6,22,6.545454545454546,0
419121,1,Kings XI Punjab,Powerplay (0-5),2009,38,1,36,6,19,6.333333333333333,0
419121,2,Chennai Super Kings,Death (15-19),2009,27,3,31,2,15,5.225806451612903,0
419121,2,Chennai Super Kings,Middle (6-14),2009,67,4,57,6,17,7.052631578947368,0
419121,2,Chennai Super Kings,Powerplay (0-5),2009,42,0,40,6,22,6.3,0
419121,3,Chennai Super Kings,Powerplay (0-5),2009,9,2,5,1,2,10.799999999999999,0
419121,4,Kings XI Punjab,Powerplay (0-5),2009,10,1,4,2,2,15.0,0
419122,1,Kolkata Knight Riders,Death (15-19),2009,53,2,31,6,6,10.258064516129032,0
419122,1,Kolkata Knight Riders,Middle (6-14),2009,61,1,56,4,13,6.535714285714286,0
419122,1,Kolkata Knight Riders,Powerplay (0-5),2009,41,0,39,7,25,6.3076923076923075,0
419122,2,Mumbai Indians,Death (15-19),2009,34,1,21,4,3,9.714285714285714,1
419122,2,Mumbai Indians,Middle (6-14),2009,65,2,55,7,18,7.090909090909092,1
419122,2,Mumbai Indians,Powerplay (0-5),2009,57,0,39,11,16,8.76923076923077,1
419123,1,Royal Challengers Bangalore,Death (15-19),2009,67,2,30,9,7,13.4,1
419123,1,Royal Challengers Bangalore,Middle (6-14),2009,66,2,56,7,25,7.071428571428571,1
419123,1,Royal Challengers Bangalore,Powerplay (0-5),2009,38,1,38,6,20,6.0,1
419123,2,Chennai Super Kings,Death (15-19),2009,40,2,31,5,11,7.741935483870967,0
419123,2,Chennai Super Kings,Middle (6-14),2009,66,4,55,9,23,7.2,0
419123,2,Chennai Super Kings,Powerplay (0-5),2009,29,1,40,3,22,4.35,0
419124,1,Rajasthan Royals,Death (15-19),2009,50,2,30,7,9,10.0,1
419124,1,Rajasthan Royals,Middle (6-14),2009,80,2,58,8,14,8.275862068965518,1
419124,1,Rajasthan Royals,Powerplay (0-5),2009,53,1,39,9,17,8.153846153846153,1
419124,2,Kings XI Punjab,Death (15-19),2009,25,4,26,2,12,5.76923076923077,0
419124,2,Kings XI Punjab,Middle (6-14),2009,51,5,55,2,18,5.563636363636364,0
419124,2,Kings XI Punjab,Powerplay (0-5),2009,76,1,38,13,10,12.0,0
419125,1,Chennai Super Kings,Death (15-19),2009,54,0,32,6,2,10.125,0
419125,1,Chennai Super Kings,Middle (6-14),2009,75,0,58,8,16,7.758620689655173,0
419125,1,Chennai Super Kings,Powerplay (0-5),2009,51,2,40,7,17,7.6499999999999995,0
419125,2,Mumbai Indians,Death (15-19),2009,48,2,24,8,6,12.0,1
419125,2,Mumbai Indians,Middle (6-14),2009,70,3,55,6,19,7.636363636363637,1
419125,2,Mumbai Indians,Powerplay (0-5),2009,63,0,41,8,14,9.219512195121952,1
419126,1,Deccan Chargers,Death (15-19),2009,40,3,32,3,11,7.5,0
419126,1,Deccan Chargers,Middle (6-14),2009,53,4,56,3,18,5.678571428571428,0
419126,1,Deccan Chargers,Powerplay (0-5),2009,55,2,39,8,15,8.461538461538462,0
419126,2,Rajasthan Royals,Death (15-19),2009,12,0,4,2,2,18.0,1
419126,2,Rajasthan Royals,Middle (6-14),2009,85,2,57,9,18,8.947368421052632,1
419126,2,Rajasthan Royals,Powerplay (0-5),2009,54,0,36,9,16,9.0,1
419127,1,Kolkata Knight Riders,Death (15-19),2009,57,2,33,7,5,10.363636363636363,1
419127,1,Kolkata Knight Riders,Middle (6-14),2009,76,1,57,8,15,8.0,1
419127,1,Kolkata Knight Riders,Powerplay (0-5),2009,50,2,40,8,22,7.5,1
419127,2,Kings XI Punjab,Death (15-19),2009,42,1,31,5,10,8.129032258064516,0
419127,2,Kings XI Punjab,Middle (6-14),2009,60,3,55,5,17,6.545454545454546,0
419127,2,Kings XI Punjab,Powerplay (0-5),2009,42,2,39,6,19,6.461538461538462,0
419128,1,Delhi Daredevils,Death (15-19),2009,55,1,34,6,9,9.705882352941176,1
419128,1,Delhi Daredevils,Middle (6-14),2009,64,1,56,5,12,6.857142857142857,1
419128,1,Delhi Daredevils,Powerplay (0-5),2009,64,2,37,9,11,10.378378378378377,1
419128,2,Royal Challengers Bangalore,Death (15-19),2009,45,4,31,5,8,8.709677419354838,0
419128,2,Royal Challengers Bangalore,Middle (6-14),2009,75,5,56,8,13,8.035714285714285,0
419128,2,Royal Challengers Bangalore,Powerplay (0-5),2009,46,0,38,5,15,7.2631578947368425,0
419129,1,Rajasthan Royals,Death (15-19),2009,48,5,30,7,9,9.6,1
419129,1,Rajasthan Royals,Middle (6-14),2009,71,2,54,6,12,7.888888888888889,1
419129,1,Rajasthan Royals,Powerplay (0-5),2009,58,1,38,9,16,9.157894736842106,1
419129,2,Chennai Super Kings,Death (15-19),2009,41,3,31,4,12,7.935483870967741,0
419129,2,Chennai Super Kings,Middle (6-14),2009,61,2,56,5,14,6.535714285714286,0
419129,2,Chennai Super Kings,Powerplay (0-5),2009,58,1,36,8,13,9.666666666666666,0
419130,1,Mumbai Indians,Death (15-19),2009,72,1,32,13,7,13.5,1
419130,1,Mumbai Indians,Middle (6-14),2009,48,5,57,5,25,5.052631578947368,1
419130,1,Mumbai Indians,Powerplay (0-5),2009,52,1,40,9,21,7.8,1
419130,2,Deccan Chargers,Death (15-19),2009,9,3,16,0,9,3.375,0
419130,2,Deccan Chargers,Middle (6-14),2009,72,3,56,8,19,7.7142857142857135,0
419130,2,Deccan Chargers,Powerplay (0-5),2009,50,4,38,7,22,7.894736842105264,0
419131,1,Delhi Daredevils,Death (15-19),2009,42,1,30,4,7,8.4,1
419131,1,Delhi Daredevils,Middle (6-14),2009,73,0,55,7,13,7.963636363636364,1
419131,1,Delhi Daredevils,Powerplay (0-5),2009,62,3,39,11,14,9.538461538461538,1
419131,2,Kolkata Knight Riders,Death (15-19),2009,39,4,31,3,8,7.548387096774193,0
419131,2,Kolkata Knight Riders,Middle (6-14),2009,62,2,57,6,19,6.526315789473684,0
419131,2,Kolkata Knight Riders,Powerplay (0-5),2009,36,3,38,5,22,5.684210526315789,0
419132,1,Kings XI Punjab,Death (15-19),2009,45,6,34,5,11,7.941176470588235,0
419132,1,Kings XI Punjab,Middle (6-14),2009,70,2,56,5,10,7.499999999999999,0
419132,1,Kings XI Punjab,Powerplay (0-5),2009,48,2,37,5,20,7.783783783783783,0
419132,2,Mumbai Indians,Death (15-19),2009,46,3,30,5,7,9.2,1
419132,2,Mumbai Indians,Middle (6-14),2009,73,2,56,7,17,7.821428571428571,1
419132,2,Mumbai Indians,Powerplay (0-5),2009,45,1,38,6,18,7.105263157894737,1
419133,1,Royal Challengers Bangalore,Death (15-19),2009,44,2,30,6,10,8.8,0
419133,1,Royal Challengers Bangalore,Middle (6-14),2009,65,1,55,7,16,7.090909090909092,0
419133,1,Royal Challengers Bangalore,Powerplay (0-5),2009,52,1,39,8,16,8.0,0
419133,2,Chennai Super Kings,Death (15-19),2009,37,3,27,3,8,8.222222222222221,1
419133,2,Chennai Super Kings,Middle (6-14),2009,69,2,54,7,19,7.666666666666667,1
419133,2,Chennai Super Kings,Powerplay (0-5),2009,56,0,36,7,14,9.333333333333334,1
419134,1,Delhi Daredevils,Death (15-19),2009,68,2,31,9,7,13.161290322580644,1
419134,1,Delhi Daredevils,Middle (6-14),2009,68,1,55,6,13,7.418181818181819,1
419134,1,Delhi Daredevils,Powerplay (0-5),2009,52,3,38,8,18,8.210526315789474,1
419134,2,Rajasthan Royals,Death (15-19),2009,14,2,16,1,8,5.25,0
419134,2,Rajasthan Royals,Middle (6-14),2009,68,4,56,8,25,7.285714285714286,0
419134,2,Rajasthan Royals,Powerplay (0-5),2009,39,4,37,6,19,6.324324324324324,0
419135,1,Kolkata Knight Riders,Death (15-19),2009,65,3,33,9,9,11.818181818181818,1
419135,1,Kolkata Knight Riders,Middle (6-14),2009,70,1,56,8,19,7.499999999999999,1
419135,1,Kolkata Knight Riders,Powerplay (0-5),2009,46,2,37,7,20,7.459459459459459,1
419135,2,Deccan Chargers,Death (15-19),2009,32,2,31,2,11,6.193548387096774,0
419135,2,Deccan Chargers,Middle (6-14),2009,66,2,56,7,16,7.071428571428571,0
419135,2,Deccan Chargers,Powerplay (0-5),2009,59,1,38,11,16,9.31578947368421,0
419136,1,Kings XI Punjab,Death (15-19),2009,62,2,32,7,5,11.625,0
419136,1,Kings XI Punjab,Middle (6-14),2009,78,2,56,8,14,8.357142857142856,0
419136,1,Kings XI Punjab,Powerplay (0-5),2009,41,1,36,8,19,6.833333333333333,0
419136,2,Royal Challengers Bangalore,Death (15-19),2009,62,2,27,8,3,13.777777777777779,1
419136,2,Royal Challengers Bangalore,Middle (6-14),2009,71,1,54,6,13,7.888888888888889,1
419136,2,Royal Challengers Bangalore,Powerplay (0-5),2009,51,1,37,7,12,8.27027027027027,1
419137,1,Chennai Super Kings,Death (15-19),2009,76,3,31,12,8,14.709677419354838,1
419137,1,Chennai Super Kings,Middle (6-14),2009,104,1,55,12,14,11.345454545454546,1
419137,1,Chennai Super Kings,Powerplay (0-5),2009,66,1,36,12,13,11.0,1
419137,2,Rajasthan Royals,Death (15-19),2009,48,3,32,6,11,9.0,0
419137,2,Rajasthan Royals,Middle (6-14),2009,113,2,56,17,14,12.107142857142856,0
419137,2,Rajasthan Royals,Powerplay (0-5),2009,62,0,37,10,16,10.054054054054054,0
419138,1,Mumbai Indians,Death (15-19),2009,64,2,31,9,5,12.387096774193548,1
419138,1,Mumbai Indians,Middle (6-14),2009,61,3,54,6,22,6.777777777777778,1
419138,1,Mumbai Indians,Powerplay (0-5),2009,53,0,39,6,10,8.153846153846153,1
419138,2,Deccan Chargers,Death (15-19),2009,17,4,21,2,13,4.857142857142857,0
419138,2,Deccan Chargers,Middle (6-14),2009,58,4,57,2,16,6.105263157894737,0
419138,2,Deccan Chargers,Powerplay (0-5),2009,40,2,36,5,17,6.666666666666667,0
419139,1,Kolkata Knight Riders,Death (15-19),2009,51,2,32,6,5,9.5625,0
419139,1,Kolkata Knight Riders,Middle (6-14),2009,96,1,56,11,15,10.285714285714285,0
419139,1,Kolkata Knight Riders,Powerplay (0-5),2009,53,0,39,9,18,8.153846153846153,0
419139,2,Kings XI Punjab,Death (15-19),2009,48,0,20,7,2,14.399999999999999,1
419139,2,Kings XI Punjab,Middle (6-14),2009,87,1,55,11,12,9.490909090909092,1
419139,2,Kings XI Punjab,Powerplay (0-5),2009,69,1,37,11,7,11.18918918918919,1
419140,1,Delhi Daredevils,Death (15-19),2009,59,0,30,8,10,11.8,1
419140,1,Delhi Daredevils,Middle (6-14),2009,71,3,56,7,20,7.607142857142857,1
419140,1,Delhi Daredevils,Powerplay (0-5),2009,54,2,37,10,19,8.756756756756756,1
419140,2,Royal Challengers Bangalore,Death (15-19),2009,36,5,30,4,8,7.2,0
419140,2,Royal Challengers Bangalore,Middle (6-14),2009,73,3,54,6,14,8.11111111111111,0
419140,2,Royal Challengers Bangalore,Powerplay (0-5),2009,38,1,37,5,19,6.162162162162162,0
419141,1,Rajasthan Royals,Death (15-19),2009,31,6,31,5,17,6.0,1
419141,1,Rajasthan Royals,Middle (6-14),2009,80,2,55,7,10,8.727272727272728,1
419141,1,Rajasthan Royals,Powerplay (0-5),2009,48,2,37,6,20,7.783783783783783,1
419141,2,Deccan Chargers,Death (15-19),2009,39,6,30,5,11,7.8,0
419141,2,Deccan Chargers,Middle (6-14),2009,66,2,55,7,21,7.2,0
419141,2,Deccan Chargers,Powerplay (0-5),2009,52,2,41,8,20,7.609756097560976,0
419142,1,Chennai Super Kings,Death (15-19),2009,41,0,31,4,7,7.935483870967741,1
419142,1,Chennai Super Kings,Middle (6-14),2009,82,3,59,7,11,8.338983050847457,1
419142,1,Chennai Super Kings,Powerplay (0-5),2009,42,1,38,5,20,6.631578947368421,1
419142,2,Mumbai Indians,Death (15-19),2009,49,2,33,5,13,8.909090909090908,0
419142,2,Mumbai Indians,Middle (6-14),2009,46,7,58,2,24,4.758620689655173,0
419142,2,Mumbai Indians,Powerplay (0-5),2009,46,0,38,7,14,7.2631578947368425,0
419143,1,Kings XI Punjab,Death (15-19),2009,27,2,31,0,8,5.225806451612903,0
419143,1,Kings XI Punjab,Middle (6-14),2009,74,3,56,9,16,7.928571428571428,0
419143,1,Kings XI Punjab,Powerplay (0-5),2009,52,1,39,8,17,8.0,0
419143,2,Rajasthan Royals,Middle (6-14),2009,87,1,57,12,18,9.157894736842104,1
419143,2,Rajasthan Royals,Powerplay (0-5),2009,70,0,40,13,16,10.5,1
419144,1,Kolkata Knight Riders,Death (15-19),2009,55,0,30,7,8,11.0,1
419144,1,Kolkata Knight Riders,Middle (6-14),2009,76,3,56,7,13,8.142857142857142,1
419144,1,Kolkata Knight Riders,Powerplay (0-5),2009,50,0,40,9,18,7.5,1
419144,2,Delhi Daredevils,Death (15-19),2009,32,4,31,3,10,6.193548387096774,0
419144,2,Delhi Daredevils,Middle (6-14),2009,91,3,56,11,12,9.75,0
419144,2,Delhi Daredevils,Powerplay (0-5),2009,44,1,37,6,18,7.135135135135135,0
419145,1,Royal Challengers Bangalore,Death (15-19),2009,77,2,31,13,7,14.903225806451612,0
419145,1,Royal Challengers Bangalore,Middle (6-14),2009,61,3,57,4,20,6.421052631578948,0
419145,1,Royal Challengers Bangalore,Powerplay (0-5),2009,46,1,42,6,20,6.571428571428571,0
419145,2,Deccan Chargers,Death (15-19),2009,61,0,27,8,2,13.555555555555555,1
419145,2,Deccan Chargers,Middle (6-14),2009,93,2,57,12,13,9.789473684210526,1
419145,2,Deccan Chargers,Powerplay (0-5),2009,32,1,37,5,21,5.189189189189189,1
419146,1,Mumbai Indians,Death (15-19),2009,45,4,31,5,7,8.709677419354838,0
419146,1,Mumbai Indians,Middle (6-14),2009,58,3,54,4,17,6.444444444444445,0
419146,1,Mumbai Indians,Powerplay (0-5),2009,51,2,36,8,12,8.5,0
419146,2,Kings XI Punjab,Death (15-19),2009,42,2,27,6,9,9.333333333333334,1
419146,2,Kings XI Punjab,Middle (6-14),2009,60,1,56,6,18,6.428571428571428,1
419146,2,Kings XI Punjab,Powerplay (0-5),2009,56,1,36,11,16,9.333333333333334,1
419147,1,Chennai Super Kings,Death (15-19),2009,28,4,30,1,12,5.6,0
419147,1,Chennai Super Kings,Middle (6-14),2009,55,3,55,3,20,6.0,0
419147,1,Chennai Super Kings,Powerplay (0-5),2009,55,1,38,8,13,8.68421052631579,0
419147,2,Deccan Chargers,Death (15-19),2009,37,1,28,3,7,7.928571428571428,1
419147,2,Deccan Chargers,Middle (6-14),2009,65,1,54,7,24,7.222222222222222,1
419147,2,Deccan Chargers,Powerplay (0-5),2009,37,2,39,4,21,5.6923076923076925,1
419148,1,Kolkata Knight Riders,Death (15-19),2009,36,5,32,3,13,6.75,0
419148,1,Kolkata Knight Riders,Middle (6-14),2009,63,3,55,8,26,6.872727272727273,0
419148,1,Kolkata Knight Riders,Powerplay (0-5),2009,61,1,39,10,14,9.384615384615385,0
419148,2,Royal Challengers Bangalore,Death (15-19),2009,42,0,14,8,3,18.0,1
419148,2,Royal Challengers Bangalore,Middle (6-14),2009,72,2,55,6,18,7.854545454545455,1
419148,2,Royal Challengers Bangalore,Powerplay (0-5),2009,48,1,37,6,13,7.783783783783783,1
419149,1,Delhi Daredevils,Death (15-19),2009,30,3,31,1,8,5.806451612903225,0
419149,1,Delhi Daredevils,Middle (6-14),2009,36,4,56,1,30,3.8571428571428568,0
419149,1,Delhi Daredevils,Powerplay (0-5),2009,45,3,39,6,22,6.923076923076923,0
419149,2,Kings XI Punjab,Death (15-19),2009,24,1,22,4,10,6.545454545454546,1
419149,2,Kings XI Punjab,Middle (6-14),2009,49,2,55,4,23,5.345454545454546,1
419149,2,Kings XI Punjab,Powerplay (0-5),2009,39,0,36,5,16,6.5,1
419150,1,Mumbai Indians,Death (15-19),2009,68,1,32,11,7,12.75,1
419150,1,Mumbai Indians,Middle (6-14),2009,59,1,57,4,17,6.2105263157894735,1
419150,1,Mumbai Indians,Powerplay (0-5),2009,47,3,39,8,18,7.230769230769231,1
419150,2,Rajasthan Royals,Death (15-19),2009,48,1,31,5,8,9.29032258064516,0
419150,2,Rajasthan Royals,Middle (6-14),2009,55,4,55,3,17,6.0,0
419150,2,Rajasthan Royals,Powerplay (0-5),2009,34,3,37,4,22,5.513513513513513,0
419151,1,Deccan Chargers,Death (15-19),2009,40,2,32,3,8,7.5,1
419151,1,Deccan Chargers,Middle (6-14),2009,76,1,55,9,18,8.290909090909091,1
419151,1,Deccan Chargers,Powerplay (0-5),2009,35,3,37,4,22,5.675675675675675,1
419151,2,Royal Challengers Bangalore,Death (15-19),2009,36,6,31,2,13,6.967741935483871,0
419151,2,Royal Challengers Bangalore,Middle (6-14),2009,64,3,56,5,13,6.857142857142857,0
419151,2,Royal Challengers Bangalore,Powerplay (0-5),2009,38,1,38,5,21,6.0,0
419152,1,Mumbai Indians,Death (15-19),2009,75,1,31,11,4,14.516129032258064,1
419152,1,Mumbai Indians,Middle (6-14),2009,64,2,54,5,15,7.111111111111111,1
419152,1,Mumbai Indians,Powerplay (0-5),2009,44,1,40,5,19,6.6,1
419152,2,Delhi Daredevils,Death (15-19),2009,36,1,31,1,5,6.967741935483871,0
419152,2,Delhi Daredevils,Middle (6-14),2009,39,5,54,0,18,4.333333333333333,0
419152,2,Delhi Daredevils,Powerplay (0-5),2009,69,1,37,12,12,11.18918918918919,0
419153,1,Kolkata Knight Riders,Death (15-19),2009,46,3,33,5,12,8.363636363636363,0
419153,1,Kolkata Knight Riders,Middle (6-14),2009,71,1,56,6,19,7.607142857142857,0
419153,1,Kolkata Knight Riders,Powerplay (0-5),2009,22,4,37,3,28,3.5675675675675675,0
419153,2,Chennai Super Kings,Middle (6-14),2009,76,0,47,10,15,9.702127659574469,1
419153,2,Chennai Super Kings,Powerplay (0-5),2009,67,1,39,10,14,10.307692307692308,1
419154,1,Rajasthan Royals,Death (15-19),2009,43,0,30,4,6,8.6,0
419154,1,Rajasthan Royals,Middle (6-14),2009,57,3,56,7,30,6.107142857142857,0
419154,1,Rajasthan Royals,Powerplay (0-5),2009,30,3,37,4,22,4.864864864864865,0
419154,2,Royal Challengers Bangalore,Death (15-19),2009,8,0,4,1,1,12.0,1
419154,2,Royal Challengers Bangalore,Middle (6-14),2009,65,3,54,8,24,7.222222222222222,1
419154,2,Royal Challengers Bangalore,Powerplay (0-5),2009,59,2,36,13,19,9.833333333333334,1
419155,1,Chennai Super Kings,Death (15-19),2009,38,2,34,4,13,6.705882352941176,0
419155,1,Chennai Super Kings,Middle (6-14),2009,35,4,54,2,28,3.888888888888889,0
419155,1,Chennai Super Kings,Powerplay (0-5),2009,39,3,38,5,22,6.157894736842105,0
419155,2,Delhi Daredevils,Death (15-19),2009,33,0,22,5,8,9.0,1
419155,2,Delhi Daredevils,Middle (6-14),2009,47,1,57,1,24,4.947368421052632,1
419155,2,Delhi Daredevils,Powerplay (0-5),2009,33,3,37,2,18,5.351351351351351,1
419156,1,Kings XI Punjab,Death (15-19),2009,76,1,32,13,5,14.25,0
419156,1,Kings XI Punjab,Middle (6-14),2009,55,1,55,6,25,6.0,0
419156,1,Kings XI Punjab,Powerplay (0-5),2009,43,1,38,8,22,6.7894736842105265,0
419156,2,Deccan Chargers,Death (15-19),2009,47,1,26,5,3,10.846153846153847,1
419156,2,Deccan Chargers,Middle (6-14),2009,86,3,57,11,18,9.052631578947368,1
419156,2,Deccan Chargers,Powerplay (0-5),2009,45,1,39,8,20,6.923076923076923,1
419157,1,Mumbai Indians,Death (15-19),2009,53,2,30,7,6,10.6,1
419157,1,Mumbai Indians,Middle (6-14),2009,104,1,58,13,18,10.758620689655173,1
419157,1,Mumbai Indians,Powerplay (0-5),2009,34,1,38,4,19,5.368421052631579,1
419157,2,Royal Challengers Bangalore,Death (15-19),2009,36,3,31,5,12,6.967741935483871,0
419157,2,Royal Challengers Bangalore,Middle (6-14),2009,64,4,55,5,13,6.981818181818182,0
419157,2,Royal Challengers Bangalore,Powerplay (0-5),2009,34,2,36,3,17,5.666666666666667,0
419158,1,Rajasthan Royals,Death (15-19),2009,31,4,31,2,10,6.0,0
419158,1,Rajasthan Royals,Middle (6-14),2009,55,5,54,6,22,6.111111111111111,0
419158,1,Rajasthan Royals,Powerplay (0-5),2009,46,0,36,8,17,7.666666666666667,0
419158,2,Kolkata Knight Riders,Death (15-19),2009,15,0,7,2,1,12.857142857142856,1
419158,2,Kolkata Knight Riders,Middle (6-14),2009,76,0,57,10,17,8.0,1
419158,2,Kolkata Knight Riders,Powerplay (0-5),2009,42,2,40,8,22,6.3,1
419159,1,Kings XI Punjab,Death (15-19),2009,61,0,30,8,5,12.2,0
419159,1,Kings XI Punjab,Middle (6-14),2009,82,2,55,11,14,8.945454545454545,0
419159,1,Kings XI Punjab,Powerplay (0-5),2009,49,1,38,8,19,7.736842105263158,0
419159,2,Chennai Super Kings,Death (15-19),2009,65,1,29,9,4,13.448275862068966,1
419159,2,Chennai Super Kings,Middle (6-14),2009,81,1,56,11,17,8.678571428571429,1
419159,2,Chennai Super Kings,Powerplay (0-5),2009,49,2,38,9,19,7.736842105263158,1
419160,1,Deccan Chargers,Death (15-19),2009,28,2,30,2,12,5.6,1
419160,1,Deccan Chargers,Middle (6-14),2009,79,3,55,11,20,8.618181818181819,1
419160,1,Deccan Chargers,Powerplay (0-5),2009,38,2,36,5,17,6.333333333333333,1
419160,2,Delhi Daredevils,Death (15-19),2009,48,1,31,5,10,9.29032258064516,0
419160,2,Delhi Daredevils,Middle (6-14),2009,47,3,56,2,20,5.035714285714286,0
419160,2,Delhi Daredevils,Powerplay (0-5),2009,39,3,36,7,18,6.5,0
419161,1,Mumbai Indians,Death (15-19),2009,47,4,31,6,9,9.096774193548386,0
419161,1,Mumbai Indians,Middle (6-14),2009,44,2,54,3,24,4.888888888888889,0
419161,1,Mumbai Indians,Powerplay (0-5),2009,42,2,37,5,15,6.8108108108108105,0
419161,2,Kolkata Knight Riders,Death (15-19),2009,28,0,16,2,2,10.5,1
419161,2,Kolkata Knight Riders,Middle (6-14),2009,63,1,57,7,22,6.631578947368421,1
419161,2,Kolkata Knight Riders,Powerplay (0-5),2009,44,0,38,7,21,6.947368421052632,1
419162,1,Mumbai Indians,Death (15-19),2009,77,1,33,10,6,14.0,1
419162,1,Mumbai Indians,Middle (6-14),2009,53,2,54,3,18,5.888888888888889,1
419162,1,Mumbai Indians,Powerplay (0-5),2009,54,2,40,8,18,8.1,1
419162,2,Royal Challengers Bangalore,Death (15-19),2009,31,2,32,2,10,5.8125,0
419162,2,Royal Challengers Bangalore,Middle (6-14),2009,74,6,60,6,17,7.4,0
419162,2,Royal Challengers Bangalore,Powerplay (0-5),2009,44,1,36,7,18,7.333333333333333,0
419163,1,Chennai Super Kings,Death (15-19),2009,46,2,30,5,12,9.2,1
419163,1,Chennai Super Kings,Middle (6-14),2009,57,2,54,5,19,6.333333333333333,1
419163,1,Chennai Super Kings,Powerplay (0-5),2009,39,3,39,5,22,6.0,1
419163,2,Deccan Chargers,Death (15-19),2009,23,5,26,3,15,5.307692307692308,0
419163,2,Deccan Chargers,Middle (6-14),2009,58,3,56,5,25,6.2142857142857135,0
419163,2,Deccan Chargers,Powerplay (0-5),2009,23,2,36,3,26,3.8333333333333335,0
419164,1,Deccan Chargers,Death (15-19),2009,4,5,21,0,17,1.1428571428571428,0
419164,1,Deccan Chargers,Middle (6-14),2009,51,2,55,6,27,5.563636363636364,0
419164,1,Deccan Chargers,Powerplay (0-5),2009,27,3,38,4,25,4.2631578947368425,0
419164,2,Royal Challengers Bangalore,Middle (6-14),2009,53,1,47,6,18,6.765957446808511,1
419164,2,Royal Challengers Bangalore,Powerplay (0-5),2009,33,0,37,5,21,5.351351351351351,1
419165,1,Chennai Super Kings,Death (15-19),2009,60,2,32,7,10,11.25,1
419165,1,Chennai Super Kings,Middle (6-14),2009,68,3,55,7,17,7.418181818181819,1
419165,1,Chennai Super Kings,Powerplay (0-5),2009,40,0,37,5,20,6.486486486486486,1
419165,2,Mumbai Indians,Death (15-19),2009,45,4,31,5,9,8.709677419354838,0
419165,2,Mumbai Indians,Middle (6-14),2009,68,4,56,7,23,7.285714285714286,0
419165,2,Mumbai Indians,Powerplay (0-5),2009,33,1,38,5,20,5.210526315789474,0
501198,1,Chennai Super Kings,Death (15-19),2011,46,2,30,5,8,9.2,1
501198,1,Chennai Super Kings,Middle (6-14),2011,62,1,54,5,11,6.888888888888889,1
501198,1,Chennai Super Kings,Powerplay (0-5),2011,45,1,37,8,17,7.297297297297297,1
501198,2,Kolkata Knight Riders,Death (15-19),2011,40,5,30,5,13,8.0,0
501198,2,Kolkata Knight Riders,Middle (6-14),2011,59,2,55,5,15,6.4363636363636365,0
501198,2,Kolkata Knight Riders,Powerplay (0-5),2011,52,0,38,7,13,8.210526315789474,0
501199,1,Deccan Chargers,Death (15-19),2011,47,3,30,6,8,9.4,0
501199,1,Deccan Chargers,Middle (6-14),2011,46,3,55,2,23,5.0181818181818185,0
501199,1,Deccan Chargers,Powerplay (0-5),2011,44,2,36,7,19,7.333333333333333,0
501199,2,Rajasthan Royals,Death (15-19),2011,48,0,24,7,7,12.0,1
501199,2,Rajasthan Royals,Middle (6-14),2011,62,1,54,6,16,6.888888888888889,1
501199,2,Rajasthan Royals,Powerplay (0-5),2011,31,1,38,5,26,4.894736842105264,1
501200,1,Kochi Tuskers Kerala,Death (15-19),2011,37,3,30,4,11,7.4,0
501200,1,Kochi Tuskers Kerala,Middle (6-14),2011,63,2,57,5,16,6.631578947368421,0
501200,1,Kochi Tuskers Kerala,Powerplay (0-5),2011,61,0,37,9,15,9.891891891891891,0
501200,2,Royal Challengers Bangalore,Death (15-19),2011,44,1,23,6,4,11.478260869565217,1
501200,2,Royal Challengers Bangalore,Middle (6-14),2011,70,1,58,7,21,7.241379310344828,1
501200,2,Royal Challengers Bangalore,Powerplay (0-5),2011,48,2,40,6,17,7.199999999999999,1
501201,1,Delhi Daredevils,Death (15-19),2011,8,4,17,1,12,2.8235294117647056,0
501201,1,Delhi Daredevils,Middle (6-14),2011,49,3,56,4,21,5.25,0
501201,1,Delhi Daredevils,Powerplay (0-5),2011,38,3,37,6,22,6.162162162162162,0
501201,2,Mumbai Indians,Death (15-19),2011,14,0,13,2,5,6.461538461538462,1
501201,2,Mumbai Indians,Middle (6-14),2011,54,1,56,5,24,5.785714285714286,1
501201,2,Mumbai Indians,Powerplay (0-5),2011,31,1,39,2,18,4.769230769230769,1
501202,1,Kings XI Punjab,Death (15-19),2011,44,2,33,5,8,8.0,0
501202,1,Kings XI Punjab,Middle (6-14),2011,32,1,55,2,32,3.490909090909091,0
501202,1,Kings XI Punjab,Powerplay (0-5),2011,36,5,37,6,25,5.837837837837838,0
501202,2,Pune Warriors,Middle (6-14),2011,69,2,45,11,16,9.2,1
501202,2,Pune Warriors,Powerplay (0-5),2011,44,1,37,7,21,7.135135135135135,1
501203,1,Kolkata Knight Riders,Death (15-19),2011,45,2,32,7,10,8.4375,1
501203,1,Kolkata Knight Riders,Middle (6-14),2011,72,2,55,8,23,7.854545454545455,1
501203,1,Kolkata Knight Riders,Powerplay (0-5),2011,46,0,36,8,16,7.666666666666667,1
501203,2,Deccan Chargers,Death (15-19),2011,53,3,32,6,9,9.9375,0
501203,2,Deccan Chargers,Middle (6-14),2011,71,3,55,8,16,7.745454545454546,0
501203,2,Deccan Chargers,Powerplay (0-5),2011,30,2,37,4,20,4.864864864864865,0
501204,1,Delhi Daredevils,Death (15-19),2011,62,2,32,10,12,11.625,0
501204,1,Delhi Daredevils,Middle (6-14),2011,59,2,54,6,23,6.555555555555555,0
501204,1,Delhi Daredevils,Powerplay (0-5),2011,30,2,38,4,26,4.736842105263158,0
501204,2,Rajasthan Royals,Death (15-19),2011,31,1,21,3,5,8.857142857142858,1
501204,2,Rajasthan Royals,Middle (6-14),2011,64,2,54,7,22,7.111111111111111,1
501204,2,Rajasthan Royals,Powerplay (0-5),2011,57,1,39,9,21,8.76923076923077,1
501205,1,Royal Challengers Bangalore,Death (15-19),2011,49,2,31,6,12,9.483870967741934,0
501205,1,Royal Challengers Bangalore,Middle (6-14),2011,67,0,56,7,13,7.178571428571428,0
501205,1,Royal Challengers Bangalore,Powerplay (0-5),2011,24,2,37,2,23,3.8918918918918917,0
501205,2,Mumbai Indians,Death (15-19),2011,27,0,21,4,7,7.714285714285714,1
501205,2,Mumbai Indians,Middle (6-14),2011,76,0,55,10,12,8.290909090909091,1
501205,2,Mumbai Indians,Powerplay (0-5),2011,40,1,37,6,22,6.486486486486486,1
501206,1,Chennai Super Kings,Death (15-19),2011,62,1,31,8,3,12.0,0
501206,1,Chennai Super Kings,Middle (6-14),2011,95,1,55,13,12,10.363636363636365,0
501206,1,Chennai Super Kings,Powerplay (0-5),2011,31,2,36,3,25,5.166666666666667,0
501206,2,Kings XI Punjab,Death (15-19),2011,55,0,25,9,3,13.2,1
501206,2,Kings XI Punjab,Middle (6-14),2011,73,3,54,9,14,8.11111111111111,1
501206,2,Kings XI Punjab,Powerplay (0-5),2011,65,1,37,11,9,10.54054054054054,1
501207,1,Kochi Tuskers Kerala,Death (15-19),2011,37,4,31,3,13,7.161290322580645,0
501207,1,Kochi Tuskers Kerala,Middle (6-14),2011,74,0,56,7,22,7.928571428571428,0
501207,1,Kochi Tuskers Kerala,Powerplay (0-5),2011,37,4,36,7,21,6.166666666666667,0
501207,2,Pune Warriors,Death (15-19),2011,36,1,26,4,9,8.307692307692308,1
501207,2,Pune Warriors,Middle (6-14),2011,71,4,57,7,18,7.473684210526316,1
501207,2,Pune Warriors,Powerplay (0-5),2011,44,1,40,6,19,6.6,1
501208,1,Deccan Chargers,Death (15-19),2011,61,2,30,9,6,12.2,1
501208,1,Deccan Chargers,Middle (6-14),2011,73,2,55,8,16,7.963636363636364,1
501208,1,Deccan Chargers,Powerplay (0-5),2011,41,1,40,6,21,6.1499999999999995,1
501208,2,Royal Challengers Bangalore,Death (15-19),2011,50,4,33,6,12,9.090909090909092,0
501208,2,Royal Challengers Bangalore,Middle (6-14),2011,64,2,55,6,20,6.981818181818182,0
501208,2,Royal Challengers Bangalore,Powerplay (0-5),2011,28,3,37,3,22,4.54054054054054,0
501209,1,Rajasthan Royals,Death (15-19),2011,57,1,31,5,8,11.032258064516128,0
501209,1,Rajasthan Royals,Middle (6-14),2011,71,2,56,6,14,7.607142857142857,0
501209,1,Rajasthan Royals,Powerplay (0-5),2011,31,1,41,4,23,4.536585365853659,0
501209,2,Kolkata Knight Riders,Death (15-19),2011,30,0,21,4,6,8.571428571428571,1
501209,2,Kolkata Knight Riders,Middle (6-14),2011,68,0,55,7,13,7.418181818181819,1
501209,2,Kolkata Knight Riders,Powerplay (0-5),2011,62,1,38,10,14,9.789473684210527,1
501210,1,Mumbai Indians,Death (15-19),2011,57,1,33,7,5,10.363636363636363,0
501210,1,Mumbai Indians,Middle (6-14),2011,81,1,56,10,19,8.678571428571429,0
501210,1,Mumbai Indians,Powerplay (0-5),2011,44,0,37,6,22,7.135135135135135,0
501210,2,Kochi Tuskers Kerala,Death (15-19),2011,50,1,24,8,6,12.5,1
501210,2,Kochi Tuskers Kerala,Middle (6-14),2011,84,1,59,10,17,8.542372881355933,1
501210,2,Kochi Tuskers Kerala,Powerplay (0-5),2011,50,0,38,9,18,7.894736842105264,1
501211,1,Chennai Super Kings,Death (15-19),2011,57,3,30,9,6,11.4,1
501211,1,Chennai Super Kings,Middle (6-14),2011,81,2,55,9,13,8.836363636363638,1
501211,1,Chennai Super Kings,Powerplay (0-5),2011,45,0,36,7,16,7.5,1
501211,2,Royal Challengers Bangalore,Death (15-19),2011,50,2,32,5,8,9.375,0
501211,2,Royal Challengers Bangalore,Middle (6-14),2011,79,2,56,8,14,8.464285714285714,0
501211,2,Royal Challengers Bangalore,Powerplay (0-5),2011,33,3,37,5,21,5.351351351351351,0
501212,1,Deccan Chargers,Death (15-19),2011,52,4,32,6,8,9.75,0
501212,1,Deccan Chargers,Middle (6-14),2011,65,3,54,6,14,7.222222222222222,0
501212,1,Deccan Chargers,Powerplay (0-5),2011,48,1,36,8,15,8.0,0
501212,2,Kings XI Punjab,Death (15-19),2011,27,1,16,4,6,10.125,1
501212,2,Kings XI Punjab,Middle (6-14),2011,77,1,57,9,23,8.105263157894736,1
501212,2,Kings XI Punjab,Powerplay (0-5),2011,62,0,40,10,17,9.299999999999999,1
501213,1,Pune Warriors,Death (15-19),2011,59,1,32,7,6,11.0625,0
501213,1,Pune Warriors,Middle (6-14),2011,65,3,56,7,24,6.9642857142857135,0
501213,1,Pune Warriors,Powerplay (0-5),2011,63,1,38,10,18,9.947368421052632,0
501213,2,Delhi Daredevils,Death (15-19),2011,62,2,28,8,4,13.285714285714285,1
501213,2,Delhi Daredevils,Middle (6-14),2011,61,5,55,6,21,6.654545454545455,1
501213,2,Delhi Daredevils,Powerplay (0-5),2011,67,0,38,11,15,10.578947368421053,1
501214,1,Rajasthan Royals,Death (15-19),2011,1,1,2,0,1,3.0,0
501214,1,Rajasthan Royals,Middle (6-14),2011,44,7,57,2,23,4.631578947368421,0
501214,1,Rajasthan Royals,Powerplay (0-5),2011,36,2,37,5,19,5.837837837837838,0
501214,2,Kolkata Knight Riders,Middle (6-14),2011,59,1,51,7,22,6.9411764705882355,1
501214,2,Kolkata Knight Riders,Powerplay (0-5),2011,26,1,38,1,21,4.105263157894737,1
501215,1,Chennai Super Kings,Death (15-19),2011,22,1,12,3,3,11.0,0
501215,1,Chennai Super Kings,Middle (6-14),2011,67,2,54,7,17,7.444444444444445,0
501215,1,Chennai Super Kings,Powerplay (0-5),2011,42,1,38,8,20,6.631578947368421,0
501215,2,Kochi Tuskers Kerala,Middle (6-14),2011,86,2,56,10,15,9.214285714285714,1
501215,2,Kochi Tuskers Kerala,Powerplay (0-5),2011,49,1,36,9,21,8.166666666666666,1
501216,1,Deccan Chargers,Death (15-19),2011,39,1,30,3,8,7.8,1
501216,1,Deccan Chargers,Middle (6-14),2011,86,2,54,13,14,9.555555555555555,1
501216,1,Deccan Chargers,Powerplay (0-5),2011,43,1,38,7,18,6.7894736842105265,1
501216,2,Delhi Daredevils,Death (15-19),2011,45,2,31,4,6,8.709677419354838,0
501216,2,Delhi Daredevils,Middle (6-14),2011,69,2,55,6,23,7.527272727272727,0
501216,2,Delhi Daredevils,Powerplay (0-5),2011,38,3,36,7,21,6.333333333333333,0
501218,1,Pune Warriors,Death (15-19),2011,18,3,14,3,8,7.7142857142857135,0
501218,1,Pune Warriors,Middle (6-14),2011,67,3,58,8,23,6.931034482758621,0
501218,1,Pune Warriors,Powerplay (0-5),2011,33,4,37,4,25,5.351351351351351,0
501218,2,Mumbai Indians,Death (15-19),2011,35,0,30,4,10,7.0,1
501218,2,Mumbai Indians,Middle (6-14),2011,57,2,55,4,19,6.218181818181819,1
501218,2,Mumbai Indians,Powerplay (0-5),2011,32,1,36,3,20,5.333333333333333,1
501219,1,Kochi Tuskers Kerala,Death (15-19),2011,32,2,31,3,14,6.193548387096774,1
501219,1,Kochi Tuskers Kerala,Middle (6-14),2011,55,5,55,5,24,6.0,1
501219,1,Kochi Tuskers Kerala,Powerplay (0-5),2011,45,0,37,8,19,7.297297297297297,1
501219,2,Kolkata Knight Riders,Death (15-19),2011,40,4,32,3,8,7.5,0
501219,2,Kolkata Knight Riders,Middle (6-14),2011,49,2,54,4,25,5.444444444444445,0
501219,2,Kolkata Knight Riders,Powerplay (0-5),2011,37,3,36,3,17,6.166666666666667,0
501220,1,Kings XI Punjab,Death (15-19),2011,26,5,32,2,17,4.875,1
501220,1,Kings XI Punjab,Middle (6-14),2011,92,1,55,12,13,10.036363636363637,1
501220,1,Kings XI Punjab,Powerplay (0-5),2011,77,1,41,12,18,11.26829268292683,1
501220,2,Rajasthan Royals,Death (15-19),2011,34,2,31,3,8,6.580645161290322,0
501220,2,Rajasthan Royals,Middle (6-14),2011,68,3,54,8,21,7.555555555555555,0
501220,2,Rajasthan Royals,Powerplay (0-5),2011,45,2,36,7,16,7.5,0
501221,1,Mumbai Indians,Death (15-19),2011,57,1,31,7,9,11.032258064516128,1
501221,1,Mumbai Indians,Middle (6-14),2011,67,1,59,8,20,6.813559322033898,1
501221,1,Mumbai Indians,Powerplay (0-5),2011,40,2,38,6,22,6.315789473684211,1
501221,2,Chennai Super Kings,Death (15-19),2011,37,5,33,3,12,6.7272727272727275,0
501221,2,Chennai Super Kings,Middle (6-14),2011,75,2,57,9,16,7.894736842105263,0
501221,2,Chennai Super Kings,Powerplay (0-5),2011,44,2,39,7,19,6.769230769230769,0
501222,1,Kolkata Knight Riders,Death (15-19),2011,57,3,33,7,6,10.363636363636363,0
501222,1,Kolkata Knight Riders,Middle (6-14),2011,64,1,56,6,16,6.857142857142857,0
501222,1,Kolkata Knight Riders,Powerplay (0-5),2011,50,1,40,6,17,7.5,0
501222,2,Royal Challengers Bangalore,Death (15-19),2011,23,0,20,4,9,6.8999999999999995,1
501222,2,Royal Challengers Bangalore,Middle (6-14),2011,95,1,56,13,17,10.178571428571427,1
501222,2,Royal Challengers Bangalore,Powerplay (0-5),2011,57,0,37,10,12,9.243243243243242,1
501223,1,Delhi Daredevils,Death (15-19),2011,58,2,31,7,7,11.225806451612902,1
501223,1,Delhi Daredevils,Middle (6-14),2011,103,2,55,14,12,11.236363636363636,1
501223,1,Delhi Daredevils,Powerplay (0-5),2011,70,0,40,11,15,10.5,1
501223,2,Kings XI Punjab,Death (15-19),2011,55,3,31,8,10,10.64516129032258,0
501223,2,Kings XI Punjab,Middle (6-14),2011,101,2,54,15,11,11.222222222222221,0
501223,2,Kings XI Punjab,Powerplay (0-5),2011,46,1,38,9,28,7.2631578947368425,0
501224,1,Mumbai Indians,Death (15-19),2011,70,0,30,11,6,14.0,1
501224,1,Mumbai Indians,Middle (6-14),2011,45,3,55,2,21,4.909090909090909,1
501224,1,Mumbai Indians,Powerplay (0-5),2011,57,1,37,10,14,9.243243243243242,1
501224,2,Deccan Chargers,Death (15-19),2011,35,2,31,4,13,6.774193548387096,0
501224,2,Deccan Chargers,Middle (6-14),2011,59,4,56,5,20,6.321428571428571,0
501224,2,Deccan Chargers,Powerplay (0-5),2011,41,2,36,6,16,6.833333333333333,0
501225,1,Kochi Tuskers Kerala,Death (15-19),2011,21,7,31,1,16,4.064516129032258,0
501225,1,Kochi Tuskers Kerala,Middle (6-14),2011,56,1,55,4,17,6.109090909090909,0
501225,1,Kochi Tuskers Kerala,Powerplay (0-5),2011,32,2,37,3,21,5.189189189189189,0
501225,2,Rajasthan Royals,Middle (6-14),2011,73,2,49,10,17,8.938775510204083,1
501225,2,Rajasthan Royals,Powerplay (0-5),2011,38,0,37,5,17,6.162162162162162,1
501226,1,Chennai Super Kings,Death (15-19),2011,43,4,32,5,10,8.0625,1
501226,1,Chennai Super Kings,Middle (6-14),2011,54,2,54,3,19,6.0,1
501226,1,Chennai Super Kings,Powerplay (0-5),2011,45,0,37,6,16,7.297297297297297,1
501226,2,Pune Warriors,Death (15-19),2011,24,4,31,0,12,4.64516129032258,0
501226,2,Pune Warriors,Middle (6-14),2011,53,1,55,3,20,5.781818181818182,0
501226,2,Pune Warriors,Powerplay (0-5),2011,40,4,37,5,22,6.486486486486486,0
501227,1,Delhi Daredevils,Death (15-19),2011,45,3,35,5,15,7.714285714285714,0
501227,1,Delhi Daredevils,Middle (6-14),2011,73,2,57,8,17,7.684210526315789,0
501227,1,Delhi Daredevils,Powerplay (0-5),2011,42,1,37,5,17,6.8108108108108105,0
501227,2,Royal Challengers Bangalore,Death (15-19),2011,44,2,30,5,11,8.8,1
501227,2,Royal Challengers Bangalore,Middle (6-14),2011,52,4,54,6,24,5.777777777777778,1
501227,2,Royal Challengers Bangalore,Powerplay (0-5),2011,65,1,38,11,16,10.263157894736842,1
501228,1,Pune Warriors,Death (15-19),2011,50,1,33,5,10,9.090909090909092,0
501228,1,Pune Warriors,Middle (6-14),2011,54,2,54,6,27,6.0,0
501228,1,Pune Warriors,Powerplay (0-5),2011,37,3,37,6,20,6.0,0
501228,2,Chennai Super Kings,Death (15-19),2011,41,0,28,4,4,8.785714285714285,1
501228,2,Chennai Super Kings,Middle (6-14),2011,76,1,56,8,15,8.142857142857142,1
501228,2,Chennai Super Kings,Powerplay (0-5),2011,28,1,39,2,23,4.3076923076923075,1
501229,1,Deccan Chargers,Death (15-19),2011,39,4,31,4,9,7.548387096774193,1
501229,1,Deccan Chargers,Middle (6-14),2011,70,0,54,9,19,7.777777777777778,1
501229,1,Deccan Chargers,Powerplay (0-5),2011,20,3,40,1,28,3.0,1
501229,2,Kochi Tuskers Kerala,Death (15-19),2011,1,3,9,0,8,0.6666666666666666,0
501229,2,Kochi Tuskers Kerala,Middle (6-14),2011,44,1,55,4,26,4.800000000000001,0
501229,2,Kochi Tuskers Kerala,Powerplay (0-5),2011,29,6,39,5,26,4.461538461538462,0
501230,1,Kolkata Knight Riders,Death (15-19),2011,43,2,32,3,7,8.0625,1
501230,1,Kolkata Knight Riders,Middle (6-14),2011,63,4,57,6,22,6.631578947368421,1
501230,1,Kolkata Knight Riders,Powerplay (0-5),2011,42,1,37,7,17,6.8108108108108105,1
501230,2,Delhi Daredevils,Death (15-19),2011,45,3,32,5,12,8.4375,0
501230,2,Delhi Daredevils,Middle (6-14),2011,45,5,54,3,26,5.0,0
501230,2,Delhi Daredevils,Powerplay (0-5),2011,41,1,38,6,17,6.473684210526316,0
501231,1,Mumbai Indians,Death (15-19),2011,27,4,30,2,13,5.4,0
501231,1,Mumbai Indians,Middle (6-14),2011,36,2,57,1,28,3.789473684210526,0
501231,1,Mumbai Indians,Powerplay (0-5),2011,31,2,37,3,19,5.027027027027027,0
501231,2,Rajasthan Royals,Death (15-19),2011,22,1,20,2,8,6.6,1
501231,2,Rajasthan Royals,Middle (6-14),2011,55,1,54,5,27,6.111111111111111,1
501231,2,Rajasthan Royals,Powerplay (0-5),2011,18,1,36,2,26,3.0,1
501232,1,Royal Challengers Bangalore,Death (15-19),2011,63,3,31,9,9,12.193548387096774,1
501232,1,Royal Challengers Bangalore,Middle (6-14),2011,61,2,54,5,16,6.777777777777778,1
501232,1,Royal Challengers Bangalore,Powerplay (0-5),2011,57,0,36,9,16,9.5,1
501232,2,Pune Warriors,Death (15-19),2011,47,2,31,6,12,9.096774193548386,0
501232,2,Pune Warriors,Middle (6-14),2011,66,2,55,7,19,7.2,0
501232,2,Pune Warriors,Powerplay (0-5),2011,42,1,39,4,14,6.461538461538462,0
501233,1,Delhi Daredevils,Death (15-19),2011,63,3,31,10,12,12.193548387096774,1
501233,1,Delhi Daredevils,Middle (6-14),2011,60,2,55,5,23,6.545454545454546,1
501233,1,Delhi Daredevils,Powerplay (0-5),2011,34,2,39,4,24,5.230769230769231,1
501233,2,Kochi Tuskers Kerala,Death (15-19),2011,27,5,23,3,9,7.0434782608695645,0
501233,2,Kochi Tuskers Kerala,Middle (6-14),2011,55,2,54,4,19,6.111111111111111,0
501233,2,Kochi Tuskers Kerala,Powerplay (0-5),2011,37,3,37,5,21,6.0,0
501234,1,Kings XI Punjab,Death (15-19),2011,33,1,30,2,7,6.6,0
501234,1,Kings XI Punjab,Middle (6-14),2011,46,3,56,4,29,4.928571428571428,0
501234,1,Kings XI Punjab,Powerplay (0-5),2011,40,2,38,6,20,6.315789473684211,0
501234,2,Kolkata Knight Riders,Death (15-19),2011,18,0,15,2,6,7.2,1
501234,2,Kolkata Knight Riders,Middle (6-14),2011,57,0,58,4,20,5.8965517241379315,1
501234,2,Kolkata Knight Riders,Powerplay (0-5),2011,45,2,36,8,18,7.5,1
501235,1,Pune Warriors,Death (15-19),2011,41,3,32,3,9,7.6875,0
501235,1,Pune Warriors,Middle (6-14),2011,53,3,54,5,21,5.888888888888889,0
501235,1,Pune Warriors,Powerplay (0-5),2011,49,1,36,9,16,8.166666666666666,0
501235,2,Rajasthan Royals,Death (15-19),2011,52,0,28,6,5,11.142857142857142,1
501235,2,Rajasthan Royals,Middle (6-14),2011,58,3,54,6,26,6.444444444444445,1
501235,2,Rajasthan Royals,Powerplay (0-5),2011,34,1,37,3,19,5.513513513513513,1
501236,1,Chennai Super Kings,Death (15-19),2011,69,3,32,9,8,12.9375,1
501236,1,Chennai Super Kings,Middle (6-14),2011,62,1,55,7,18,6.763636363636364,1
501236,1,Chennai Super Kings,Powerplay (0-5),2011,34,1,37,3,18,5.513513513513513,1
501236,2,Deccan Chargers,Death (15-19),2011,28,5,30,2,11,5.6,0
501236,2,Deccan Chargers,Middle (6-14),2011,54,3,54,4,23,6.0,0
501236,2,Deccan Chargers,Powerplay (0-5),2011,64,0,39,9,13,9.846153846153847,0
501237,1,Mumbai Indians,Death (15-19),2011,45,3,30,6,9,9.0,1
501237,1,Mumbai Indians,Middle (6-14),2011,79,1,55,10,13,8.618181818181819,1
501237,1,Mumbai Indians,Powerplay (0-5),2011,35,1,36,5,20,5.833333333333333,1
501237,2,Kings XI Punjab,Death (15-19),2011,35,4,30,3,8,7.0,0
501237,2,Kings XI Punjab,Middle (6-14),2011,77,3,55,8,15,8.4,0
501237,2,Kings XI Punjab,Powerplay (0-5),2011,24,1,36,3,23,4.0,0
501238,1,Delhi Daredevils,Death (15-19),2011,42,2,30,6,7,8.4,0
501238,1,Delhi Daredevils,Middle (6-14),2011,56,2,58,5,21,5.793103448275862,0
501238,1,Delhi Daredevils,Powerplay (0-5),2011,42,2,37,7,22,6.8108108108108105,0
501238,2,Kochi Tuskers Kerala,Middle (6-14),2011,74,2,57,10,21,7.7894736842105265,1
501238,2,Kochi Tuskers Kerala,Powerplay (0-5),2011,67,1,44,10,19,9.136363636363637,1
501239,1,Kolkata Knight Riders,Death (15-19),2011,59,1,32,7,8,11.0625,1
501239,1,Kolkata Knight Riders,Middle (6-14),2011,69,2,55,6,17,7.527272727272727,1
501239,1,Kolkata Knight Riders,Powerplay (0-5),2011,41,1,39,6,20,6.3076923076923075,1
501239,2,Deccan Chargers,Death (15-19),2011,41,2,32,3,6,7.6875,0
501239,2,Deccan Chargers,Middle (6-14),2011,67,2,55,6,13,7.3090909090909095,0
501239,2,Deccan Chargers,Powerplay (0-5),2011,41,2,36,5,17,6.833333333333333,0
501240,1,Rajasthan Royals,Death (15-19),2011,34,3,32,2,10,6.375,0
501240,1,Rajasthan Royals,Middle (6-14),2011,66,3,54,9,19,7.333333333333333,0
501240,1,Rajasthan Royals,Powerplay (0-5),2011,47,0,36,7,17,7.833333333333333,0
501240,2,Chennai Super Kings,Death (15-19),2011,31,1,23,3,5,8.08695652173913,1
501240,2,Chennai Super Kings,Middle (6-14),2011,75,0,55,8,12,8.181818181818182,1
501240,2,Chennai Super Kings,Powerplay (0-5),2011,43,1,38,3,14,6.7894736842105265,1
501241,1,Mumbai Indians,Death (15-19),2011,63,3,33,8,11,11.454545454545455,1
501241,1,Mumbai Indians,Middle (6-14),2011,48,3,54,4,22,5.333333333333333,1
501241,1,Mumbai Indians,Powerplay (0-5),2011,49,1,37,7,18,7.945945945945946,1
501241,2,Pune Warriors,Death (15-19),2011,49,3,31,4,7,9.483870967741934,0
501241,2,Pune Warriors,Middle (6-14),2011,59,2,55,7,25,6.4363636363636365,0
501241,2,Pune Warriors,Powerplay (0-5),2011,31,2,38,4,24,4.894736842105264,0
501242,1,Kochi Tuskers Kerala,Death (15-19),2011,58,1,32,7,7,10.875,1
501242,1,Kochi Tuskers Kerala,Middle (6-14),2011,63,2,56,5,15,6.75,1
501242,1,Kochi Tuskers Kerala,Powerplay (0-5),2011,35,2,37,5,19,5.675675675675675,1
501242,2,Kolkata Knight Riders,Death (15-19),2011,39,4,30,4,8,7.8,0
501242,2,Kolkata Knight Riders,Middle (6-14),2011,57,3,55,7,26,6.218181818181819,0
501242,2,Kolkata Knight Riders,Powerplay (0-5),2011,43,0,37,6,15,6.972972972972973,0
501243,1,Deccan Chargers,Death (15-19),2011,50,2,30,5,3,10.0,0
501243,1,Deccan Chargers,Middle (6-14),2011,82,2,59,9,19,8.338983050847457,0
501243,1,Deccan Chargers,Powerplay (0-5),2011,43,1,36,8,19,7.166666666666667,0
501243,2,Delhi Daredevils,Death (15-19),2011,30,2,25,3,8,7.199999999999999,1
501243,2,Delhi Daredevils,Middle (6-14),2011,120,1,55,18,10,13.090909090909092,1
501243,2,Delhi Daredevils,Powerplay (0-5),2011,29,3,42,3,24,4.142857142857143,1
501244,1,Royal Challengers Bangalore,Death (15-19),2011,50,3,30,7,8,10.0,1
501244,1,Royal Challengers Bangalore,Middle (6-14),2011,107,2,55,18,18,11.672727272727274,1
501244,1,Royal Challengers Bangalore,Powerplay (0-5),2011,48,1,36,9,22,8.0,1
501244,2,Kings XI Punjab,Death (15-19),2011,31,2,32,3,14,5.8125,0
501244,2,Kings XI Punjab,Middle (6-14),2011,51,3,55,4,17,5.563636363636364,0
501244,2,Kings XI Punjab,Powerplay (0-5),2011,38,4,38,5,16,6.0,0
501245,1,Chennai Super Kings,Death (15-19),2011,37,1,31,2,7,7.161290322580645,0
501245,1,Chennai Super Kings,Middle (6-14),2011,62,1,55,6,16,6.763636363636364,0
501245,1,Chennai Super Kings,Powerplay (0-5),2011,15,2,37,0,26,2.4324324324324325,0
501245,2,Kolkata Knight Riders,Middle (6-14),2011,28,0,25,3,6,6.72,1
501245,2,Kolkata Knight Riders,Powerplay (0-5),2011,33,2,38,4,21,5.210526315789474,1
501246,1,Mumbai Indians,Death (15-19),2011,49,2,31,7,7,9.483870967741934,1
501246,1,Mumbai Indians,Middle (6-14),2011,79,1,55,8,15,8.618181818181819,1
501246,1,Mumbai Indians,Powerplay (0-5),2011,50,1,38,11,21,7.894736842105264,1
501246,2,Delhi Daredevils,Death (15-19),2011,47,5,33,7,11,8.545454545454545,0
501246,2,Delhi Daredevils,Middle (6-14),2011,76,1,56,12,20,8.142857142857142,0
501246,2,Delhi Daredevils,Powerplay (0-5),2011,23,4,37,2,22,3.7297297297297294,0
501247,1,Kochi Tuskers Kerala,Death (15-19),2011,28,4,31,1,11,5.419354838709677,0
501247,1,Kochi Tuskers Kerala,Middle (6-14),2011,48,4,61,4,27,4.721311475409836,0
501247,1,Kochi Tuskers Kerala,Powerplay (0-5),2011,49,1,37,7,14,7.945945945945946,0
501247,2,Royal Challengers Bangalore,Middle (6-14),2011,49,0,43,7,19,6.837209302325581,1
501247,2,Royal Challengers Bangalore,Powerplay (0-5),2011,79,1,39,13,16,12.153846153846153,1
501248,1,Kings XI Punjab,Death (15-19),2011,23,4,30,2,15,4.6,0
501248,1,Kings XI Punjab,Middle (6-14),2011,62,3,54,6,20,6.888888888888889,0
501248,1,Kings XI Punjab,Powerplay (0-5),2011,34,1,36,5,19,5.666666666666667,0
501248,2,Pune Warriors,Death (15-19),2011,6,2,15,0,10,2.4,1
501248,2,Pune Warriors,Middle (6-14),2011,74,2,56,8,19,7.928571428571428,1
501248,2,Pune Warriors,Powerplay (0-5),2011,40,1,38,8,23,6.315789473684211,1
501249,1,Chennai Super Kings,Death (15-19),2011,60,1,31,7,5,11.61290322580645,1
501249,1,Chennai Super Kings,Middle (6-14),2011,81,2,56,10,18,8.678571428571429,1
501249,1,Chennai Super Kings,Powerplay (0-5),2011,55,0,38,8,11,8.68421052631579,1
501249,2,Rajasthan Royals,Death (15-19),2011,19,5,27,1,13,4.222222222222222,0
501249,2,Rajasthan Royals,Middle (6-14),2011,66,3,57,5,18,6.947368421052632,0
501249,2,Rajasthan Royals,Powerplay (0-5),2011,48,2,37,6,13,7.783783783783783,0
501250,1,Deccan Chargers,Death (15-19),2011,36,4,30,3,7,7.2,0
501250,1,Deccan Chargers,Middle (6-14),2011,50,4,54,3,15,5.555555555555555,0
501250,1,Deccan Chargers,Powerplay (0-5),2011,50,0,37,7,12,8.108108108108107,0
501250,2,Pune Warriors,Death (15-19),2011,25,1,21,4,9,7.142857142857143,1
501250,2,Pune Warriors,Middle (6-14),2011,60,3,55,8,29,6.545454545454546,1
501250,2,Pune Warriors,Powerplay (0-5),2011,52,0,37,10,19,8.432432432432432,1
501251,1,Kings XI Punjab,Death (15-19),2011,39,6,30,4,12,7.8,1
501251,1,Kings XI Punjab,Middle (6-14),2011,85,1,56,9,17,9.107142857142856,1
501251,1,Kings XI Punjab,Powerplay (0-5),2011,39,1,37,5,21,6.324324324324324,1
501251,2,Mumbai Indians,Middle (6-14),2011,54,7,44,6,17,7.363636363636364,0
501251,2,Mumbai Indians,Powerplay (0-5),2011,33,3,37,6,22,5.351351351351351,0
501252,1,Rajasthan Royals,Death (15-19),2011,34,3,32,1,11,6.375,0
501252,1,Rajasthan Royals,Middle (6-14),2011,69,3,55,7,17,7.527272727272727,0
501252,1,Rajasthan Royals,Powerplay (0-5),2011,43,0,38,7,21,6.7894736842105265,0
501252,2,Royal Challengers Bangalore,Death (15-19),2011,25,0,12,4,4,12.5,1
501252,2,Royal Challengers Bangalore,Middle (6-14),2011,60,1,55,6,18,6.545454545454546,1
501252,2,Royal Challengers Bangalore,Powerplay (0-5),2011,66,0,37,13,15,10.702702702702702,1
501253,1,Chennai Super Kings,Death (15-19),2011,71,1,32,9,2,13.3125,1
501253,1,Chennai Super Kings,Middle (6-14),2011,63,1,54,8,19,7.0,1
501253,1,Chennai Super Kings,Powerplay (0-5),2011,42,2,36,6,20,7.0,1
501253,2,Delhi Daredevils,Death (15-19),2011,51,3,30,5,7,10.2,0
501253,2,Delhi Daredevils,Middle (6-14),2011,55,2,58,4,24,5.689655172413794,0
501253,2,Delhi Daredevils,Powerplay (0-5),2011,52,1,36,8,20,8.666666666666666,0
501254,1,Kochi Tuskers Kerala,Death (15-19),2011,48,4,32,5,8,9.0,0
501254,1,Kochi Tuskers Kerala,Middle (6-14),2011,68,3,56,6,20,7.285714285714286,0
501254,1,Kochi Tuskers Kerala,Powerplay (0-5),2011,62,0,41,8,15,9.073170731707318,0
501254,2,Kings XI Punjab,Death (15-19),2011,36,0,24,4,5,9.0,1
501254,2,Kings XI Punjab,Middle (6-14),2011,96,2,55,15,21,10.472727272727273,1
501254,2,Kings XI Punjab,Powerplay (0-5),2011,49,2,39,8,19,7.538461538461538,1
501255,1,Kolkata Knight Riders,Middle (6-14),2011,56,1,44,6,17,7.636363636363637,0
501255,1,Kolkata Knight Riders,Powerplay (0-5),2011,33,3,36,4,20,5.5,0
501255,2,Royal Challengers Bangalore,Middle (6-14),2011,40,4,41,4,18,5.853658536585366,1
501255,2,Royal Challengers Bangalore,Powerplay (0-5),2011,65,2,38,11,13,10.263157894736842,1
501256,1,Deccan Chargers,Death (15-19),2011,53,1,31,7,7,10.258064516129032,1
501256,1,Deccan Chargers,Middle (6-14),2011,50,4,54,3,19,5.555555555555555,1
501256,1,Deccan Chargers,Powerplay (0-5),2011,32,1,36,3,19,5.333333333333333,1
501256,2,Mumbai Indians,Death (15-19),2011,49,4,32,7,11,9.1875,0
501256,2,Mumbai Indians,Middle (6-14),2011,50,1,59,3,29,5.084745762711864,0
501256,2,Mumbai Indians,Powerplay (0-5),2011,26,3,37,2,24,4.216216216216216,0
501257,1,Kings XI Punjab,Death (15-19),2011,44,3,32,6,9,8.25,1
501257,1,Kings XI Punjab,Middle (6-14),2011,83,2,56,12,24,8.892857142857142,1
501257,1,Kings XI Punjab,Powerplay (0-5),2011,43,1,39,8,21,6.615384615384615,1
501257,2,Delhi Daredevils,Death (15-19),2011,44,3,31,7,16,8.516129032258064,0
501257,2,Delhi Daredevils,Middle (6-14),2011,55,5,54,7,25,6.111111111111111,0
501257,2,Delhi Daredevils,Powerplay (0-5),2011,42,0,39,5,25,6.461538461538462,0
501258,1,Rajasthan Royals,Death (15-19),2011,10,2,21,1,15,2.857142857142857,0
501258,1,Rajasthan Royals,Middle (6-14),2011,55,5,56,7,30,5.892857142857142,0
501258,1,Rajasthan Royals,Powerplay (0-5),2011,32,3,36,5,24,5.333333333333333,0
501258,2,Kochi Tuskers Kerala,Middle (6-14),2011,11,0,9,2,4,7.333333333333333,1
501258,2,Kochi Tuskers Kerala,Powerplay (0-5),2011,87,2,39,14,18,13.384615384615385,1
501259,1,Pune Warriors,Death (15-19),2011,44,2,31,4,9,8.516129032258064,0
501259,1,Pune Warriors,Middle (6-14),2011,53,5,55,7,31,5.781818181818182,0
501259,1,Pune Warriors,Powerplay (0-5),2011,39,2,36,6,21,6.5,0
501259,2,Deccan Chargers,Death (15-19),2011,30,2,27,3,11,6.666666666666667,1
501259,2,Deccan Chargers,Middle (6-14),2011,51,2,54,4,21,5.666666666666667,1
501259,2,Deccan Chargers,Powerplay (0-5),2011,57,0,40,7,14,8.549999999999999,1
501260,1,Kings XI Punjab,Death (15-19),2011,59,1,30,7,12,11.8,1
501260,1,Kings XI Punjab,Middle (6-14),2011,143,0,58,21,13,14.793103448275863,1
501260,1,Kings XI Punjab,Powerplay (0-5),2011,30,1,38,4,26,4.736842105263158,1
501260,2,Royal Challengers Bangalore,Death (15-19),2011,24,2,12,4,4,12.0,0
501260,2,Royal Challengers Bangalore,Middle (6-14),2011,63,5,54,7,25,7.0,0
501260,2,Royal Challengers Bangalore,Powerplay (0-5),2011,34,3,40,5,24,5.1,0
501261,1,Chennai Super Kings,Death (15-19),2011,51,1,31,6,8,9.870967741935484,1
501261,1,Chennai Super Kings,Middle (6-14),2011,60,2,55,4,14,6.545454545454546,1
501261,1,Chennai Super Kings,Powerplay (0-5),2011,41,2,36,6,18,6.833333333333333,1
501261,2,Kochi Tuskers Kerala,Death (15-19),2011,51,2,31,5,5,9.870967741935484,0
501261,2,Kochi Tuskers Kerala,Middle (6-14),2011,50,2,58,4,23,5.172413793103448,0
501261,2,Kochi Tuskers Kerala,Powerplay (0-5),2011,40,1,38,4,14,6.315789473684211,0
501262,1,Pune Warriors,Death (15-19),2011,37,2,31,3,10,7.161290322580645,0
501262,1,Pune Warriors,Middle (6-14),2011,52,3,56,4,25,5.571428571428571,0
501262,1,Pune Warriors,Powerplay (0-5),2011,29,2,37,4,22,4.702702702702703,0
501262,2,Kolkata Knight Riders,Death (15-19),2011,5,1,11,0,7,2.7272727272727275,1
501262,2,Kolkata Knight Riders,Middle (6-14),2011,70,1,55,9,19,7.636363636363637,1
501262,2,Kolkata Knight Riders,Powerplay (0-5),2011,44,1,37,5,20,7.135135135135135,1
501263,1,Mumbai Indians,Death (15-19),2011,39,2,31,4,7,7.548387096774193,0
501263,1,Mumbai Indians,Middle (6-14),2011,68,1,55,7,17,7.418181818181819,0
501263,1,Mumbai Indians,Powerplay (0-5),2011,26,2,36,3,22,4.333333333333333,0
501263,2,Rajasthan Royals,Middle (6-14),2011,82,0,44,13,10,11.181818181818182,1
501263,2,Rajasthan Royals,Powerplay (0-5),2011,52,0,37,8,16,8.432432432432432,1
501264,1,Deccan Chargers,Death (15-19),2011,51,1,30,6,3,10.2,1
501264,1,Deccan Chargers,Middle (6-14),2011,89,1,56,9,12,9.535714285714285,1
501264,1,Deccan Chargers,Powerplay (0-5),2011,58,0,37,8,14,9.405405405405405,1
501264,2,Kings XI Punjab,Death (15-19),2011,17,5,24,2,19,4.25,0
501264,2,Kings XI Punjab,Middle (6-14),2011,54,3,55,5,23,5.8909090909090915,0
501264,2,Kings XI Punjab,Powerplay (0-5),2011,45,2,37,9,22,7.297297297297297,0
501265,1,Delhi Daredevils,Middle (6-14),2011,23,1,26,1,10,5.307692307692308,0
501265,1,Delhi Daredevils,Powerplay (0-5),2011,33,2,37,4,23,5.351351351351351,0
501266,1,Chennai Super Kings,Death (15-19),2011,49,3,31,6,9,9.483870967741934,0
501266,1,Chennai Super Kings,Middle (6-14),2011,56,1,56,5,27,6.0,0
501266,1,Chennai Super Kings,Powerplay (0-5),2011,23,4,39,3,26,3.5384615384615383,0
501266,2,Royal Challengers Bangalore,Death (15-19),2011,25,0,21,3,7,7.142857142857143,1
501266,2,Royal Challengers Bangalore,Middle (6-14),2011,60,1,58,6,25,6.206896551724138,1
501266,2,Royal Challengers Bangalore,Powerplay (0-5),2011,44,1,37,7,18,7.135135135135135,1
501267,1,Kolkata Knight Riders,Death (15-19),2011,54,4,31,7,9,10.451612903225806,0
501267,1,Kolkata Knight Riders,Middle (6-14),2011,75,1,54,9,9,8.333333333333334,0
501267,1,Kolkata Knight Riders,Powerplay (0-5),2011,46,2,37,7,19,7.459459459459459,0
501267,2,Mumbai Indians,Death (15-19),2011,68,1,33,9,5,12.363636363636363,1
501267,2,Mumbai Indians,Middle (6-14),2011,56,3,56,5,19,6.0,1
501267,2,Mumbai Indians,Powerplay (0-5),2011,54,1,37,9,18,8.756756756756756,1
501268,1,Royal Challengers Bangalore,Death (15-19),2011,53,1,30,6,7,10.6,0
501268,1,Royal Challengers Bangalore,Middle (6-14),2011,78,2,57,8,18,8.210526315789474,0
501268,1,Royal Challengers Bangalore,Powerplay (0-5),2011,44,1,38,6,20,6.947368421052632,0
501268,2,Chennai Super Kings,Death (15-19),2011,67,1,29,9,4,13.862068965517242,1
501268,2,Chennai Super Kings,Middle (6-14),2011,85,1,57,11,16,8.947368421052632,1
501268,2,Chennai Super Kings,Powerplay (0-5),2011,25,2,38,4,28,3.947368421052632,1
501269,1,Kolkata Knight Riders,Death (15-19),2011,45,2,32,4,5,8.4375,0
501269,1,Kolkata Knight Riders,Middle (6-14),2011,77,1,55,11,18,8.4,0
501269,1,Kolkata Knight Riders,Powerplay (0-5),2011,25,4,37,3,24,4.0540540540540535,0
501269,2,Mumbai Indians,Death (15-19),2011,28,2,26,3,12,6.461538461538462,1
501269,2,Mumbai Indians,Middle (6-14),2011,58,4,55,7,25,6.327272727272728,1
501269,2,Mumbai Indians,Powerplay (0-5),2011,62,0,36,11,13,10.333333333333334,1
501270,1,Royal Challengers Bangalore,Death (15-19),2011,35,2,33,1,8,6.363636363636363,1
501270,1,Royal Challengers Bangalore,Middle (6-14),2011,82,2,57,8,11,8.631578947368421,1
501270,1,Royal Challengers Bangalore,Powerplay (0-5),2011,68,0,39,12,17,10.461538461538462,1
501270,2,Mumbai Indians,Death (15-19),2011,39,1,31,4,12,7.548387096774193,0
501270,2,Mumbai Indians,Middle (6-14),2011,51,5,54,4,22,5.666666666666667,0
501270,2,Mumbai Indians,Powerplay (0-5),2011,52,2,37,9,15,8.432432432432432,0
501271,1,Chennai Super Kings,Death (15-19),2011,44,4,31,4,13,8.516129032258064,1
501271,1,Chennai Super Kings,Middle (6-14),2011,105,1,55,12,8,11.454545454545455,1
501271,1,Chennai Super Kings,Powerplay (0-5),2011,56,0,36,4,12,9.333333333333334,1
501271,2,Royal Challengers Bangalore,Death (15-19),2011,40,1,31,4,10,7.741935483870967,0
501271,2,Royal Challengers Bangalore,Middle (6-14),2011,60,5,55,5,23,6.545454545454546,0
501271,2,Royal Challengers Bangalore,Powerplay (0-5),2011,47,2,36,6,13,7.833333333333333,0
548306,1,Chennai Super Kings,Death (15-19),2012,17,5,29,0,12,3.517241379310345,0
548306,1,Chennai Super Kings,Middle (6-14),2012,53,3,58,5,21,5.482758620689656,0
548306,1,Chennai Super Kings,Powerplay (0-5),2012,42,2,39,2,15,6.461538461538462,0
548306,2,Mumbai Indians,Death (15-19),2012,15,0,12,2,5,7.5,1
548306,2,Mumbai Indians,Middle (6-14),2012,47,3,54,3,23,5.222222222222222,1
548306,2,Mumbai Indians,Powerplay (0-5),2012,53,0,38,9,17,8.368421052631579,1
548307,1,Kolkata Knight Riders,Middle (6-14),2012,51,5,36,5,10,8.5,0
548307,1,Kolkata Knight Riders,Powerplay (0-5),2012,46,4,38,6,19,7.2631578947368425,0
548307,2,Delhi Daredevils,Middle (6-14),2012,52,2,31,6,8,10.064516129032258,1
548307,2,Delhi Daredevils,Powerplay (0-5),2012,48,0,37,6,13,7.783783783783783,1
548308,1,Pune Warriors,Death (15-19),2012,38,5,30,5,11,7.6,1
548308,1,Pune Warriors,Middle (6-14),2012,61,1,56,4,15,6.535714285714286,1
548308,1,Pune Warriors,Powerplay (0-5),2012,30,3,37,3,21,4.864864864864865,1
548308,2,Mumbai Indians,Death (15-19),2012,27,4,30,3,14,5.4,0
548308,2,Mumbai Indians,Middle (6-14),2012,47,2,55,4,24,5.127272727272728,0
548308,2,Mumbai Indians,Powerplay (0-5),2012,27,3,39,3,24,4.153846153846154,0
548309,1,Rajasthan Royals,Death (15-19),2012,64,2,31,10,6,12.387096774193548,1
548309,1,Rajasthan Royals,Middle (6-14),2012,70,2,58,7,20,7.241379310344828,1
548309,1,Rajasthan Royals,Powerplay (0-5),2012,57,0,38,9,14,9.0,1
548309,2,Kings XI Punjab,Death (15-19),2012,43,4,30,4,8,8.6,0
548309,2,Kings XI Punjab,Middle (6-14),2012,72,3,54,8,16,8.0,0
548309,2,Kings XI Punjab,Powerplay (0-5),2012,45,2,38,6,16,7.105263157894737,0
548310,1,Royal Challengers Bangalore,Death (15-19),2012,49,2,30,6,6,9.8,1
548310,1,Royal Challengers Bangalore,Middle (6-14),2012,62,4,55,6,20,6.763636363636364,1
548310,1,Royal Challengers Bangalore,Powerplay (0-5),2012,46,2,37,7,20,7.459459459459459,1
548310,2,Delhi Daredevils,Death (15-19),2012,46,2,31,5,6,8.903225806451612,0
548310,2,Delhi Daredevils,Middle (6-14),2012,45,4,54,2,23,5.0,0
548310,2,Delhi Daredevils,Powerplay (0-5),2012,46,1,37,8,18,7.459459459459459,0
548311,1,Chennai Super Kings,Death (15-19),2012,72,1,33,8,6,13.090909090909092,1
548311,1,Chennai Super Kings,Middle (6-14),2012,77,3,57,8,19,8.105263157894736,1
548311,1,Chennai Super Kings,Powerplay (0-5),2012,44,2,37,6,17,7.135135135135135,1
548311,2,Deccan Chargers,Death (15-19),2012,18,2,13,2,5,8.307692307692308,0
548311,2,Deccan Chargers,Middle (6-14),2012,56,7,54,6,22,6.222222222222222,0
548311,2,Deccan Chargers,Powerplay (0-5),2012,45,1,39,7,17,6.923076923076923,0
548312,1,Rajasthan Royals,Death (15-19),2012,48,2,31,6,9,9.29032258064516,1
548312,1,Rajasthan Royals,Middle (6-14),2012,79,2,55,8,13,8.618181818181819,1
548312,1,Rajasthan Royals,Powerplay (0-5),2012,37,1,37,5,20,6.0,1
548312,2,Kolkata Knight Riders,Death (15-19),2012,48,3,31,7,10,9.29032258064516,0
548312,2,Kolkata Knight Riders,Middle (6-14),2012,67,3,56,7,20,7.178571428571428,0
548312,2,Kolkata Knight Riders,Powerplay (0-5),2012,27,4,38,1,19,4.2631578947368425,0
548313,1,Pune Warriors,Death (15-19),2012,53,3,32,6,12,9.9375,1
548313,1,Pune Warriors,Middle (6-14),2012,75,1,55,8,19,8.181818181818182,1
548313,1,Pune Warriors,Powerplay (0-5),2012,38,2,37,4,17,6.162162162162162,1
548313,2,Kings XI Punjab,Death (15-19),2012,45,3,31,5,8,8.709677419354838,0
548313,2,Kings XI Punjab,Middle (6-14),2012,80,3,57,8,16,8.421052631578947,0
548313,2,Kings XI Punjab,Powerplay (0-5),2012,19,2,36,2,24,3.1666666666666665,0
548314,1,Deccan Chargers,Death (15-19),2012,42,5,32,4,9,7.875,0
548314,1,Deccan Chargers,Middle (6-14),2012,51,2,55,4,22,5.563636363636364,0
548314,1,Deccan Chargers,Powerplay (0-5),2012,45,2,36,6,18,7.5,0
548314,2,Mumbai Indians,Death (15-19),2012,57,2,30,7,8,11.4,1
548314,2,Mumbai Indians,Middle (6-14),2012,56,1,54,5,20,6.222222222222222,1
548314,2,Mumbai Indians,Powerplay (0-5),2012,29,2,36,4,22,4.833333333333333,1
548315,1,Kolkata Knight Riders,Death (15-19),2012,37,5,32,3,11,6.9375,1
548315,1,Kolkata Knight Riders,Middle (6-14),2012,68,3,54,7,18,7.555555555555555,1
548315,1,Kolkata Knight Riders,Powerplay (0-5),2012,60,0,36,11,16,10.0,1
548315,2,Royal Challengers Bangalore,Death (15-19),2012,42,2,34,3,8,7.411764705882352,0
548315,2,Royal Challengers Bangalore,Middle (6-14),2012,61,4,57,5,16,6.421052631578948,0
548315,2,Royal Challengers Bangalore,Powerplay (0-5),2012,20,3,36,3,27,3.3333333333333335,0
548316,1,Chennai Super Kings,Death (15-19),2012,30,3,30,2,10,6.0,0
548316,1,Chennai Super Kings,Middle (6-14),2012,39,3,54,2,27,4.333333333333333,0
548316,1,Chennai Super Kings,Powerplay (0-5),2012,41,2,40,6,23,6.1499999999999995,0
548316,2,Delhi Daredevils,Middle (6-14),2012,61,0,44,6,12,8.318181818181818,1
548316,2,Delhi Daredevils,Powerplay (0-5),2012,50,2,36,8,14,8.333333333333334,1
548317,1,Mumbai Indians,Death (15-19),2012,60,3,30,8,7,12.0,1
548317,1,Mumbai Indians,Middle (6-14),2012,83,2,54,10,16,9.222222222222221,1
548317,1,Mumbai Indians,Powerplay (0-5),2012,54,1,36,8,16,9.0,1
548317,2,Rajasthan Royals,Death (15-19),2012,34,5,30,4,15,6.8,0
548317,2,Rajasthan Royals,Middle (6-14),2012,92,3,55,13,17,10.036363636363637,0
548317,2,Rajasthan Royals,Powerplay (0-5),2012,44,2,36,5,18,7.333333333333333,0
548318,1,Royal Challengers Bangalore,Death (15-19),2012,56,7,33,7,9,10.181818181818182,0
548318,1,Royal Challengers Bangalore,Middle (6-14),2012,93,0,59,11,15,9.457627118644067,0
548318,1,Royal Challengers Bangalore,Powerplay (0-5),2012,56,1,38,8,15,8.842105263157896,0
548318,2,Chennai Super Kings,Death (15-19),2012,77,2,34,10,5,13.588235294117647,1
548318,2,Chennai Super Kings,Middle (6-14),2012,79,3,54,8,15,8.777777777777779,1
548318,2,Chennai Super Kings,Powerplay (0-5),2012,52,0,36,8,14,8.666666666666666,1
548319,1,Pune Warriors,Death (15-19),2012,19,5,25,1,15,4.56,0
548319,1,Pune Warriors,Middle (6-14),2012,67,2,56,7,20,7.178571428571428,0
548319,1,Pune Warriors,Powerplay (0-5),2012,29,3,38,4,23,4.578947368421053,0
548319,2,Kings XI Punjab,Death (15-19),2012,28,0,16,3,4,10.5,1
548319,2,Kings XI Punjab,Middle (6-14),2012,50,2,54,5,24,5.555555555555555,1
548319,2,Kings XI Punjab,Powerplay (0-5),2012,38,1,36,7,20,6.333333333333333,1
548320,1,Rajasthan Royals,Death (15-19),2012,46,2,34,5,11,8.117647058823529,0
548320,1,Rajasthan Royals,Middle (6-14),2012,40,3,55,2,26,4.363636363636364,0
548320,1,Rajasthan Royals,Powerplay (0-5),2012,45,0,36,8,16,7.5,0
548320,2,Kolkata Knight Riders,Death (15-19),2012,42,2,27,5,8,9.333333333333334,1
548320,2,Kolkata Knight Riders,Middle (6-14),2012,59,2,56,4,23,6.321428571428571,1
548320,2,Kolkata Knight Riders,Powerplay (0-5),2012,36,1,38,5,17,5.684210526315789,1
548321,1,Deccan Chargers,Death (15-19),2012,37,4,32,4,12,6.9375,0
548321,1,Deccan Chargers,Middle (6-14),2012,70,3,58,7,14,7.241379310344828,0
548321,1,Deccan Chargers,Powerplay (0-5),2012,50,1,36,7,13,8.333333333333334,0
548321,2,Delhi Daredevils,Death (15-19),2012,47,0,25,6,4,11.28,1
548321,2,Delhi Daredevils,Middle (6-14),2012,81,2,57,10,22,8.526315789473685,1
548321,2,Delhi Daredevils,Powerplay (0-5),2012,34,3,37,5,19,5.513513513513513,1
548322,1,Chennai Super Kings,Death (15-19),2012,41,2,30,4,6,8.2,0
548322,1,Chennai Super Kings,Middle (6-14),2012,71,3,58,7,14,7.344827586206897,0
548322,1,Chennai Super Kings,Powerplay (0-5),2012,43,0,36,6,17,7.166666666666667,0
548322,2,Pune Warriors,Death (15-19),2012,50,0,27,7,6,11.11111111111111,1
548322,2,Pune Warriors,Middle (6-14),2012,50,2,54,3,19,5.555555555555555,1
548322,2,Pune Warriors,Powerplay (0-5),2012,56,1,38,7,10,8.842105263157896,1
548323,1,Kings XI Punjab,Death (15-19),2012,47,5,30,6,10,9.4,1
548323,1,Kings XI Punjab,Middle (6-14),2012,61,2,54,4,20,6.777777777777778,1
548323,1,Kings XI Punjab,Powerplay (0-5),2012,26,2,37,2,20,4.216216216216216,1
548323,2,Kolkata Knight Riders,Death (15-19),2012,38,1,30,4,7,7.6,0
548323,2,Kolkata Knight Riders,Middle (6-14),2012,46,4,54,2,22,5.111111111111111,0
548323,2,Kolkata Knight Riders,Powerplay (0-5),2012,48,2,38,6,15,7.578947368421053,0
548324,1,Rajasthan Royals,Death (15-19),2012,82,1,31,13,5,15.870967741935482,1
548324,1,Rajasthan Royals,Middle (6-14),2012,70,1,54,9,17,7.777777777777778,1
548324,1,Rajasthan Royals,Powerplay (0-5),2012,43,0,36,7,19,7.166666666666667,1
548324,2,Royal Challengers Bangalore,Death (15-19),2012,31,4,29,4,15,6.413793103448277,0
548324,2,Royal Challengers Bangalore,Middle (6-14),2012,51,4,55,2,16,5.563636363636364,0
548324,2,Royal Challengers Bangalore,Powerplay (0-5),2012,54,2,36,9,20,9.0,0
548325,1,Mumbai Indians,Death (15-19),2012,13,3,28,1,21,2.7857142857142856,0
548325,1,Mumbai Indians,Middle (6-14),2012,56,5,55,7,24,6.109090909090909,0
548325,1,Mumbai Indians,Powerplay (0-5),2012,23,2,37,3,25,3.7297297297297294,0
548325,2,Delhi Daredevils,Middle (6-14),2012,52,2,56,3,20,5.571428571428571,1
548325,2,Delhi Daredevils,Powerplay (0-5),2012,41,1,39,5,22,6.3076923076923075,1
548326,1,Deccan Chargers,Death (15-19),2012,77,0,31,11,6,14.903225806451612,0
548326,1,Deccan Chargers,Middle (6-14),2012,62,2,54,6,19,6.888888888888889,0
548326,1,Deccan Chargers,Powerplay (0-5),2012,57,0,40,8,12,8.549999999999999,0
548326,2,Rajasthan Royals,Death (15-19),2012,63,2,29,10,4,13.03448275862069,1
548326,2,Rajasthan Royals,Middle (6-14),2012,72,2,56,7,13,7.7142857142857135,1
548326,2,Rajasthan Royals,Powerplay (0-5),2012,62,1,39,11,13,9.538461538461538,1
548327,1,Pune Warriors,Death (15-19),2012,48,3,30,5,8,9.6,0
548327,1,Pune Warriors,Middle (6-14),2012,76,3,55,8,14,8.290909090909091,0
548327,1,Pune Warriors,Powerplay (0-5),2012,58,0,38,9,12,9.157894736842106,0
548327,2,Royal Challengers Bangalore,Death (15-19),2012,69,1,31,9,4,13.354838709677418,1
548327,2,Royal Challengers Bangalore,Middle (6-14),2012,75,1,54,8,17,8.333333333333334,1
548327,2,Royal Challengers Bangalore,Powerplay (0-5),2012,42,2,39,5,20,6.461538461538462,1
548328,1,Kings XI Punjab,Death (15-19),2012,35,3,31,2,6,6.774193548387096,0
548328,1,Kings XI Punjab,Middle (6-14),2012,44,3,54,3,22,4.888888888888889,0
548328,1,Kings XI Punjab,Powerplay (0-5),2012,45,1,37,5,12,7.297297297297297,0
548328,2,Kolkata Knight Riders,Death (15-19),2012,20,0,9,3,2,13.333333333333334,1
548328,2,Kolkata Knight Riders,Middle (6-14),2012,54,1,55,4,22,5.8909090909090915,1
548328,2,Kolkata Knight Riders,Powerplay (0-5),2012,53,1,36,8,16,8.833333333333334,1
548329,1,Deccan Chargers,Death (15-19),2012,60,2,31,8,4,11.61290322580645,0
548329,1,Deccan Chargers,Middle (6-14),2012,94,0,54,15,15,10.444444444444445,0
548329,1,Deccan Chargers,Powerplay (0-5),2012,33,2,36,7,24,5.5,0
548329,2,Delhi Daredevils,Death (15-19),2012,26,0,10,4,3,15.6,1
548329,2,Delhi Daredevils,Middle (6-14),2012,103,0,57,10,15,10.842105263157896,1
548329,2,Delhi Daredevils,Powerplay (0-5),2012,64,1,37,11,18,10.378378378378377,1
548330,1,Chennai Super Kings,Death (15-19),2012,49,5,30,6,11,9.8,1
548330,1,Chennai Super Kings,Middle (6-14),2012,73,0,54,8,13,8.11111111111111,1
548330,1,Chennai Super Kings,Powerplay (0-5),2012,42,0,37,6,18,6.8108108108108105,1
548330,2,Pune Warriors,Death (15-19),2012,44,2,33,1,5,8.0,0
548330,2,Pune Warriors,Middle (6-14),2012,54,3,55,3,21,5.8909090909090915,0
548330,2,Pune Warriors,Powerplay (0-5),2012,53,2,36,9,21,8.833333333333334,0
548331,1,Kings XI Punjab,Death (15-19),2012,58,1,30,6,3,11.6,0
548331,1,Kings XI Punjab,Middle (6-14),2012,64,3,57,4,17,6.7368421052631575,0
548331,1,Kings XI Punjab,Powerplay (0-5),2012,41,2,36,6,18,6.833333333333333,0
548331,2,Royal Challengers Bangalore,Death (15-19),2012,50,2,32,7,9,9.375,1
548331,2,Royal Challengers Bangalore,Middle (6-14),2012,80,0,55,8,11,8.727272727272728,1
548331,2,Royal Challengers Bangalore,Powerplay (0-5),2012,36,3,38,5,21,5.684210526315789,1
548332,1,Rajasthan Royals,Death (15-19),2012,39,2,30,5,14,7.8,0
548332,1,Rajasthan Royals,Middle (6-14),2012,66,1,56,5,24,7.071428571428571,0
548332,1,Rajasthan Royals,Powerplay (0-5),2012,41,1,37,7,20,6.648648648648648,0
548332,2,Chennai Super Kings,Death (15-19),2012,43,2,31,3,5,8.32258064516129,1
548332,2,Chennai Super Kings,Middle (6-14),2012,59,1,54,4,13,6.555555555555555,1
548332,2,Chennai Super Kings,Powerplay (0-5),2012,45,0,36,7,15,7.5,1
548333,1,Pune Warriors,Death (15-19),2012,67,1,31,10,7,12.96774193548387,1
548333,1,Pune Warriors,Middle (6-14),2012,73,1,61,8,18,7.180327868852459,1
548333,1,Pune Warriors,Powerplay (0-5),2012,52,1,38,8,17,8.210526315789474,1
548333,2,Delhi Daredevils,Death (15-19),2012,41,2,30,5,9,8.2,0
548333,2,Delhi Daredevils,Middle (6-14),2012,82,4,56,9,13,8.785714285714285,0
548333,2,Delhi Daredevils,Powerplay (0-5),2012,49,1,36,7,17,8.166666666666666,0
548334,1,Mumbai Indians,Death (15-19),2012,34,4,34,3,10,6.0,0
548334,1,Mumbai Indians,Middle (6-14),2012,90,2,54,11,11,10.0,0
548334,1,Mumbai Indians,Powerplay (0-5),2012,39,0,37,6,18,6.324324324324324,0
548334,2,Kings XI Punjab,Death (15-19),2012,45,2,30,4,8,9.0,1
548334,2,Kings XI Punjab,Middle (6-14),2012,71,2,55,7,13,7.745454545454546,1
548334,2,Kings XI Punjab,Powerplay (0-5),2012,48,0,36,8,14,8.0,1
548335,1,Deccan Chargers,Death (15-19),2012,28,4,30,2,12,5.6,0
548335,1,Deccan Chargers,Middle (6-14),2012,59,2,55,4,15,6.4363636363636365,0
548335,1,Deccan Chargers,Powerplay (0-5),2012,39,1,36,5,16,6.5,0
548335,2,Kolkata Knight Riders,Death (15-19),2012,30,1,26,3,7,6.923076923076923,1
548335,2,Kolkata Knight Riders,Middle (6-14),2012,55,3,57,3,20,5.7894736842105265,1
548335,2,Kolkata Knight Riders,Powerplay (0-5),2012,42,1,38,7,20,6.631578947368421,1
548336,1,Royal Challengers Bangalore,Death (15-19),2012,82,0,34,11,5,14.470588235294118,1
548336,1,Royal Challengers Bangalore,Middle (6-14),2012,70,2,55,7,24,7.636363636363637,1
548336,1,Royal Challengers Bangalore,Powerplay (0-5),2012,37,1,36,5,18,6.166666666666667,1
548336,2,Rajasthan Royals,Death (15-19),2012,40,2,30,5,9,8.0,0
548336,2,Rajasthan Royals,Middle (6-14),2012,55,5,56,5,27,5.892857142857142,0
548336,2,Rajasthan Royals,Powerplay (0-5),2012,48,0,38,6,15,7.578947368421053,0
548337,1,Pune Warriors,Death (15-19),2012,51,0,30,6,6,10.2,0
548337,1,Pune Warriors,Middle (6-14),2012,67,0,54,7,16,7.444444444444445,0
548337,1,Pune Warriors,Powerplay (0-5),2012,28,2,36,3,20,4.666666666666667,0
548337,2,Delhi Daredevils,Death (15-19),2012,14,0,6,2,0,14.0,1
548337,2,Delhi Daredevils,Middle (6-14),2012,73,1,55,7,14,7.963636363636364,1
548337,2,Delhi Daredevils,Powerplay (0-5),2012,61,1,37,10,13,9.891891891891891,1
548339,1,Kings XI Punjab,Death (15-19),2012,68,0,30,9,5,13.6,0
548339,1,Kings XI Punjab,Middle (6-14),2012,56,2,59,3,22,5.694915254237288,0
548339,1,Kings XI Punjab,Powerplay (0-5),2012,44,1,37,7,17,7.135135135135135,0
548339,2,Mumbai Indians,Death (15-19),2012,65,2,31,9,6,12.580645161290322,1
548339,2,Mumbai Indians,Middle (6-14),2012,66,4,55,6,19,7.2,1
548339,2,Mumbai Indians,Powerplay (0-5),2012,40,0,37,4,13,6.486486486486486,1
548341,1,Deccan Chargers,Death (15-19),2012,55,1,31,5,3,10.64516129032258,1
548341,1,Deccan Chargers,Middle (6-14),2012,72,1,55,7,15,7.854545454545455,1
548341,1,Deccan Chargers,Powerplay (0-5),2012,50,2,36,7,16,8.333333333333334,1
548341,2,Pune Warriors,Death (15-19),2012,58,2,33,6,6,10.545454545454545,0
548341,2,Pune Warriors,Middle (6-14),2012,57,3,55,6,23,6.218181818181819,0
548341,2,Pune Warriors,Powerplay (0-5),2012,44,2,38,6,18,6.947368421052632,0
548342,1,Delhi Daredevils,Death (15-19),2012,54,4,30,8,10,10.8,1
548342,1,Delhi Daredevils,Middle (6-14),2012,99,1,58,14,16,10.241379310344827,1
548342,1,Delhi Daredevils,Powerplay (0-5),2012,54,0,37,9,15,8.756756756756756,1
548342,2,Mumbai Indians,Death (15-19),2012,31,5,32,3,10,5.8125,0
548342,2,Mumbai Indians,Middle (6-14),2012,90,1,55,11,11,9.818181818181818,0
548342,2,Mumbai Indians,Powerplay (0-5),2012,49,3,37,9,19,7.945945945945946,0
548343,1,Kings XI Punjab,Death (15-19),2012,35,6,30,4,13,7.0,1
548343,1,Kings XI Punjab,Middle (6-14),2012,78,2,55,8,11,8.50909090909091,1
548343,1,Kings XI Punjab,Powerplay (0-5),2012,43,0,40,6,19,6.449999999999999,1
548343,2,Chennai Super Kings,Death (15-19),2012,50,2,31,4,4,9.67741935483871,0
548343,2,Chennai Super Kings,Middle (6-14),2012,51,5,56,4,25,5.4642857142857135,0
548343,2,Chennai Super Kings,Powerplay (0-5),2012,48,1,36,8,18,8.0,0
548344,1,Kolkata Knight Riders,Death (15-19),2012,56,3,31,6,7,10.838709677419354,1
548344,1,Kolkata Knight Riders,Middle (6-14),2012,88,1,54,14,17,9.777777777777779,1
548344,1,Kolkata Knight Riders,Powerplay (0-5),2012,46,0,39,7,17,7.076923076923077,1
548344,2,Royal Challengers Bangalore,Death (15-19),2012,56,2,30,9,9,11.2,0
548344,2,Royal Challengers Bangalore,Middle (6-14),2012,52,1,56,5,26,5.571428571428571,0
548344,2,Royal Challengers Bangalore,Powerplay (0-5),2012,35,3,37,5,21,5.675675675675675,0
548345,1,Delhi Daredevils,Death (15-19),2012,47,2,31,6,13,9.096774193548386,1
548345,1,Delhi Daredevils,Middle (6-14),2012,63,2,55,6,17,6.872727272727273,1
548345,1,Delhi Daredevils,Powerplay (0-5),2012,42,2,37,6,18,6.8108108108108105,1
548345,2,Rajasthan Royals,Death (15-19),2012,43,2,30,6,9,8.6,0
548345,2,Rajasthan Royals,Middle (6-14),2012,68,1,57,5,9,7.157894736842105,0
548345,2,Rajasthan Royals,Powerplay (0-5),2012,40,0,37,7,19,6.486486486486486,0
548346,1,Deccan Chargers,Death (15-19),2012,18,4,23,2,12,4.695652173913043,0
548346,1,Deccan Chargers,Middle (6-14),2012,44,5,56,4,29,4.714285714285714,0
548346,1,Deccan Chargers,Powerplay (0-5),2012,38,1,36,4,19,6.333333333333333,0
548346,2,Mumbai Indians,Death (15-19),2012,24,1,21,2,7,6.857142857142857,1
548346,2,Mumbai Indians,Middle (6-14),2012,46,2,57,3,25,4.842105263157895,1
548346,2,Mumbai Indians,Powerplay (0-5),2012,31,2,39,3,23,4.769230769230769,1
548347,1,Chennai Super Kings,Death (15-19),2012,41,1,30,2,6,8.2,0
548347,1,Chennai Super Kings,Middle (6-14),2012,55,2,56,3,17,5.892857142857142,0
548347,1,Chennai Super Kings,Powerplay (0-5),2012,43,2,37,5,18,6.972972972972973,0
548347,2,Kolkata Knight Riders,Death (15-19),2012,37,3,28,3,6,7.928571428571428,1
548347,2,Kolkata Knight Riders,Middle (6-14),2012,66,1,57,5,13,6.947368421052632,1
548347,2,Kolkata Knight Riders,Powerplay (0-5),2012,37,1,42,4,21,5.285714285714286,1
548348,1,Deccan Chargers,Death (15-19),2012,76,2,31,10,8,14.709677419354838,1
548348,1,Deccan Chargers,Middle (6-14),2012,77,0,54,8,10,8.555555555555555,1
548348,1,Deccan Chargers,Powerplay (0-5),2012,33,2,36,4,19,5.5,1
548348,2,Pune Warriors,Death (15-19),2012,57,2,32,5,5,10.6875,0
548348,2,Pune Warriors,Middle (6-14),2012,68,2,57,7,18,7.157894736842105,0
548348,2,Pune Warriors,Powerplay (0-5),2012,48,1,36,9,18,8.0,0
548349,1,Rajasthan Royals,Death (15-19),2012,37,1,30,4,8,7.4,0
548349,1,Rajasthan Royals,Middle (6-14),2012,48,5,56,3,22,5.142857142857142,0
548349,1,Rajasthan Royals,Powerplay (0-5),2012,56,0,37,10,13,9.08108108108108,0
548349,2,Delhi Daredevils,Death (15-19),2012,10,0,2,2,0,30.0,1
548349,2,Delhi Daredevils,Middle (6-14),2012,73,3,55,8,20,7.963636363636364,1
548349,2,Delhi Daredevils,Powerplay (0-5),2012,61,1,36,11,14,10.166666666666666,1
548350,1,Royal Challengers Bangalore,Death (15-19),2012,36,4,32,4,12,6.75,0
548350,1,Royal Challengers Bangalore,Middle (6-14),2012,89,0,56,10,13,9.535714285714285,0
548350,1,Royal Challengers Bangalore,Powerplay (0-5),2012,33,1,36,5,20,5.5,0
548350,2,Kings XI Punjab,Death (15-19),2012,31,4,29,3,14,6.413793103448277,1
548350,2,Kings XI Punjab,Middle (6-14),2012,79,1,54,9,14,8.777777777777779,1
548350,2,Kings XI Punjab,Powerplay (0-5),2012,53,1,37,8,15,8.594594594594595,1
548351,1,Mumbai Indians,Death (15-19),2012,28,4,31,3,16,5.419354838709677,1
548351,1,Mumbai Indians,Middle (6-14),2012,50,5,55,2,19,5.454545454545455,1
548351,1,Mumbai Indians,Powerplay (0-5),2012,42,0,37,7,21,6.8108108108108105,1
548351,2,Pune Warriors,Death (15-19),2012,43,2,34,4,6,7.588235294117647,0
548351,2,Pune Warriors,Middle (6-14),2012,39,3,55,3,28,4.254545454545455,0
548351,2,Pune Warriors,Powerplay (0-5),2012,37,1,37,6,21,6.0,0
548352,1,Chennai Super Kings,Death (15-19),2012,36,2,30,2,9,7.2,1
548352,1,Chennai Super Kings,Middle (6-14),2012,68,3,56,3,15,7.285714285714286,1
548352,1,Chennai Super Kings,Powerplay (0-5),2012,56,1,37,8,16,9.08108108108108,1
548352,2,Deccan Chargers,Death (15-19),2012,48,2,31,6,7,9.29032258064516,0
548352,2,Deccan Chargers,Middle (6-14),2012,55,2,55,5,20,6.0,0
548352,2,Deccan Chargers,Powerplay (0-5),2012,47,1,36,6,12,7.833333333333333,0
548353,1,Kolkata Knight Riders,Death (15-19),2012,29,3,32,1,14,5.4375,1
548353,1,Kolkata Knight Riders,Middle (6-14),2012,53,2,56,4,20,5.678571428571428,1
548353,1,Kolkata Knight Riders,Powerplay (0-5),2012,68,0,41,8,13,9.951219512195122,1
548353,2,Pune Warriors,Death (15-19),2012,34,3,30,4,11,6.8,0
548353,2,Pune Warriors,Middle (6-14),2012,64,3,56,6,21,6.857142857142857,0
548353,2,Pune Warriors,Powerplay (0-5),2012,45,2,40,5,13,6.75,0
548354,1,Rajasthan Royals,Death (15-19),2012,51,3,31,6,10,9.870967741935484,1
548354,1,Rajasthan Royals,Middle (6-14),2012,62,2,55,7,23,6.763636363636364,1
548354,1,Rajasthan Royals,Powerplay (0-5),2012,64,1,38,11,12,10.105263157894738,1
548354,2,Kings XI Punjab,Death (15-19),2012,37,3,32,4,11,6.9375,0
548354,2,Kings XI Punjab,Middle (6-14),2012,64,3,56,8,26,6.857142857142857,0
548354,2,Kings XI Punjab,Powerplay (0-5),2012,33,2,39,4,22,5.076923076923077,0
548355,1,Chennai Super Kings,Death (15-19),2012,50,5,30,6,9,10.0,0
548355,1,Chennai Super Kings,Middle (6-14),2012,71,2,57,8,21,7.473684210526316,0
548355,1,Chennai Super Kings,Powerplay (0-5),2012,52,1,38,7,16,8.210526315789474,0
548355,2,Mumbai Indians,Death (15-19),2012,43,7,31,6,11,8.32258064516129,1
548355,2,Mumbai Indians,Middle (6-14),2012,85,0,56,12,12,9.107142857142856,1
548355,2,Mumbai Indians,Powerplay (0-5),2012,46,1,36,8,19,7.666666666666667,1
548356,1,Deccan Chargers,Death (15-19),2012,64,1,31,9,7,12.387096774193548,0
548356,1,Deccan Chargers,Middle (6-14),2012,71,1,54,8,19,7.888888888888889,0
548356,1,Deccan Chargers,Powerplay (0-5),2012,46,0,38,7,16,7.2631578947368425,0
548356,2,Royal Challengers Bangalore,Death (15-19),2012,72,2,24,13,2,18.0,1
548356,2,Royal Challengers Bangalore,Middle (6-14),2012,67,3,57,6,22,7.052631578947368,1
548356,2,Royal Challengers Bangalore,Powerplay (0-5),2012,46,0,36,7,15,7.666666666666667,1
548357,1,Delhi Daredevils,Death (15-19),2012,45,5,32,5,10,8.4375,0
548357,1,Delhi Daredevils,Middle (6-14),2012,58,2,55,5,21,6.327272727272728,0
548357,1,Delhi Daredevils,Powerplay (0-5),2012,50,2,36,7,16,8.333333333333334,0
548357,2,Kolkata Knight Riders,Death (15-19),2012,26,3,25,0,12,6.239999999999999,1
548357,2,Kolkata Knight Riders,Middle (6-14),2012,68,1,57,6,16,7.157894736842105,1
548357,2,Kolkata Knight Riders,Powerplay (0-5),2012,60,0,37,9,13,9.72972972972973,1
548358,1,Pune Warriors,Death (15-19),2012,34,2,31,2,7,6.580645161290322,0
548358,1,Pune Warriors,Middle (6-14),2012,56,3,55,3,19,6.109090909090909,0
548358,1,Pune Warriors,Powerplay (0-5),2012,35,1,37,2,19,5.675675675675675,0
548358,2,Rajasthan Royals,Death (15-19),2012,14,0,8,2,1,10.5,1
548358,2,Rajasthan Royals,Middle (6-14),2012,63,1,54,7,17,7.0,1
548358,2,Rajasthan Royals,Powerplay (0-5),2012,49,2,36,8,17,8.166666666666666,1
548359,1,Kings XI Punjab,Death (15-19),2012,41,2,30,5,9,8.2,1
548359,1,Kings XI Punjab,Middle (6-14),2012,78,3,55,10,20,8.50909090909091,1
548359,1,Kings XI Punjab,Powerplay (0-5),2012,51,0,38,7,14,8.052631578947368,1
548359,2,Deccan Chargers,Death (15-19),2012,46,3,30,6,8,9.2,0
548359,2,Deccan Chargers,Middle (6-14),2012,59,3,55,5,21,6.4363636363636365,0
548359,2,Deccan Chargers,Powerplay (0-5),2012,40,2,38,3,17,6.315789473684211,0
548360,1,Mumbai Indians,Death (15-19),2012,46,2,30,5,7,9.2,0
548360,1,Mumbai Indians,Middle (6-14),2012,70,2,55,7,17,7.636363636363637,0
548360,1,Mumbai Indians,Powerplay (0-5),2012,25,2,37,3,26,4.0540540540540535,0
548360,2,Royal Challengers Bangalore,Death (15-19),2012,31,0,19,3,2,9.789473684210527,1
548360,2,Royal Challengers Bangalore,Middle (6-14),2012,76,1,56,8,18,8.142857142857142,1
548360,2,Royal Challengers Bangalore,Powerplay (0-5),2012,35,0,36,6,23,5.833333333333333,1
548361,1,Rajasthan Royals,Death (15-19),2012,37,2,30,5,11,7.4,0
548361,1,Rajasthan Royals,Middle (6-14),2012,61,2,59,5,20,6.203389830508474,0
548361,1,Rajasthan Royals,Powerplay (0-5),2012,28,2,37,4,26,4.54054054054054,0
548361,2,Chennai Super Kings,Death (15-19),2012,50,2,22,7,6,13.636363636363637,1
548361,2,Chennai Super Kings,Middle (6-14),2012,41,2,55,3,27,4.472727272727273,1
548361,2,Chennai Super Kings,Powerplay (0-5),2012,36,2,40,6,24,5.3999999999999995,1
548362,1,Royal Challengers Bangalore,Death (15-19),2012,44,1,30,4,9,8.8,1
548362,1,Royal Challengers Bangalore,Middle (6-14),2012,63,2,56,9,23,6.75,1
548362,1,Royal Challengers Bangalore,Powerplay (0-5),2012,66,0,39,9,15,10.153846153846153,1
548362,2,Pune Warriors,Death (15-19),2012,33,3,30,2,10,6.6,0
548362,2,Pune Warriors,Middle (6-14),2012,55,3,55,6,22,6.0,0
548362,2,Pune Warriors,Powerplay (0-5),2012,50,3,36,8,16,8.333333333333334,0
548363,1,Mumbai Indians,Death (15-19),2012,50,0,31,7,7,9.67741935483871,1
548363,1,Mumbai Indians,Middle (6-14),2012,83,0,56,10,14,8.892857142857142,1
548363,1,Mumbai Indians,Powerplay (0-5),2012,49,1,36,9,20,8.166666666666666,1
548363,2,Kolkata Knight Riders,Death (15-19),2012,49,1,30,6,3,9.8,0
548363,2,Kolkata Knight Riders,Middle (6-14),2012,74,1,56,8,16,7.928571428571428,0
548363,2,Kolkata Knight Riders,Powerplay (0-5),2012,32,2,36,4,18,5.333333333333333,0
548364,1,Delhi Daredevils,Death (15-19),2012,36,0,33,2,11,6.545454545454546,0
548364,1,Delhi Daredevils,Middle (6-14),2012,51,1,55,2,16,5.563636363636364,0
548364,1,Delhi Daredevils,Powerplay (0-5),2012,27,4,37,3,23,4.378378378378378,0
548364,2,Chennai Super Kings,Death (15-19),2012,3,0,2,0,1,9.0,1
548364,2,Chennai Super Kings,Middle (6-14),2012,67,1,54,8,21,7.444444444444445,1
548364,2,Chennai Super Kings,Powerplay (0-5),2012,45,0,37,7,20,7.297297297297297,1
548365,1,Rajasthan Royals,Death (15-19),2012,44,2,31,4,6,8.516129032258064,1
548365,1,Rajasthan Royals,Middle (6-14),2012,81,1,54,10,17,9.0,1
548365,1,Rajasthan Royals,Powerplay (0-5),2012,45,1,37,8,19,7.297297297297297,1
548365,2,Pune Warriors,Death (15-19),2012,28,3,30,1,10,5.6,0
548365,2,Pune Warriors,Middle (6-14),2012,64,2,55,6,15,6.981818181818182,0
548365,2,Pune Warriors,Powerplay (0-5),2012,33,4,37,5,20,5.351351351351351,0
548366,1,Deccan Chargers,Death (15-19),2012,64,2,32,8,3,12.0,0
548366,1,Deccan Chargers,Middle (6-14),2012,79,1,54,8,14,8.777777777777779,0
548366,1,Deccan Chargers,Powerplay (0-5),2012,47,1,37,5,15,7.621621621621621,0
548366,2,Kings XI Punjab,Death (15-19),2012,64,2,30,9,6,12.8,1
548366,2,Kings XI Punjab,Middle (6-14),2012,86,2,55,11,16,9.381818181818183,1
548366,2,Kings XI Punjab,Powerplay (0-5),2012,44,2,37,7,19,7.135135135135135,1
548367,1,Royal Challengers Bangalore,Death (15-19),2012,64,2,32,9,7,12.0,0
548367,1,Royal Challengers Bangalore,Middle (6-14),2012,67,2,58,7,20,6.931034482758621,0
548367,1,Royal Challengers Bangalore,Powerplay (0-5),2012,40,2,41,4,24,5.853658536585366,0
548367,2,Mumbai Indians,Death (15-19),2012,67,0,29,10,5,13.862068965517242,1
548367,2,Mumbai Indians,Middle (6-14),2012,74,2,56,9,18,7.928571428571428,1
548367,2,Mumbai Indians,Powerplay (0-5),2012,32,3,40,4,23,4.8,1
548368,1,Kolkata Knight Riders,Death (15-19),2012,46,3,31,5,7,8.903225806451612,0
548368,1,Kolkata Knight Riders,Middle (6-14),2012,62,3,54,7,17,6.888888888888889,0
548368,1,Kolkata Knight Riders,Powerplay (0-5),2012,50,0,36,8,17,8.333333333333334,0
548368,2,Chennai Super Kings,Death (15-19),2012,45,2,30,5,7,9.0,1
548368,2,Chennai Super Kings,Middle (6-14),2012,64,3,54,7,19,7.111111111111111,1
548368,2,Chennai Super Kings,Powerplay (0-5),2012,51,0,37,8,19,8.27027027027027,1
548369,1,Kings XI Punjab,Death (15-19),2012,37,2,31,4,10,7.161290322580645,0
548369,1,Kings XI Punjab,Middle (6-14),2012,52,4,54,7,25,5.777777777777778,0
548369,1,Kings XI Punjab,Powerplay (0-5),2012,47,2,36,9,21,7.833333333333333,0
548369,2,Delhi Daredevils,Death (15-19),2012,37,0,24,7,9,9.25,1
548369,2,Delhi Daredevils,Middle (6-14),2012,66,1,54,8,19,7.333333333333333,1
548369,2,Delhi Daredevils,Powerplay (0-5),2012,37,4,37,6,20,6.0,1
548370,1,Kolkata Knight Riders,Death (15-19),2012,46,2,34,6,11,8.117647058823529,1
548370,1,Kolkata Knight Riders,Middle (6-14),2012,62,3,57,5,20,6.526315789473684,1
548370,1,Kolkata Knight Riders,Powerplay (0-5),2012,32,2,37,4,20,5.189189189189189,1
548370,2,Mumbai Indians,Death (15-19),2012,28,7,25,3,10,6.72,0
548370,2,Mumbai Indians,Middle (6-14),2012,54,2,55,6,26,5.8909090909090915,0
548370,2,Mumbai Indians,Powerplay (0-5),2012,26,1,37,3,25,4.216216216216216,0
548371,1,Chennai Super Kings,Death (15-19),2012,43,3,30,5,11,8.6,0
548371,1,Chennai Super Kings,Middle (6-14),2012,52,2,54,6,30,5.777777777777778,0
548371,1,Chennai Super Kings,Powerplay (0-5),2012,25,2,37,4,25,4.0540540540540535,0
548371,2,Kings XI Punjab,Death (15-19),2012,9,1,9,2,6,6.0,1
548371,2,Kings XI Punjab,Middle (6-14),2012,71,3,54,10,22,7.888888888888889,1
548371,2,Kings XI Punjab,Powerplay (0-5),2012,43,0,38,8,21,6.7894736842105265,1
548372,1,Royal Challengers Bangalore,Death (15-19),2012,78,0,32,11,5,14.625,1
548372,1,Royal Challengers Bangalore,Middle (6-14),2012,95,0,54,13,12,10.555555555555555,1
548372,1,Royal Challengers Bangalore,Powerplay (0-5),2012,42,1,38,8,23,6.631578947368421,1
548372,2,Delhi Daredevils,Death (15-19),2012,45,5,32,5,11,8.4375,0
548372,2,Delhi Daredevils,Middle (6-14),2012,98,2,55,13,11,10.690909090909091,0
548372,2,Delhi Daredevils,Powerplay (0-5),2012,51,2,37,8,14,8.27027027027027,0
548373,1,Rajasthan Royals,Death (15-19),2012,33,4,30,2,11,6.6,0
548373,1,Rajasthan Royals,Middle (6-14),2012,52,3,58,3,21,5.379310344827586,0
548373,1,Rajasthan Royals,Powerplay (0-5),2012,41,1,36,7,18,6.833333333333333,0
548373,2,Deccan Chargers,Death (15-19),2012,29,2,22,3,6,7.909090909090909,1
548373,2,Deccan Chargers,Middle (6-14),2012,41,3,57,2,28,4.315789473684211,1
548373,2,Deccan Chargers,Powerplay (0-5),2012,58,0,40,8,15,8.7,1
548374,1,Kings XI Punjab,Death (15-19),2012,57,3,31,9,9,11.032258064516128,0
548374,1,Kings XI Punjab,Middle (6-14),2012,64,1,55,9,23,6.981818181818182,0
548374,1,Kings XI Punjab,Powerplay (0-5),2012,20,4,37,2,27,3.243243243243243,0
548374,2,Delhi Daredevils,Death (15-19),2012,27,1,20,5,11,8.1,1
548374,2,Delhi Daredevils,Middle (6-14),2012,74,3,56,11,26,7.928571428571428,1
548374,2,Delhi Daredevils,Powerplay (0-5),2012,44,0,37,6,24,7.135135135135135,1
548375,1,Kolkata Knight Riders,Death (15-19),2012,35,2,31,2,8,6.774193548387096,1
548375,1,Kolkata Knight Riders,Middle (6-14),2012,74,1,55,8,17,8.072727272727274,1
548375,1,Kolkata Knight Riders,Powerplay (0-5),2012,27,1,36,4,22,4.5,1
548375,2,Pune Warriors,Death (15-19),2012,20,4,30,0,11,4.0,0
548375,2,Pune Warriors,Middle (6-14),2012,42,3,56,0,22,4.5,0
548375,2,Pune Warriors,Powerplay (0-5),2012,40,1,38,3,17,6.315789473684211,0
548376,1,Deccan Chargers,Death (15-19),2012,57,3,31,6,10,11.032258064516128,1
548376,1,Deccan Chargers,Middle (6-14),2012,52,1,56,4,20,5.571428571428571,1
548376,1,Deccan Chargers,Powerplay (0-5),2012,23,3,37,2,22,3.7297297297297294,1
548376,2,Royal Challengers Bangalore,Death (15-19),2012,34,5,31,3,11,6.580645161290322,0
548376,2,Royal Challengers Bangalore,Middle (6-14),2012,49,2,55,4,25,5.345454545454546,0
548376,2,Royal Challengers Bangalore,Powerplay (0-5),2012,40,2,37,6,22,6.486486486486486,0
548377,1,Rajasthan Royals,Death (15-19),2012,56,2,36,5,6,9.333333333333334,0
548377,1,Rajasthan Royals,Middle (6-14),2012,75,2,57,10,24,7.894736842105263,0
548377,1,Rajasthan Royals,Powerplay (0-5),2012,31,2,39,4,22,4.769230769230769,0
548377,2,Mumbai Indians,Death (15-19),2012,23,0,19,2,5,7.2631578947368425,1
548377,2,Mumbai Indians,Middle (6-14),2012,96,0,59,10,12,9.762711864406779,1
548377,2,Mumbai Indians,Powerplay (0-5),2012,44,0,40,7,20,6.6,1
548378,1,Kolkata Knight Riders,Death (15-19),2012,63,1,31,10,7,12.193548387096774,1
548378,1,Kolkata Knight Riders,Middle (6-14),2012,51,2,54,3,20,5.666666666666667,1
548378,1,Kolkata Knight Riders,Powerplay (0-5),2012,48,1,37,7,15,7.783783783783783,1
548378,2,Delhi Daredevils,Death (15-19),2012,35,4,31,4,12,6.774193548387096,0
548378,2,Delhi Daredevils,Middle (6-14),2012,60,2,55,7,21,6.545454545454546,0
548378,2,Delhi Daredevils,Powerplay (0-5),2012,49,2,38,6,19,7.736842105263158,0
548379,1,Chennai Super Kings,Death (15-19),2012,73,1,31,11,2,14.129032258064516,1
548379,1,Chennai Super Kings,Middle (6-14),2012,84,2,55,13,20,9.163636363636364,1
548379,1,Chennai Super Kings,Powerplay (0-5),2012,30,2,37,5,23,4.864864864864865,1
548379,2,Mumbai Indians,Death (15-19),2012,37,2,32,5,14,6.9375,0
548379,2,Mumbai Indians,Middle (6-14),2012,58,6,55,5,23,6.327272727272728,0
548379,2,Mumbai Indians,Powerplay (0-5),2012,54,1,39,9,17,8.307692307692308,0
548380,1,Chennai Super Kings,Death (15-19),2012,60,3,31,8,6,11.61290322580645,1
548380,1,Chennai Super Kings,Middle (6-14),2012,110,2,55,16,10,12.0,1
548380,1,Chennai Super Kings,Powerplay (0-5),2012,52,0,37,9,14,8.432432432432432,1
548380,2,Delhi Daredevils,Death (15-19),2012,8,3,11,1,8,4.363636363636364,0
548380,2,Delhi Daredevils,Middle (6-14),2012,82,5,57,7,19,8.631578947368421,0
548380,2,Delhi Daredevils,Powerplay (0-5),2012,46,2,38,6,13,7.2631578947368425,0
548381,1,Chennai Super Kings,Death (15-19),2012,54,2,31,5,5,10.451612903225806,0
548381,1,Chennai Super Kings,Middle (6-14),2012,82,1,56,9,15,8.785714285714285,0
548381,1,Chennai Super Kings,Powerplay (0-5),2012,54,0,37,7,15,8.756756756756756,0
548381,2,Kolkata Knight Riders,Death (15-19),2012,51,3,29,7,6,10.551724137931036,1
548381,2,Kolkata Knight Riders,Middle (6-14),2012,85,1,56,9,10,9.107142857142856,1
548381,2,Kolkata Knight Riders,Powerplay (0-5),2012,56,1,39,8,14,8.615384615384615,1
597998,1,Delhi Daredevils,Death (15-19),2013,32,5,31,4,15,6.193548387096774,0
597998,1,Delhi Daredevils,Middle (6-14),2013,51,3,55,5,21,5.563636363636364,0
597998,1,Delhi Daredevils,Powerplay (0-5),2013,45,2,38,7,18,7.105263157894737,0
597998,2,Kolkata Knight Riders,Death (15-19),2013,29,0,24,1,5,7.25,1
597998,2,Kolkata Knight Riders,Middle (6-14),2013,54,3,54,6,22,6.0,1
597998,2,Kolkata Knight Riders,Powerplay (0-5),2013,46,1,37,9,20,7.459459459459459,1
597999,1,Royal Challengers Bangalore,Death (15-19),2013,56,0,30,9,14,11.2,1
597999,1,Royal Challengers Bangalore,Middle (6-14),2013,69,3,57,10,27,7.2631578947368425,1
597999,1,Royal Challengers Bangalore,Powerplay (0-5),2013,31,2,38,5,24,4.894736842105264,1
597999,2,Mumbai Indians,Death (15-19),2013,58,2,31,7,6,11.225806451612902,0
597999,2,Mumbai Indians,Middle (6-14),2013,58,3,55,5,20,6.327272727272728,0
597999,2,Mumbai Indians,Powerplay (0-5),2013,38,0,36,4,18,6.333333333333333,0
598000,1,Sunrisers Hyderabad,Death (15-19),2013,39,2,30,4,9,7.8,1
598000,1,Sunrisers Hyderabad,Middle (6-14),2013,49,3,54,4,20,5.444444444444445,1
598000,1,Sunrisers Hyderabad,Powerplay (0-5),2013,38,1,38,5,18,6.0,1
598000,2,Pune Warriors,Death (15-19),2013,26,6,23,2,8,6.782608695652174,0
598000,2,Pune Warriors,Middle (6-14),2013,51,4,55,5,25,5.563636363636364,0
598000,2,Pune Warriors,Powerplay (0-5),2013,27,0,37,1,21,4.378378378378378,0
598001,1,Rajasthan Royals,Death (15-19),2013,38,5,30,4,12,7.6,1
598001,1,Rajasthan Royals,Middle (6-14),2013,82,1,54,9,11,9.11111111111111,1
598001,1,Rajasthan Royals,Powerplay (0-5),2013,45,1,38,6,17,7.105263157894737,1
598001,2,Delhi Daredevils,Death (15-19),2013,40,4,31,3,9,7.741935483870967,0
598001,2,Delhi Daredevils,Middle (6-14),2013,81,1,58,8,13,8.379310344827587,0
598001,2,Delhi Daredevils,Powerplay (0-5),2013,39,1,37,5,19,6.324324324324324,0
598002,1,Mumbai Indians,Death (15-19),2013,52,0,33,7,12,9.454545454545455,1
598002,1,Mumbai Indians,Middle (6-14),2013,55,4,56,6,25,5.892857142857142,1
598002,1,Mumbai Indians,Powerplay (0-5),2013,41,2,37,4,15,6.648648648648648,1
598002,2,Chennai Super Kings,Death (15-19),2013,46,4,34,6,14,8.117647058823529,0
598002,2,Chennai Super Kings,Middle (6-14),2013,57,3,55,5,20,6.218181818181819,0
598002,2,Chennai Super Kings,Powerplay (0-5),2013,36,2,37,4,21,5.837837837837838,0
598003,1,Pune Warriors,Death (15-19),2013,35,3,31,5,14,6.774193548387096,0
598003,1,Pune Warriors,Middle (6-14),2013,40,4,54,3,27,4.444444444444445,0
598003,1,Pune Warriors,Powerplay (0-5),2013,24,2,36,3,22,4.0,0
598003,2,Kings XI Punjab,Middle (6-14),2013,44,1,40,5,16,6.6,1
598003,2,Kings XI Punjab,Powerplay (0-5),2013,56,1,37,10,14,9.08108108108108,1
598004,1,Royal Challengers Bangalore,Death (15-19),2013,36,4,31,4,11,6.967741935483871,0
598004,1,Royal Challengers Bangalore,Middle (6-14),2013,54,2,54,5,21,6.0,0
598004,1,Royal Challengers Bangalore,Powerplay (0-5),2013,40,2,38,3,19,6.315789473684211,0
598004,2,Sunrisers Hyderabad,Death (15-19),2013,39,3,30,3,8,7.8,0
598004,2,Sunrisers Hyderabad,Middle (6-14),2013,54,2,56,2,18,5.785714285714286,0
598004,2,Sunrisers Hyderabad,Powerplay (0-5),2013,37,2,39,3,16,5.6923076923076925,0
598004,3,Sunrisers Hyderabad,Powerplay (0-5),2013,20,0,7,2,0,17.142857142857142,0
598004,4,Royal Challengers Bangalore,Powerplay (0-5),2013,15,0,6,2,0,15.0,0
598005,1,Rajasthan Royals,Death (15-19),2013,44,3,31,5,12,8.516129032258064,1
598005,1,Rajasthan Royals,Middle (6-14),2013,65,2,54,9,21,7.222222222222222,1
598005,1,Rajasthan Royals,Powerplay (0-5),2013,35,1,37,5,21,5.675675675675675,1
598005,2,Kolkata Knight Riders,Death (15-19),2013,26,3,24,2,10,6.5,0
598005,2,Kolkata Knight Riders,Middle (6-14),2013,59,5,56,7,30,6.321428571428571,0
598005,2,Kolkata Knight Riders,Powerplay (0-5),2013,40,2,40,3,17,6.0,0
598006,1,Mumbai Indians,Death (15-19),2013,71,2,31,10,5,13.741935483870966,1
598006,1,Mumbai Indians,Middle (6-14),2013,100,1,56,15,12,10.714285714285714,1
598006,1,Mumbai Indians,Powerplay (0-5),2013,38,2,37,6,22,6.162162162162162,1
598006,2,Delhi Daredevils,Death (15-19),2013,39,4,30,6,11,7.8,0
598006,2,Delhi Daredevils,Middle (6-14),2013,80,3,57,7,14,8.421052631578947,0
598006,2,Delhi Daredevils,Powerplay (0-5),2013,46,2,37,7,17,7.459459459459459,0
598007,1,Kings XI Punjab,Death (15-19),2013,22,6,29,2,16,4.551724137931035,0
598007,1,Kings XI Punjab,Middle (6-14),2013,73,2,56,7,16,7.821428571428571,0
598007,1,Kings XI Punjab,Powerplay (0-5),2013,43,2,36,7,18,7.166666666666667,0
598007,2,Chennai Super Kings,Death (15-19),2013,36,0,14,5,2,15.428571428571427,1
598007,2,Chennai Super Kings,Middle (6-14),2013,65,0,55,7,15,7.090909090909092,1
598007,2,Chennai Super Kings,Powerplay (0-5),2013,38,0,37,5,18,6.162162162162162,1
598008,1,Kolkata Knight Riders,Death (15-19),2013,41,5,31,4,13,7.935483870967741,0
598008,1,Kolkata Knight Riders,Middle (6-14),2013,69,2,54,8,15,7.666666666666667,0
598008,1,Kolkata Knight Riders,Powerplay (0-5),2013,44,1,38,7,19,6.947368421052632,0
598008,2,Royal Challengers Bangalore,Death (15-19),2013,41,0,18,6,6,13.666666666666666,1
598008,2,Royal Challengers Bangalore,Middle (6-14),2013,74,1,58,10,25,7.655172413793104,1
598008,2,Royal Challengers Bangalore,Powerplay (0-5),2013,43,1,38,7,22,6.7894736842105265,1
598009,1,Rajasthan Royals,Death (15-19),2013,43,1,31,5,9,8.32258064516129,0
598009,1,Rajasthan Royals,Middle (6-14),2013,58,3,55,6,18,6.327272727272728,0
598009,1,Rajasthan Royals,Powerplay (0-5),2013,44,1,37,7,18,7.135135135135135,0
598009,2,Pune Warriors,Death (15-19),2013,31,1,23,4,8,8.08695652173913,1
598009,2,Pune Warriors,Middle (6-14),2013,53,1,55,5,25,5.781818181818182,1
598009,2,Pune Warriors,Powerplay (0-5),2013,64,1,38,10,16,10.105263157894738,1
598010,1,Delhi Daredevils,Death (15-19),2013,42,3,34,4,9,7.411764705882352,0
598010,1,Delhi Daredevils,Middle (6-14),2013,43,2,55,2,23,4.690909090909091,0
598010,1,Delhi Daredevils,Powerplay (0-5),2013,29,3,36,4,24,4.833333333333333,0
598010,2,Sunrisers Hyderabad,Death (15-19),2013,39,2,27,5,9,8.666666666666666,1
598010,2,Sunrisers Hyderabad,Middle (6-14),2013,38,4,54,2,27,4.222222222222222,1
598010,2,Sunrisers Hyderabad,Powerplay (0-5),2013,38,1,37,7,22,6.162162162162162,1
598011,1,Mumbai Indians,Death (15-19),2013,68,1,32,9,7,12.75,1
598011,1,Mumbai Indians,Middle (6-14),2013,67,2,54,7,15,7.444444444444445,1
598011,1,Mumbai Indians,Powerplay (0-5),2013,48,0,37,9,19,7.783783783783783,1
598011,2,Pune Warriors,Death (15-19),2013,24,2,30,2,14,4.8,0
598011,2,Pune Warriors,Middle (6-14),2013,78,2,56,7,15,8.357142857142856,0
598011,2,Pune Warriors,Powerplay (0-5),2013,40,4,38,7,21,6.315789473684211,0
598012,1,Royal Challengers Bangalore,Death (15-19),2013,50,4,34,4,10,8.823529411764705,0
598012,1,Royal Challengers Bangalore,Middle (6-14),2013,82,1,56,8,12,8.785714285714285,0
598012,1,Royal Challengers Bangalore,Powerplay (0-5),2013,33,1,37,5,21,5.351351351351351,0
598012,2,Chennai Super Kings,Death (15-19),2013,65,2,32,7,5,12.1875,1
598012,2,Chennai Super Kings,Middle (6-14),2013,70,2,56,6,14,7.499999999999999,1
598012,2,Chennai Super Kings,Powerplay (0-5),2013,31,2,38,4,22,4.894736842105264,1
598013,1,Kolkata Knight Riders,Death (15-19),2013,71,2,33,11,5,12.909090909090908,1
598013,1,Kolkata Knight Riders,Middle (6-14),2013,61,2,55,8,22,6.654545454545455,1
598013,1,Kolkata Knight Riders,Powerplay (0-5),2013,48,0,36,7,16,8.0,1
598013,2,Sunrisers Hyderabad,Death (15-19),2013,28,4,31,1,11,5.419354838709677,0
598013,2,Sunrisers Hyderabad,Middle (6-14),2013,65,3,55,6,19,7.090909090909092,0
598013,2,Sunrisers Hyderabad,Powerplay (0-5),2013,39,0,37,3,12,6.324324324324324,0
598014,1,Kings XI Punjab,Death (15-19),2013,36,4,24,5,10,9.0,0
598014,1,Kings XI Punjab,Middle (6-14),2013,54,3,55,5,21,5.8909090909090915,0
598014,1,Kings XI Punjab,Powerplay (0-5),2013,34,3,37,4,22,5.513513513513513,0
598014,2,Rajasthan Royals,Death (15-19),2013,32,0,26,4,9,7.384615384615385,1
598014,2,Rajasthan Royals,Middle (6-14),2013,46,3,54,5,27,5.111111111111111,1
598014,2,Rajasthan Royals,Powerplay (0-5),2013,48,1,39,8,20,7.384615384615385,1
598015,1,Pune Warriors,Death (15-19),2013,53,3,31,7,10,10.258064516129032,1
598015,1,Pune Warriors,Middle (6-14),2013,58,2,54,5,20,6.444444444444445,1
598015,1,Pune Warriors,Powerplay (0-5),2013,48,0,37,9,17,7.783783783783783,1
598015,2,Chennai Super Kings,Death (15-19),2013,36,3,30,3,10,7.2,0
598015,2,Chennai Super Kings,Middle (6-14),2013,61,3,55,5,17,6.654545454545455,0
598015,2,Chennai Super Kings,Powerplay (0-5),2013,38,2,37,5,17,6.162162162162162,0
598016,1,Kings XI Punjab,Death (15-19),2013,58,3,32,9,10,10.875,1
598016,1,Kings XI Punjab,Middle (6-14),2013,64,5,54,4,12,7.111111111111111,1
598016,1,Kings XI Punjab,Powerplay (0-5),2013,35,1,37,6,20,5.675675675675675,1
598016,2,Kolkata Knight Riders,Death (15-19),2013,37,5,33,4,15,6.7272727272727275,0
598016,2,Kolkata Knight Riders,Middle (6-14),2013,71,2,56,8,15,7.607142857142857,0
598016,2,Kolkata Knight Riders,Powerplay (0-5),2013,45,2,36,7,19,7.5,0
598017,1,Delhi Daredevils,Death (15-19),2013,58,1,30,7,4,11.6,0
598017,1,Delhi Daredevils,Middle (6-14),2013,51,3,56,5,23,5.4642857142857135,0
598017,1,Delhi Daredevils,Powerplay (0-5),2013,43,1,38,7,20,6.7894736842105265,0
598017,2,Royal Challengers Bangalore,Death (15-19),2013,26,5,30,1,14,5.2,0
598017,2,Royal Challengers Bangalore,Middle (6-14),2013,78,0,55,9,13,8.50909090909091,0
598017,2,Royal Challengers Bangalore,Powerplay (0-5),2013,48,2,37,7,21,7.783783783783783,0
598017,3,Royal Challengers Bangalore,Powerplay (0-5),2013,15,0,6,2,1,15.0,0
598017,4,Delhi Daredevils,Powerplay (0-5),2013,11,2,6,2,3,11.0,0
598018,1,Sunrisers Hyderabad,Death (15-19),2013,44,1,32,4,4,8.25,1
598018,1,Sunrisers Hyderabad,Middle (6-14),2013,50,3,55,4,22,5.454545454545455,1
598018,1,Sunrisers Hyderabad,Powerplay (0-5),2013,25,4,38,3,24,3.947368421052632,1
598018,2,Pune Warriors,Death (15-19),2013,21,6,24,3,14,5.25,0
598018,2,Pune Warriors,Middle (6-14),2013,46,2,54,2,20,5.111111111111111,0
598018,2,Pune Warriors,Powerplay (0-5),2013,41,2,36,7,20,6.833333333333333,0
598019,1,Rajasthan Royals,Death (15-19),2013,54,1,31,6,3,10.451612903225806,1
598019,1,Rajasthan Royals,Middle (6-14),2013,67,2,60,6,21,6.7,1
598019,1,Rajasthan Royals,Powerplay (0-5),2013,58,0,37,10,19,9.405405405405405,1
598019,2,Mumbai Indians,Death (15-19),2013,21,3,21,3,10,6.0,0
598019,2,Mumbai Indians,Middle (6-14),2013,45,5,54,3,25,5.0,0
598019,2,Mumbai Indians,Powerplay (0-5),2013,26,2,38,2,21,4.105263157894737,0
598020,1,Chennai Super Kings,Death (15-19),2013,53,2,32,7,7,9.9375,1
598020,1,Chennai Super Kings,Middle (6-14),2013,77,1,56,9,17,8.25,1
598020,1,Chennai Super Kings,Powerplay (0-5),2013,39,1,37,6,18,6.324324324324324,1
598020,2,Delhi Daredevils,Death (15-19),2013,3,3,15,0,13,1.2,0
598020,2,Delhi Daredevils,Middle (6-14),2013,48,3,54,3,18,5.333333333333333,0
598020,2,Delhi Daredevils,Powerplay (0-5),2013,32,4,40,3,22,4.8,0
598021,1,Kings XI Punjab,Death (15-19),2013,31,5,30,3,12,6.2,0
598021,1,Kings XI Punjab,Middle (6-14),2013,56,3,55,5,26,6.109090909090909,0
598021,1,Kings XI Punjab,Powerplay (0-5),2013,36,1,37,5,19,5.837837837837838,0
598021,2,Sunrisers Hyderabad,Death (15-19),2013,40,2,24,5,9,10.0,1
598021,2,Sunrisers Hyderabad,Middle (6-14),2013,54,2,54,6,21,6.0,1
598021,2,Sunrisers Hyderabad,Powerplay (0-5),2013,33,1,36,2,16,5.5,1
598022,1,Kolkata Knight Riders,Death (15-19),2013,30,3,30,3,14,6.0,0
598022,1,Kolkata Knight Riders,Middle (6-14),2013,42,5,54,3,30,4.666666666666667,0
598022,1,Kolkata Knight Riders,Powerplay (0-5),2013,47,1,37,8,16,7.621621621621621,0
598022,2,Chennai Super Kings,Death (15-19),2013,54,2,25,8,6,12.959999999999999,1
598022,2,Chennai Super Kings,Middle (6-14),2013,43,3,54,1,20,4.777777777777778,1
598022,2,Chennai Super Kings,Powerplay (0-5),2013,27,1,37,4,23,4.378378378378378,1
598023,1,Rajasthan Royals,Death (15-19),2013,16,6,28,1,17,3.4285714285714284,0
598023,1,Rajasthan Royals,Middle (6-14),2013,70,2,54,9,17,7.777777777777778,0
598023,1,Rajasthan Royals,Powerplay (0-5),2013,31,2,36,6,25,5.166666666666667,0
598023,2,Royal Challengers Bangalore,Death (15-19),2013,25,0,17,3,4,8.823529411764705,1
598023,2,Royal Challengers Bangalore,Middle (6-14),2013,50,3,58,4,29,5.172413793103448,1
598023,2,Royal Challengers Bangalore,Powerplay (0-5),2013,48,0,39,7,17,7.384615384615385,1
598024,1,Mumbai Indians,Death (15-19),2013,54,2,31,6,8,10.451612903225806,0
598024,1,Mumbai Indians,Middle (6-14),2013,83,0,55,10,13,9.054545454545455,0
598024,1,Mumbai Indians,Powerplay (0-5),2013,24,2,36,3,21,4.0,0
598024,2,Delhi Daredevils,Death (15-19),2013,21,1,14,3,3,9.0,1
598024,2,Delhi Daredevils,Middle (6-14),2013,84,0,55,11,11,9.163636363636364,1
598024,2,Delhi Daredevils,Powerplay (0-5),2013,60,0,37,11,15,9.72972972972973,1
598025,1,Pune Warriors,Death (15-19),2013,61,3,32,9,9,11.4375,0
598025,1,Pune Warriors,Middle (6-14),2013,76,1,55,11,19,8.290909090909091,0
598025,1,Pune Warriors,Powerplay (0-5),2013,48,0,37,6,17,7.783783783783783,0
598025,2,Kings XI Punjab,Death (15-19),2013,57,0,29,6,2,11.793103448275863,1
598025,2,Kings XI Punjab,Middle (6-14),2013,74,1,55,7,13,8.072727272727274,1
598025,2,Kings XI Punjab,Powerplay (0-5),2013,55,2,36,8,15,9.166666666666666,1
598026,1,Rajasthan Royals,Death (15-19),2013,54,1,34,5,8,9.529411764705882,0
598026,1,Rajasthan Royals,Middle (6-14),2013,76,3,56,7,15,8.142857142857142,0
598026,1,Rajasthan Royals,Powerplay (0-5),2013,55,0,37,7,11,8.91891891891892,0
598026,2,Chennai Super Kings,Death (15-19),2013,46,3,29,5,8,9.517241379310345,1
598026,2,Chennai Super Kings,Middle (6-14),2013,82,1,56,8,6,8.785714285714285,1
598026,2,Chennai Super Kings,Powerplay (0-5),2013,58,1,36,9,11,9.666666666666666,1
598027,1,Royal Challengers Bangalore,Death (15-19),2013,67,4,32,10,7,12.5625,1
598027,1,Royal Challengers Bangalore,Middle (6-14),2013,134,1,58,20,11,13.862068965517242,1
598027,1,Royal Challengers Bangalore,Powerplay (0-5),2013,62,0,38,12,22,9.789473684210527,1
598027,2,Pune Warriors,Death (15-19),2013,22,4,30,3,18,4.4,0
598027,2,Pune Warriors,Middle (6-14),2013,68,1,56,8,19,7.285714285714286,0
598027,2,Pune Warriors,Powerplay (0-5),2013,43,4,37,7,19,6.972972972972973,0
598028,1,Kings XI Punjab,Death (15-19),2013,68,2,30,11,7,13.6,1
598028,1,Kings XI Punjab,Middle (6-14),2013,50,2,56,5,27,5.357142857142857,1
598028,1,Kings XI Punjab,Powerplay (0-5),2013,53,0,37,9,17,8.594594594594595,1
598028,2,Delhi Daredevils,Death (15-19),2013,64,3,30,10,6,12.8,0
598028,2,Delhi Daredevils,Middle (6-14),2013,79,1,55,10,25,8.618181818181819,0
598028,2,Delhi Daredevils,Powerplay (0-5),2013,21,3,36,2,25,3.5,0
598029,1,Kolkata Knight Riders,Death (15-19),2013,47,3,30,6,12,9.4,0
598029,1,Kolkata Knight Riders,Middle (6-14),2013,51,2,54,4,23,5.666666666666667,0
598029,1,Kolkata Knight Riders,Powerplay (0-5),2013,61,1,38,10,14,9.631578947368421,0
598029,2,Mumbai Indians,Death (15-19),2013,46,2,29,4,5,9.517241379310345,1
598029,2,Mumbai Indians,Middle (6-14),2013,74,2,54,8,15,8.222222222222221,1
598029,2,Mumbai Indians,Powerplay (0-5),2013,42,1,36,5,19,7.0,1
598030,1,Sunrisers Hyderabad,Death (15-19),2013,63,2,30,10,8,12.6,0
598030,1,Sunrisers Hyderabad,Middle (6-14),2013,56,1,55,6,23,6.109090909090909,0
598030,1,Sunrisers Hyderabad,Powerplay (0-5),2013,40,3,38,5,19,6.315789473684211,0
598030,2,Chennai Super Kings,Death (15-19),2013,46,2,29,7,14,9.517241379310345,1
598030,2,Chennai Super Kings,Middle (6-14),2013,56,3,55,6,25,6.109090909090909,1
598030,2,Chennai Super Kings,Powerplay (0-5),2013,58,0,39,8,12,8.923076923076923,1
598031,1,Kings XI Punjab,Death (15-19),2013,38,2,30,4,11,7.6,0
598031,1,Kings XI Punjab,Middle (6-14),2013,66,4,54,7,19,7.333333333333333,0
598031,1,Kings XI Punjab,Powerplay (0-5),2013,45,0,36,8,18,7.5,0
598031,2,Kolkata Knight Riders,Death (15-19),2013,32,1,22,4,10,8.727272727272728,1
598031,2,Kolkata Knight Riders,Middle (6-14),2013,73,1,55,9,23,7.963636363636364,1
598031,2,Kolkata Knight Riders,Powerplay (0-5),2013,45,2,36,8,19,7.5,1
598032,1,Sunrisers Hyderabad,Death (15-19),2013,52,2,32,7,8,9.75,0
598032,1,Sunrisers Hyderabad,Middle (6-14),2013,63,2,60,6,24,6.3,0
598032,1,Sunrisers Hyderabad,Powerplay (0-5),2013,29,5,37,5,25,4.702702702702703,0
598032,2,Rajasthan Royals,Death (15-19),2013,37,0,17,7,5,13.058823529411764,1
598032,2,Rajasthan Royals,Middle (6-14),2013,79,1,54,11,16,8.777777777777779,1
598032,2,Rajasthan Royals,Powerplay (0-5),2013,30,1,37,5,23,4.864864864864865,1
598033,1,Mumbai Indians,Death (15-19),2013,51,4,32,8,11,9.5625,1
598033,1,Mumbai Indians,Middle (6-14),2013,91,2,54,10,12,10.11111111111111,1
598033,1,Mumbai Indians,Powerplay (0-5),2013,52,1,37,8,17,8.432432432432432,1
598033,2,Royal Challengers Bangalore,Death (15-19),2013,42,0,31,6,12,8.129032258064516,0
598033,2,Royal Challengers Bangalore,Middle (6-14),2013,59,6,56,4,21,6.321428571428571,0
598033,2,Royal Challengers Bangalore,Powerplay (0-5),2013,35,1,37,5,24,5.675675675675675,0
598034,1,Chennai Super Kings,Death (15-19),2013,49,2,31,5,4,9.483870967741934,1
598034,1,Chennai Super Kings,Middle (6-14),2013,84,1,54,9,9,9.333333333333334,1
598034,1,Chennai Super Kings,Powerplay (0-5),2013,67,0,37,12,15,10.864864864864865,1
598034,2,Kolkata Knight Riders,Death (15-19),2013,60,1,33,9,8,10.909090909090908,0
598034,2,Kolkata Knight Riders,Middle (6-14),2013,63,1,55,6,17,6.872727272727273,0
598034,2,Kolkata Knight Riders,Powerplay (0-5),2013,63,2,39,10,19,9.692307692307692,0
598035,1,Delhi Daredevils,Death (15-19),2013,63,1,31,9,9,12.193548387096774,1
598035,1,Delhi Daredevils,Middle (6-14),2013,64,3,57,6,19,6.7368421052631575,1
598035,1,Delhi Daredevils,Powerplay (0-5),2013,37,1,40,5,25,5.55,1
598035,2,Pune Warriors,Death (15-19),2013,39,2,31,5,12,7.548387096774193,0
598035,2,Pune Warriors,Middle (6-14),2013,67,2,55,9,21,7.3090909090909095,0
598035,2,Pune Warriors,Powerplay (0-5),2013,43,0,37,5,18,6.972972972972973,0
598036,1,Royal Challengers Bangalore,Death (15-19),2013,55,3,32,6,11,10.3125,0
598036,1,Royal Challengers Bangalore,Middle (6-14),2013,61,2,54,6,20,6.777777777777778,0
598036,1,Royal Challengers Bangalore,Powerplay (0-5),2013,55,1,39,8,15,8.461538461538462,0
598036,2,Rajasthan Royals,Death (15-19),2013,53,3,29,5,3,10.965517241379311,1
598036,2,Rajasthan Royals,Middle (6-14),2013,75,2,55,8,17,8.181818181818182,1
598036,2,Rajasthan Royals,Powerplay (0-5),2013,45,1,37,8,19,7.297297297297297,1
598037,1,Mumbai Indians,Death (15-19),2013,72,0,33,11,8,13.090909090909092,1
598037,1,Mumbai Indians,Middle (6-14),2013,66,2,55,8,20,7.2,1
598037,1,Mumbai Indians,Powerplay (0-5),2013,36,1,37,4,20,5.837837837837838,1
598037,2,Kings XI Punjab,Death (15-19),2013,52,3,33,6,14,9.454545454545455,0
598037,2,Kings XI Punjab,Middle (6-14),2013,63,5,55,5,22,6.872727272727273,0
598037,2,Kings XI Punjab,Powerplay (0-5),2013,55,2,38,9,15,8.68421052631579,0
598038,1,Chennai Super Kings,Death (15-19),2013,62,1,30,9,5,12.4,1
598038,1,Chennai Super Kings,Middle (6-14),2013,73,0,55,5,8,7.963636363636364,1
598038,1,Chennai Super Kings,Powerplay (0-5),2013,29,2,36,4,22,4.833333333333333,1
598038,2,Pune Warriors,Death (15-19),2013,34,2,31,2,10,6.580645161290322,0
598038,2,Pune Warriors,Middle (6-14),2013,47,3,55,4,26,5.127272727272728,0
598038,2,Pune Warriors,Powerplay (0-5),2013,46,4,38,7,20,7.2631578947368425,0
598039,1,Mumbai Indians,Death (15-19),2013,40,0,31,5,9,7.741935483870967,0
598039,1,Mumbai Indians,Middle (6-14),2013,48,2,55,3,22,5.236363636363636,0
598039,1,Mumbai Indians,Powerplay (0-5),2013,41,2,39,6,23,6.3076923076923075,0
598039,2,Sunrisers Hyderabad,Death (15-19),2013,24,1,20,2,7,7.199999999999999,1
598039,2,Sunrisers Hyderabad,Middle (6-14),2013,70,1,55,8,15,7.636363636363637,1
598039,2,Sunrisers Hyderabad,Powerplay (0-5),2013,36,1,36,6,20,6.0,1
598040,1,Kolkata Knight Riders,Death (15-19),2013,53,2,32,7,9,9.9375,0
598040,1,Kolkata Knight Riders,Middle (6-14),2013,46,2,55,5,30,5.0181818181818185,0
598040,1,Kolkata Knight Riders,Powerplay (0-5),2013,37,3,38,6,23,5.842105263157895,0
598040,2,Delhi Daredevils,Death (15-19),2013,37,1,17,5,3,13.058823529411764,1
598040,2,Delhi Daredevils,Middle (6-14),2013,66,0,54,7,21,7.333333333333333,1
598040,2,Delhi Daredevils,Powerplay (0-5),2013,34,2,37,5,19,5.513513513513513,1
598041,1,Chennai Super Kings,Death (15-19),2013,70,1,31,9,3,13.548387096774192,1
598041,1,Chennai Super Kings,Middle (6-14),2013,80,2,55,9,11,8.727272727272728,1
598041,1,Chennai Super Kings,Powerplay (0-5),2013,36,1,36,4,19,6.0,1
598041,2,Kings XI Punjab,Death (15-19),2013,49,3,30,7,8,9.8,0
598041,2,Kings XI Punjab,Middle (6-14),2013,86,1,54,11,11,9.555555555555555,0
598041,2,Kings XI Punjab,Powerplay (0-5),2013,36,2,36,5,18,6.0,0
598042,1,Royal Challengers Bangalore,Death (15-19),2013,68,1,30,12,7,13.6,1
598042,1,Royal Challengers Bangalore,Middle (6-14),2013,89,2,56,8,11,9.535714285714285,1
598042,1,Royal Challengers Bangalore,Powerplay (0-5),2013,30,0,37,3,19,4.864864864864865,1
598042,2,Pune Warriors,Death (15-19),2013,48,5,31,6,11,9.29032258064516,0
598042,2,Pune Warriors,Middle (6-14),2013,83,3,55,10,21,9.054545454545455,0
598042,2,Pune Warriors,Powerplay (0-5),2013,39,1,38,4,13,6.157894736842105,0
598043,1,Rajasthan Royals,Death (15-19),2013,30,2,31,2,9,5.806451612903225,0
598043,1,Rajasthan Royals,Middle (6-14),2013,68,2,55,7,17,7.418181818181819,0
598043,1,Rajasthan Royals,Powerplay (0-5),2013,34,2,40,4,18,5.1,0
598043,2,Kolkata Knight Riders,Death (15-19),2013,19,0,14,3,4,8.142857142857142,1
598043,2,Kolkata Knight Riders,Middle (6-14),2013,66,1,56,6,19,7.071428571428571,1
598043,2,Kolkata Knight Riders,Powerplay (0-5),2013,48,1,38,6,19,7.578947368421053,1
598044,1,Delhi Daredevils,Death (15-19),2013,10,4,25,0,17,2.4,0
598044,1,Delhi Daredevils,Middle (6-14),2013,44,5,55,2,27,4.800000000000001,0
598044,1,Delhi Daredevils,Powerplay (0-5),2013,26,1,37,3,25,4.216216216216216,0
598044,2,Sunrisers Hyderabad,Middle (6-14),2013,40,2,49,3,23,4.8979591836734695,1
598044,2,Sunrisers Hyderabad,Powerplay (0-5),2013,41,2,37,6,16,6.648648648648648,1
598045,1,Royal Challengers Bangalore,Death (15-19),2013,63,4,33,9,12,11.454545454545455,0
598045,1,Royal Challengers Bangalore,Middle (6-14),2013,80,0,57,10,19,8.421052631578947,0
598045,1,Royal Challengers Bangalore,Powerplay (0-5),2013,31,1,36,5,20,5.166666666666667,0
598045,2,Kings XI Punjab,Death (15-19),2013,36,2,19,5,5,11.368421052631579,1
598045,2,Kings XI Punjab,Middle (6-14),2013,94,0,55,14,14,10.254545454545456,1
598045,2,Kings XI Punjab,Powerplay (0-5),2013,46,1,39,7,17,7.076923076923077,1
598046,1,Mumbai Indians,Death (15-19),2013,57,1,31,8,8,11.032258064516128,1
598046,1,Mumbai Indians,Middle (6-14),2013,50,4,54,5,25,5.555555555555555,1
598046,1,Mumbai Indians,Powerplay (0-5),2013,32,0,39,4,24,4.923076923076923,1
598046,2,Chennai Super Kings,Death (15-19),2013,1,1,2,0,1,3.0,0
598046,2,Chennai Super Kings,Middle (6-14),2013,46,5,57,3,29,4.842105263157895,0
598046,2,Chennai Super Kings,Powerplay (0-5),2013,32,4,37,4,22,5.189189189189189,0
598047,1,Pune Warriors,Death (15-19),2013,53,2,31,7,9,10.258064516129032,0
598047,1,Pune Warriors,Middle (6-14),2013,64,2,57,8,28,6.7368421052631575,0
598047,1,Pune Warriors,Powerplay (0-5),2013,61,0,39,10,13,9.384615384615385,0
598047,2,Rajasthan Royals,Death (15-19),2013,54,3,29,7,6,11.172413793103448,1
598047,2,Rajasthan Royals,Middle (6-14),2013,75,2,55,8,13,8.181818181818182,1
598047,2,Rajasthan Royals,Powerplay (0-5),2013,53,0,38,10,17,8.368421052631579,1
598048,1,Sunrisers Hyderabad,Death (15-19),2013,63,3,34,7,5,11.117647058823529,0
598048,1,Sunrisers Hyderabad,Middle (6-14),2013,58,2,55,4,18,6.327272727272728,0
598048,1,Sunrisers Hyderabad,Powerplay (0-5),2013,40,1,36,6,16,6.666666666666667,0
598048,2,Royal Challengers Bangalore,Death (15-19),2013,45,0,19,8,4,14.210526315789474,1
598048,2,Royal Challengers Bangalore,Middle (6-14),2013,70,2,54,8,19,7.777777777777778,1
598048,2,Royal Challengers Bangalore,Powerplay (0-5),2013,47,1,37,8,20,7.621621621621621,1
598049,1,Delhi Daredevils,Death (15-19),2013,53,0,32,7,8,9.9375,0
598049,1,Delhi Daredevils,Middle (6-14),2013,59,2,54,7,23,6.555555555555555,0
598049,1,Delhi Daredevils,Powerplay (0-5),2013,42,2,39,7,20,6.461538461538462,0
598049,2,Rajasthan Royals,Death (15-19),2013,29,0,17,3,2,10.235294117647058,1
598049,2,Rajasthan Royals,Middle (6-14),2013,77,1,57,7,9,8.105263157894736,1
598049,2,Rajasthan Royals,Powerplay (0-5),2013,49,0,38,7,20,7.736842105263158,1
598050,1,Mumbai Indians,Death (15-19),2013,64,4,32,9,10,12.0,1
598050,1,Mumbai Indians,Middle (6-14),2013,65,2,55,8,18,7.090909090909092,1
598050,1,Mumbai Indians,Powerplay (0-5),2013,41,0,39,7,20,6.3076923076923075,1
598050,2,Kolkata Knight Riders,Death (15-19),2013,13,3,20,0,11,3.9,0
598050,2,Kolkata Knight Riders,Middle (6-14),2013,54,6,54,6,29,6.0,0
598050,2,Kolkata Knight Riders,Powerplay (0-5),2013,38,1,36,6,20,6.333333333333333,0
598051,1,Chennai Super Kings,Death (15-19),2013,87,2,35,14,4,14.914285714285715,1
598051,1,Chennai Super Kings,Middle (6-14),2013,86,0,56,9,11,9.214285714285714,1
598051,1,Chennai Super Kings,Powerplay (0-5),2013,50,1,37,8,19,8.108108108108107,1
598051,2,Sunrisers Hyderabad,Death (15-19),2013,37,2,31,4,12,7.161290322580645,0
598051,2,Sunrisers Hyderabad,Middle (6-14),2013,60,4,54,6,20,6.666666666666667,0
598051,2,Sunrisers Hyderabad,Powerplay (0-5),2013,49,2,39,7,16,7.538461538461538,0
598052,1,Kings XI Punjab,Death (15-19),2013,38,3,31,2,8,7.354838709677419,0
598052,1,Kings XI Punjab,Middle (6-14),2013,70,2,56,6,17,7.499999999999999,0
598052,1,Kings XI Punjab,Powerplay (0-5),2013,37,1,36,6,18,6.166666666666667,0
598052,2,Rajasthan Royals,Death (15-19),2013,42,0,25,5,7,10.08,1
598052,2,Rajasthan Royals,Middle (6-14),2013,67,1,56,6,17,7.178571428571428,1
598052,2,Rajasthan Royals,Powerplay (0-5),2013,38,1,36,6,16,6.333333333333333,1
598053,1,Kolkata Knight Riders,Death (15-19),2013,56,2,31,8,8,10.838709677419354,1
598053,1,Kolkata Knight Riders,Middle (6-14),2013,46,3,55,1,25,5.0181818181818185,1
598053,1,Kolkata Knight Riders,Powerplay (0-5),2013,50,1,38,8,14,7.894736842105264,1
598053,2,Pune Warriors,Death (15-19),2013,26,5,27,2,11,5.777777777777778,0
598053,2,Pune Warriors,Middle (6-14),2013,46,3,55,2,21,5.0181818181818185,0
598053,2,Pune Warriors,Powerplay (0-5),2013,34,2,38,4,19,5.368421052631579,0
598054,1,Royal Challengers Bangalore,Death (15-19),2013,84,1,30,13,1,16.8,1
598054,1,Royal Challengers Bangalore,Middle (6-14),2013,59,1,56,5,16,6.321428571428571,1
598054,1,Royal Challengers Bangalore,Powerplay (0-5),2013,40,2,38,7,22,6.315789473684211,1
598054,2,Delhi Daredevils,Death (15-19),2013,56,3,32,8,8,10.5,0
598054,2,Delhi Daredevils,Middle (6-14),2013,74,2,56,8,19,7.928571428571428,0
598054,2,Delhi Daredevils,Powerplay (0-5),2013,49,2,37,10,19,7.945945945945946,0
598055,1,Pune Warriors,Death (15-19),2013,24,3,30,0,11,4.8,0
598055,1,Pune Warriors,Middle (6-14),2013,52,3,54,3,21,5.777777777777778,0
598055,1,Pune Warriors,Powerplay (0-5),2013,36,2,37,5,20,5.837837837837838,0
598055,2,Mumbai Indians,Death (15-19),2013,33,2,23,6,10,8.608695652173912,1
598055,2,Mumbai Indians,Middle (6-14),2013,46,1,55,3,21,5.0181818181818185,1
598055,2,Mumbai Indians,Powerplay (0-5),2013,37,2,38,5,21,5.842105263157895,1
598056,1,Sunrisers Hyderabad,Death (15-19),2013,52,1,30,6,8,10.4,1
598056,1,Sunrisers Hyderabad,Middle (6-14),2013,61,4,54,7,22,6.777777777777778,1
598056,1,Sunrisers Hyderabad,Powerplay (0-5),2013,37,2,37,6,21,6.0,1
598056,2,Kings XI Punjab,Death (15-19),2013,27,5,30,1,13,5.4,0
598056,2,Kings XI Punjab,Middle (6-14),2013,52,3,56,5,32,5.571428571428571,0
598056,2,Kings XI Punjab,Powerplay (0-5),2013,41,1,36,7,18,6.833333333333333,0
598057,1,Royal Challengers Bangalore,Death (15-19),2013,31,6,30,2,14,6.2,0
598057,1,Royal Challengers Bangalore,Middle (6-14),2013,62,2,54,3,11,6.888888888888889,0
598057,1,Royal Challengers Bangalore,Powerplay (0-5),2013,22,1,37,2,21,3.5675675675675675,0
598057,2,Kolkata Knight Riders,Death (15-19),2013,31,2,27,5,12,6.888888888888889,1
598057,2,Kolkata Knight Riders,Middle (6-14),2013,54,1,56,5,24,5.785714285714286,1
598057,2,Kolkata Knight Riders,Powerplay (0-5),2013,31,2,37,4,23,5.027027027027027,1
598058,1,Chennai Super Kings,Death (15-19),2013,41,1,30,5,11,8.2,0
598058,1,Chennai Super Kings,Middle (6-14),2013,63,3,56,6,20,6.75,0
598058,1,Chennai Super Kings,Powerplay (0-5),2013,37,0,37,5,22,6.0,0
598058,2,Rajasthan Royals,Death (15-19),2013,14,1,13,2,7,6.461538461538462,1
598058,2,Rajasthan Royals,Middle (6-14),2013,106,1,55,15,15,11.563636363636364,1
598058,2,Rajasthan Royals,Powerplay (0-5),2013,24,3,36,3,25,4.0,1
598059,1,Delhi Daredevils,Death (15-19),2013,30,1,30,2,12,6.0,0
598059,1,Delhi Daredevils,Middle (6-14),2013,50,4,56,4,21,5.357142857142857,0
598059,1,Delhi Daredevils,Powerplay (0-5),2013,40,2,37,6,19,6.486486486486486,0
598059,2,Kings XI Punjab,Death (15-19),2013,20,1,12,3,4,10.0,1
598059,2,Kings XI Punjab,Middle (6-14),2013,45,1,54,3,24,5.0,1
598059,2,Kings XI Punjab,Powerplay (0-5),2013,56,3,37,10,15,9.08108108108108,1
598060,1,Sunrisers Hyderabad,Death (15-19),2013,47,1,31,5,8,9.096774193548386,0
598060,1,Sunrisers Hyderabad,Middle (6-14),2013,79,1,55,10,11,8.618181818181819,0
598060,1,Sunrisers Hyderabad,Powerplay (0-5),2013,52,1,40,8,17,7.8,0
598060,2,Mumbai Indians,Death (15-19),2013,71,0,28,10,9,15.214285714285714,1
598060,2,Mumbai Indians,Middle (6-14),2013,74,3,57,8,13,7.7894736842105265,1
598060,2,Mumbai Indians,Powerplay (0-5),2013,39,1,37,6,18,6.324324324324324,1
598061,1,Pune Warriors,Death (15-19),2013,58,2,30,8,6,11.6,1
598061,1,Pune Warriors,Middle (6-14),2013,70,1,55,7,18,7.636363636363637,1
598061,1,Pune Warriors,Powerplay (0-5),2013,42,1,36,5,16,7.0,1
598061,2,Kolkata Knight Riders,Death (15-19),2013,41,4,30,6,12,8.2,0
598061,2,Kolkata Knight Riders,Middle (6-14),2013,89,0,54,12,10,9.88888888888889,0
598061,2,Kolkata Knight Riders,Powerplay (0-5),2013,33,3,39,1,23,5.076923076923077,0
598062,1,Chennai Super Kings,Death (15-19),2013,59,1,30,6,4,11.8,1
598062,1,Chennai Super Kings,Middle (6-14),2013,62,3,57,4,19,6.526315789473684,1
598062,1,Chennai Super Kings,Powerplay (0-5),2013,47,0,37,6,16,7.621621621621621,1
598062,2,Delhi Daredevils,Death (15-19),2013,32,3,31,1,10,6.193548387096774,0
598062,2,Delhi Daredevils,Middle (6-14),2013,54,4,56,2,20,5.785714285714286,0
598062,2,Delhi Daredevils,Powerplay (0-5),2013,49,2,37,9,20,7.945945945945946,0
598063,1,Mumbai Indians,Death (15-19),2013,34,5,32,3,12,6.375,1
598063,1,Mumbai Indians,Middle (6-14),2013,83,2,55,11,13,9.054545454545455,1
598063,1,Mumbai Indians,Powerplay (0-5),2013,49,1,37,7,21,7.945945945945946,1
598063,2,Rajasthan Royals,Death (15-19),2013,46,1,30,7,13,9.2,0
598063,2,Rajasthan Royals,Middle (6-14),2013,77,2,57,8,23,8.105263157894736,0
598063,2,Rajasthan Royals,Powerplay (0-5),2013,29,4,37,4,23,4.702702702702703,0
598064,1,Royal Challengers Bangalore,Death (15-19),2013,57,2,31,9,8,11.032258064516128,0
598064,1,Royal Challengers Bangalore,Middle (6-14),2013,75,1,58,8,22,7.758620689655173,0
598064,1,Royal Challengers Bangalore,Powerplay (0-5),2013,58,0,36,10,16,9.666666666666666,0
598064,2,Kings XI Punjab,Death (15-19),2013,56,0,20,8,2,16.8,1
598064,2,Kings XI Punjab,Middle (6-14),2013,97,2,56,11,14,10.392857142857142,1
598064,2,Kings XI Punjab,Powerplay (0-5),2013,41,2,37,7,18,6.648648648648648,1
598065,1,Sunrisers Hyderabad,Death (15-19),2013,46,5,31,3,6,8.903225806451612,1
598065,1,Sunrisers Hyderabad,Middle (6-14),2013,69,1,55,5,19,7.527272727272727,1
598065,1,Sunrisers Hyderabad,Powerplay (0-5),2013,21,3,38,1,22,3.3157894736842106,1
598065,2,Rajasthan Royals,Death (15-19),2013,40,4,30,5,14,8.0,0
598065,2,Rajasthan Royals,Middle (6-14),2013,40,5,55,2,26,4.363636363636364,0
598065,2,Rajasthan Royals,Powerplay (0-5),2013,33,0,36,4,22,5.5,0
598066,1,Kings XI Punjab,Death (15-19),2013,52,6,32,8,11,9.75,1
598066,1,Kings XI Punjab,Middle (6-14),2013,96,0,55,14,12,10.472727272727273,1
598066,1,Kings XI Punjab,Powerplay (0-5),2013,35,2,37,7,23,5.675675675675675,1
598066,2,Mumbai Indians,Death (15-19),2013,26,4,26,1,11,6.0,0
598066,2,Mumbai Indians,Middle (6-14),2013,56,3,55,6,25,6.109090909090909,0
598066,2,Mumbai Indians,Powerplay (0-5),2013,51,2,37,8,17,8.27027027027027,0
598067,1,Pune Warriors,Death (15-19),2013,65,1,31,10,3,12.580645161290322,1
598067,1,Pune Warriors,Middle (6-14),2013,67,3,55,7,22,7.3090909090909095,1
598067,1,Pune Warriors,Powerplay (0-5),2013,40,1,37,5,18,6.486486486486486,1
598067,2,Delhi Daredevils,Death (15-19),2013,30,4,31,3,12,5.806451612903225,0
598067,2,Delhi Daredevils,Middle (6-14),2013,57,3,56,5,21,6.107142857142857,0
598067,2,Delhi Daredevils,Powerplay (0-5),2013,47,2,40,6,22,7.05,0
598068,1,Royal Challengers Bangalore,Middle (6-14),2013,30,1,13,6,5,13.846153846153847,1
598068,1,Royal Challengers Bangalore,Powerplay (0-5),2013,76,1,37,12,13,12.324324324324325,1
598068,2,Chennai Super Kings,Middle (6-14),2013,26,3,13,4,4,12.0,0
598068,2,Chennai Super Kings,Powerplay (0-5),2013,56,3,37,7,11,9.08108108108108,0
598069,1,Kolkata Knight Riders,Death (15-19),2013,41,4,30,3,13,8.2,0
598069,1,Kolkata Knight Riders,Middle (6-14),2013,56,2,54,6,22,6.222222222222222,0
598069,1,Kolkata Knight Riders,Powerplay (0-5),2013,33,1,39,3,21,5.076923076923077,0
598069,2,Sunrisers Hyderabad,Death (15-19),2013,26,2,23,3,11,6.782608695652174,1
598069,2,Sunrisers Hyderabad,Middle (6-14),2013,61,3,57,5,19,6.421052631578948,1
598069,2,Sunrisers Hyderabad,Powerplay (0-5),2013,45,0,37,7,17,7.297297297297297,1
598070,1,Chennai Super Kings,Death (15-19),2013,67,0,30,10,1,13.4,1
598070,1,Chennai Super Kings,Middle (6-14),2013,78,1,54,7,9,8.666666666666666,1
598070,1,Chennai Super Kings,Powerplay (0-5),2013,47,0,36,7,15,7.833333333333333,1
598070,2,Mumbai Indians,Death (15-19),2013,17,5,23,1,12,4.434782608695652,0
598070,2,Mumbai Indians,Middle (6-14),2013,71,4,54,7,18,7.888888888888889,0
598070,2,Mumbai Indians,Powerplay (0-5),2013,56,1,37,9,17,9.08108108108108,0
598071,1,Sunrisers Hyderabad,Death (15-19),2013,55,4,33,7,8,10.0,0
598071,1,Sunrisers Hyderabad,Middle (6-14),2013,50,1,55,4,23,5.454545454545455,0
598071,1,Sunrisers Hyderabad,Powerplay (0-5),2013,27,2,36,4,23,4.5,0
598071,2,Rajasthan Royals,Death (15-19),2013,36,1,28,4,12,7.7142857142857135,1
598071,2,Rajasthan Royals,Middle (6-14),2013,55,4,54,6,26,6.111111111111111,1
598071,2,Rajasthan Royals,Powerplay (0-5),2013,44,1,36,8,19,7.333333333333333,1
598072,1,Rajasthan Royals,Death (15-19),2013,61,2,33,8,7,11.090909090909092,0
598072,1,Rajasthan Royals,Middle (6-14),2013,62,4,55,7,20,6.763636363636364,0
598072,1,Rajasthan Royals,Powerplay (0-5),2013,42,0,37,8,20,6.8108108108108105,0
598072,2,Mumbai Indians,Death (15-19),2013,43,4,30,5,11,8.6,1
598072,2,Mumbai Indians,Middle (6-14),2013,81,2,56,9,20,8.678571428571429,1
598072,2,Mumbai Indians,Powerplay (0-5),2013,45,0,37,7,16,7.297297297297297,1
598073,1,Mumbai Indians,Death (15-19),2013,48,5,31,8,12,9.29032258064516,1
598073,1,Mumbai Indians,Middle (6-14),2013,66,1,56,7,16,7.071428571428571,1
598073,1,Mumbai Indians,Powerplay (0-5),2013,34,3,36,6,22,5.666666666666667,1
598073,2,Chennai Super Kings,Death (15-19),2013,42,1,34,5,14,7.411764705882352,0
598073,2,Chennai Super Kings,Middle (6-14),2013,48,4,55,4,29,5.236363636363636,0
598073,2,Chennai Super Kings,Powerplay (0-5),2013,35,4,38,5,21,5.526315789473684,0
729279,1,Kolkata Knight Riders,Death (15-19),2014,53,4,31,8,11,10.258064516129032,1
729279,1,Kolkata Knight Riders,Middle (6-14),2014,79,0,54,9,13,8.777777777777779,1
729279,1,Kolkata Knight Riders,Powerplay (0-5),2014,31,1,39,2,19,4.769230769230769,1
729279,2,Mumbai Indians,Death (15-19),2014,27,5,31,3,18,5.225806451612903,0
729279,2,Mumbai Indians,Middle (6-14),2014,63,1,54,2,15,7.0,0
729279,2,Mumbai Indians,Powerplay (0-5),2014,32,1,36,4,20,5.333333333333333,0
729281,1,Delhi Daredevils,Death (15-19),2014,63,0,31,9,6,12.193548387096774,0
729281,1,Delhi Daredevils,Middle (6-14),2014,52,1,58,1,18,5.379310344827586,0
729281,1,Delhi Daredevils,Powerplay (0-5),2014,30,3,37,3,20,4.864864864864865,0
729281,2,Royal Challengers Bangalore,Death (15-19),2014,22,0,11,3,3,12.0,1
729281,2,Royal Challengers Bangalore,Middle (6-14),2014,74,1,56,8,20,7.928571428571428,1
729281,2,Royal Challengers Bangalore,Powerplay (0-5),2014,50,1,37,9,18,8.108108108108107,1
729283,1,Chennai Super Kings,Death (15-19),2014,60,3,32,7,6,11.25,0
729283,1,Chennai Super Kings,Middle (6-14),2014,75,1,56,8,15,8.035714285714285,0
729283,1,Chennai Super Kings,Powerplay (0-5),2014,70,0,40,10,15,10.5,0
729283,2,Kings XI Punjab,Death (15-19),2014,50,1,23,7,3,13.043478260869565,1
729283,2,Kings XI Punjab,Middle (6-14),2014,92,0,56,12,15,9.857142857142856,1
729283,2,Kings XI Punjab,Powerplay (0-5),2014,64,3,39,12,13,9.846153846153847,1
729285,1,Sunrisers Hyderabad,Death (15-19),2014,43,3,31,3,11,8.32258064516129,0
729285,1,Sunrisers Hyderabad,Middle (6-14),2014,49,2,55,2,17,5.345454545454546,0
729285,1,Sunrisers Hyderabad,Powerplay (0-5),2014,41,1,39,3,15,6.3076923076923075,0
729285,2,Rajasthan Royals,Death (15-19),2014,33,3,27,5,12,7.333333333333333,1
729285,2,Rajasthan Royals,Middle (6-14),2014,72,1,55,7,15,7.854545454545455,1
729285,2,Rajasthan Royals,Powerplay (0-5),2014,30,2,37,3,20,4.864864864864865,1
729287,1,Mumbai Indians,Death (15-19),2014,23,5,30,1,15,4.6,0
729287,1,Mumbai Indians,Middle (6-14),2014,43,3,55,2,22,4.690909090909091,0
729287,1,Mumbai Indians,Powerplay (0-5),2014,49,1,39,5,16,7.538461538461538,0
729287,2,Royal Challengers Bangalore,Death (15-19),2014,24,0,15,4,4,9.6,1
729287,2,Royal Challengers Bangalore,Middle (6-14),2014,62,0,55,5,17,6.763636363636364,1
729287,2,Royal Challengers Bangalore,Powerplay (0-5),2014,30,3,36,4,22,5.0,1
729289,1,Kolkata Knight Riders,Death (15-19),2014,54,2,32,8,4,10.125,0
729289,1,Kolkata Knight Riders,Middle (6-14),2014,81,1,56,9,11,8.678571428571429,0
729289,1,Kolkata Knight Riders,Powerplay (0-5),2014,31,2,41,1,21,4.536585365853659,0
729289,2,Delhi Daredevils,Death (15-19),2014,44,2,28,5,14,9.428571428571429,1
729289,2,Delhi Daredevils,Middle (6-14),2014,74,2,55,8,14,8.072727272727274,1
729289,2,Delhi Daredevils,Powerplay (0-5),2014,49,2,37,6,16,7.945945945945946,1
729291,1,Rajasthan Royals,Death (15-19),2014,48,2,30,7,12,9.6,0
729291,1,Rajasthan Royals,Middle (6-14),2014,89,2,55,12,19,9.709090909090909,0
729291,1,Rajasthan Royals,Powerplay (0-5),2014,54,1,38,8,18,8.526315789473685,0
729291,2,Kings XI Punjab,Death (15-19),2014,61,0,23,7,1,15.91304347826087,1
729291,2,Kings XI Punjab,Middle (6-14),2014,93,1,56,12,15,9.964285714285714,1
729291,2,Kings XI Punjab,Powerplay (0-5),2014,39,2,37,4,18,6.324324324324324,1
729293,1,Chennai Super Kings,Death (15-19),2014,66,4,31,8,6,12.774193548387096,1
729293,1,Chennai Super Kings,Middle (6-14),2014,77,2,55,8,14,8.4,1
729293,1,Chennai Super Kings,Powerplay (0-5),2014,34,1,37,3,16,5.513513513513513,1
729293,2,Delhi Daredevils,Death (15-19),2014,2,1,4,0,2,3.0,0
729293,2,Delhi Daredevils,Middle (6-14),2014,58,5,56,5,23,6.2142857142857135,0
729293,2,Delhi Daredevils,Powerplay (0-5),2014,24,3,36,2,21,4.0,0
729295,1,Kings XI Punjab,Death (15-19),2014,41,4,32,4,12,7.6875,1
729295,1,Kings XI Punjab,Middle (6-14),2014,109,2,56,15,18,11.678571428571427,1
729295,1,Kings XI Punjab,Powerplay (0-5),2014,43,0,36,8,22,7.166666666666667,1
729295,2,Sunrisers Hyderabad,Death (15-19),2014,22,3,26,1,11,5.0769230769230775,0
729295,2,Sunrisers Hyderabad,Middle (6-14),2014,54,4,55,3,20,5.8909090909090915,0
729295,2,Sunrisers Hyderabad,Powerplay (0-5),2014,45,3,40,6,20,6.75,0
729297,1,Chennai Super Kings,Death (15-19),2014,39,0,35,2,9,6.685714285714286,1
729297,1,Chennai Super Kings,Middle (6-14),2014,50,5,55,3,24,5.454545454545455,1
729297,1,Chennai Super Kings,Powerplay (0-5),2014,51,1,37,8,16,8.27027027027027,1
729297,2,Rajasthan Royals,Death (15-19),2014,46,2,30,4,6,9.2,0
729297,2,Rajasthan Royals,Middle (6-14),2014,49,6,54,4,25,5.444444444444445,0
729297,2,Rajasthan Royals,Powerplay (0-5),2014,38,2,37,5,22,6.162162162162162,0
729299,1,Kolkata Knight Riders,Death (15-19),2014,44,3,32,3,10,8.25,1
729299,1,Kolkata Knight Riders,Middle (6-14),2014,64,2,55,4,15,6.981818181818182,1
729299,1,Kolkata Knight Riders,Powerplay (0-5),2014,42,2,37,6,16,6.8108108108108105,1
729299,2,Royal Challengers Bangalore,Death (15-19),2014,32,3,31,3,12,6.193548387096774,0
729299,2,Royal Challengers Bangalore,Middle (6-14),2014,67,2,55,7,21,7.3090909090909095,0
729299,2,Royal Challengers Bangalore,Powerplay (0-5),2014,49,0,37,9,18,7.945945945945946,0
729301,1,Sunrisers Hyderabad,Death (15-19),2014,66,0,30,9,3,13.2,1
729301,1,Sunrisers Hyderabad,Middle (6-14),2014,63,1,54,6,21,7.0,1
729301,1,Sunrisers Hyderabad,Powerplay (0-5),2014,55,0,38,9,16,8.68421052631579,1
729301,2,Delhi Daredevils,Death (15-19),2014,61,2,31,8,6,11.806451612903226,0
729301,2,Delhi Daredevils,Middle (6-14),2014,75,2,54,11,18,8.333333333333334,0
729301,2,Delhi Daredevils,Powerplay (0-5),2014,44,0,38,5,14,6.947368421052632,0
729303,1,Mumbai Indians,Death (15-19),2014,33,5,30,3,9,6.6,0
729303,1,Mumbai Indians,Middle (6-14),2014,77,0,54,8,13,8.555555555555555,0
729303,1,Mumbai Indians,Powerplay (0-5),2014,31,2,36,5,21,5.166666666666667,0
729303,2,Chennai Super Kings,Death (15-19),2014,35,1,25,3,7,8.399999999999999,1
729303,2,Chennai Super Kings,Middle (6-14),2014,56,2,55,5,24,6.109090909090909,1
729303,2,Chennai Super Kings,Powerplay (0-5),2014,51,0,37,8,19,8.27027027027027,1
729305,1,Royal Challengers Bangalore,Middle (6-14),2014,48,5,54,5,30,5.333333333333333,0
729305,1,Royal Challengers Bangalore,Powerplay (0-5),2014,22,5,37,2,23,3.5675675675675675,0
729305,2,Rajasthan Royals,Middle (6-14),2014,35,2,42,4,28,5.0,1
729305,2,Rajasthan Royals,Powerplay (0-5),2014,36,2,38,4,20,5.684210526315789,1
729307,1,Kings XI Punjab,Death (15-19),2014,21,3,30,1,16,4.2,1
729307,1,Kings XI Punjab,Middle (6-14),2014,60,4,54,6,17,6.666666666666667,1
729307,1,Kings XI Punjab,Powerplay (0-5),2014,51,2,38,7,19,8.052631578947368,1
729307,2,Kolkata Knight Riders,Death (15-19),2014,34,3,22,4,5,9.272727272727273,0
729307,2,Kolkata Knight Riders,Middle (6-14),2014,51,4,56,3,25,5.4642857142857135,0
729307,2,Kolkata Knight Riders,Powerplay (0-5),2014,24,3,37,4,27,3.8918918918918917,0
729309,1,Mumbai Indians,Death (15-19),2014,56,2,31,8,12,10.838709677419354,0
729309,1,Mumbai Indians,Middle (6-14),2014,32,3,55,1,28,3.490909090909091,0
729309,1,Mumbai Indians,Powerplay (0-5),2014,37,2,38,4,16,5.842105263157895,0
729309,2,Delhi Daredevils,Death (15-19),2014,23,2,23,2,9,6.0,1
729309,2,Delhi Daredevils,Middle (6-14),2014,72,2,54,7,14,8.0,1
729309,2,Delhi Daredevils,Powerplay (0-5),2014,31,0,37,3,24,5.027027027027027,1
729311,1,Sunrisers Hyderabad,Death (15-19),2014,47,1,32,5,11,8.8125,0
729311,1,Sunrisers Hyderabad,Middle (6-14),2014,61,2,55,4,14,6.654545454545455,0
729311,1,Sunrisers Hyderabad,Powerplay (0-5),2014,37,2,36,4,18,6.166666666666667,0
729311,2,Chennai Super Kings,Death (15-19),2014,22,3,27,1,10,4.888888888888889,1
729311,2,Chennai Super Kings,Middle (6-14),2014,77,2,54,9,19,8.555555555555555,1
729311,2,Chennai Super Kings,Powerplay (0-5),2014,47,0,36,7,19,7.833333333333333,1
729313,1,Royal Challengers Bangalore,Death (15-19),2014,26,1,31,0,16,5.032258064516129,0
729313,1,Royal Challengers Bangalore,Middle (6-14),2014,54,3,54,4,21,6.0,0
729313,1,Royal Challengers Bangalore,Powerplay (0-5),2014,44,4,36,8,21,7.333333333333333,0
729313,2,Kings XI Punjab,Death (15-19),2014,26,0,24,2,6,6.5,1
729313,2,Kings XI Punjab,Middle (6-14),2014,68,3,57,7,23,7.157894736842105,1
729313,2,Kings XI Punjab,Powerplay (0-5),2014,33,2,38,4,19,5.210526315789474,1
729315,1,Rajasthan Royals,Death (15-19),2014,46,3,30,4,6,9.2,0
729315,1,Rajasthan Royals,Middle (6-14),2014,61,1,54,7,19,6.777777777777778,0
729315,1,Rajasthan Royals,Powerplay (0-5),2014,45,1,39,7,20,6.923076923076923,0
729315,2,Kolkata Knight Riders,Death (15-19),2014,51,4,33,6,8,9.272727272727273,0
729315,2,Kolkata Knight Riders,Middle (6-14),2014,68,3,56,5,17,7.285714285714286,0
729315,2,Kolkata Knight Riders,Powerplay (0-5),2014,33,1,38,3,20,5.210526315789474,0
729315,3,Kolkata Knight Riders,Powerplay (0-5),2014,11,2,6,1,1,11.0,0
729315,4,Rajasthan Royals,Powerplay (0-5),2014,11,0,6,1,0,11.0,0
729317,1,Sunrisers Hyderabad,Death (15-19),2014,55,3,33,6,7,10.0,1
729317,1,Sunrisers Hyderabad,Middle (6-14),2014,73,0,56,4,14,7.821428571428571,1
729317,1,Sunrisers Hyderabad,Powerplay (0-5),2014,44,2,36,6,18,7.333333333333333,1
729317,2,Mumbai Indians,Death (15-19),2014,51,4,33,6,13,9.272727272727273,0
729317,2,Mumbai Indians,Middle (6-14),2014,74,0,55,9,18,8.072727272727274,0
729317,2,Mumbai Indians,Powerplay (0-5),2014,32,3,38,5,22,5.052631578947369,0
733971,1,Chennai Super Kings,Death (15-19),2014,22,0,13,2,4,10.153846153846155,1
733971,1,Chennai Super Kings,Middle (6-14),2014,83,2,54,10,16,9.222222222222221,1
733971,1,Chennai Super Kings,Powerplay (0-5),2014,43,1,36,7,19,7.166666666666667,1
733971,2,Kolkata Knight Riders,Death (15-19),2014,23,2,12,3,4,11.5,0
733971,2,Kolkata Knight Riders,Middle (6-14),2014,52,3,54,4,24,5.777777777777778,0
733971,2,Kolkata Knight Riders,Powerplay (0-5),2014,39,4,37,6,21,6.324324324324324,0
733973,1,Kings XI Punjab,Death (15-19),2014,42,2,30,3,9,8.4,0
733973,1,Kings XI Punjab,Middle (6-14),2014,90,1,56,13,19,9.642857142857142,0
733973,1,Kings XI Punjab,Powerplay (0-5),2014,36,2,39,6,22,5.538461538461538,0
733973,2,Mumbai Indians,Death (15-19),2014,52,2,26,7,6,12.0,1
733973,2,Mumbai Indians,Middle (6-14),2014,69,1,54,9,23,7.666666666666667,1
733973,2,Mumbai Indians,Powerplay (0-5),2014,49,2,38,8,21,7.736842105263158,1
733975,1,Delhi Daredevils,Death (15-19),2014,58,2,31,9,6,11.225806451612902,0
733975,1,Delhi Daredevils,Middle (6-14),2014,48,2,54,3,19,5.333333333333333,0
733975,1,Delhi Daredevils,Powerplay (0-5),2014,46,1,36,6,14,7.666666666666667,0
733975,2,Rajasthan Royals,Death (15-19),2014,41,0,21,6,7,11.714285714285714,1
733975,2,Rajasthan Royals,Middle (6-14),2014,77,2,55,8,16,8.4,1
733975,2,Rajasthan Royals,Powerplay (0-5),2014,38,1,38,5,18,6.0,1
733977,1,Sunrisers Hyderabad,Death (15-19),2014,49,3,31,6,13,9.483870967741934,0
733977,1,Sunrisers Hyderabad,Middle (6-14),2014,59,1,57,6,20,6.2105263157894735,0
733977,1,Sunrisers Hyderabad,Powerplay (0-5),2014,47,2,39,6,17,7.230769230769231,0
733977,2,Royal Challengers Bangalore,Death (15-19),2014,61,1,29,10,9,12.620689655172415,1
733977,2,Royal Challengers Bangalore,Middle (6-14),2014,61,3,56,6,25,6.535714285714286,1
733977,2,Royal Challengers Bangalore,Powerplay (0-5),2014,36,2,38,6,25,5.684210526315789,1
733979,1,Rajasthan Royals,Death (15-19),2014,54,4,31,6,9,10.451612903225806,1
733979,1,Rajasthan Royals,Middle (6-14),2014,66,2,56,5,15,7.071428571428571,1
733979,1,Rajasthan Royals,Powerplay (0-5),2014,50,0,37,7,16,8.108108108108107,1
733979,2,Kolkata Knight Riders,Death (15-19),2014,38,3,35,2,11,6.514285714285714,0
733979,2,Kolkata Knight Riders,Middle (6-14),2014,72,3,54,7,15,8.0,0
733979,2,Kolkata Knight Riders,Powerplay (0-5),2014,50,0,36,8,15,8.333333333333334,0
733981,1,Delhi Daredevils,Death (15-19),2014,56,0,32,9,7,10.5,0
733981,1,Delhi Daredevils,Middle (6-14),2014,76,3,55,8,18,8.290909090909091,0
733981,1,Delhi Daredevils,Powerplay (0-5),2014,46,2,37,7,23,7.459459459459459,0
733981,2,Chennai Super Kings,Death (15-19),2014,54,1,28,8,6,11.571428571428571,1
733981,2,Chennai Super Kings,Middle (6-14),2014,78,1,56,10,23,8.357142857142856,1
733981,2,Chennai Super Kings,Powerplay (0-5),2014,49,0,36,8,22,8.166666666666666,1
733983,1,Mumbai Indians,Death (15-19),2014,68,1,31,10,7,13.161290322580644,1
733983,1,Mumbai Indians,Middle (6-14),2014,69,3,59,6,22,7.016949152542373,1
733983,1,Mumbai Indians,Powerplay (0-5),2014,50,1,38,6,21,7.894736842105264,1
733983,2,Royal Challengers Bangalore,Death (15-19),2014,43,4,31,6,12,8.32258064516129,0
733983,2,Royal Challengers Bangalore,Middle (6-14),2014,61,3,54,6,23,6.777777777777778,0
733983,2,Royal Challengers Bangalore,Powerplay (0-5),2014,64,1,39,11,16,9.846153846153847,0
733985,1,Delhi Daredevils,Death (15-19),2014,57,1,30,7,7,11.4,0
733985,1,Delhi Daredevils,Middle (6-14),2014,74,2,56,8,16,7.928571428571428,0
733985,1,Delhi Daredevils,Powerplay (0-5),2014,29,2,36,4,20,4.833333333333333,0
733985,2,Kolkata Knight Riders,Death (15-19),2014,33,1,20,5,6,9.9,1
733985,2,Kolkata Knight Riders,Middle (6-14),2014,76,1,54,7,9,8.444444444444445,1
733985,2,Kolkata Knight Riders,Powerplay (0-5),2014,52,0,37,5,15,8.432432432432432,1
733987,1,Kings XI Punjab,Death (15-19),2014,78,2,31,14,8,15.096774193548386,1
733987,1,Kings XI Punjab,Middle (6-14),2014,115,0,56,17,10,12.321428571428571,1
733987,1,Kings XI Punjab,Powerplay (0-5),2014,38,2,38,6,23,6.0,1
733987,2,Chennai Super Kings,Death (15-19),2014,68,2,31,10,4,13.161290322580644,0
733987,2,Chennai Super Kings,Middle (6-14),2014,73,3,55,7,11,7.963636363636364,0
733987,2,Chennai Super Kings,Powerplay (0-5),2014,46,1,37,6,16,7.459459459459459,0
733989,1,Sunrisers Hyderabad,Death (15-19),2014,32,4,31,3,17,6.193548387096774,1
733989,1,Sunrisers Hyderabad,Middle (6-14),2014,52,4,55,3,17,5.672727272727273,1
733989,1,Sunrisers Hyderabad,Powerplay (0-5),2014,50,1,36,9,16,8.333333333333334,1
733989,2,Rajasthan Royals,Death (15-19),2014,21,5,31,1,14,4.064516129032258,0
733989,2,Rajasthan Royals,Middle (6-14),2014,44,2,55,1,23,4.800000000000001,0
733989,2,Rajasthan Royals,Powerplay (0-5),2014,37,3,38,5,21,5.842105263157895,0
733991,1,Kings XI Punjab,Death (15-19),2014,58,4,31,8,10,11.225806451612902,1
733991,1,Kings XI Punjab,Middle (6-14),2014,76,3,56,10,19,8.142857142857142,1
733991,1,Kings XI Punjab,Powerplay (0-5),2014,64,1,44,8,14,8.727272727272728,1
733991,2,Royal Challengers Bangalore,Death (15-19),2014,57,3,32,7,8,10.6875,0
733991,2,Royal Challengers Bangalore,Middle (6-14),2014,75,3,56,8,19,8.035714285714285,0
733991,2,Royal Challengers Bangalore,Powerplay (0-5),2014,34,3,36,7,26,5.666666666666667,0
733993,1,Delhi Daredevils,Death (15-19),2014,22,4,30,1,13,4.4,0
733993,1,Delhi Daredevils,Middle (6-14),2014,69,2,54,6,16,7.666666666666667,0
733993,1,Delhi Daredevils,Powerplay (0-5),2014,52,1,37,8,17,8.432432432432432,0
733993,2,Sunrisers Hyderabad,Powerplay (0-5),2014,44,2,30,4,11,8.8,1
733995,1,Mumbai Indians,Death (15-19),2014,58,4,32,6,6,10.875,0
733995,1,Mumbai Indians,Middle (6-14),2014,57,1,54,5,19,6.333333333333333,0
733995,1,Mumbai Indians,Powerplay (0-5),2014,42,1,38,7,23,6.631578947368421,0
733995,2,Chennai Super Kings,Death (15-19),2014,48,4,30,5,7,9.6,1
733995,2,Chennai Super Kings,Middle (6-14),2014,74,1,56,9,20,7.928571428571428,1
733995,2,Chennai Super Kings,Powerplay (0-5),2014,38,1,36,5,20,6.333333333333333,1
733997,1,Kings XI Punjab,Death (15-19),2014,33,4,30,3,12,6.6,0
733997,1,Kings XI Punjab,Middle (6-14),2014,67,2,54,7,14,7.444444444444445,0
733997,1,Kings XI Punjab,Powerplay (0-5),2014,49,2,38,9,18,7.736842105263158,0
733997,2,Kolkata Knight Riders,Death (15-19),2014,27,0,18,2,2,9.0,1
733997,2,Kolkata Knight Riders,Middle (6-14),2014,68,1,56,7,15,7.285714285714286,1
733997,2,Kolkata Knight Riders,Powerplay (0-5),2014,55,0,37,10,18,8.91891891891892,1
733999,1,Royal Challengers Bangalore,Death (15-19),2014,84,2,34,12,7,14.823529411764705,0
733999,1,Royal Challengers Bangalore,Middle (6-14),2014,75,2,55,9,18,8.181818181818182,0
733999,1,Royal Challengers Bangalore,Powerplay (0-5),2014,31,1,36,6,23,5.166666666666667,0
733999,2,Rajasthan Royals,Death (15-19),2014,69,0,27,10,3,15.333333333333334,1
733999,2,Rajasthan Royals,Middle (6-14),2014,77,5,54,10,17,8.555555555555555,1
733999,2,Rajasthan Royals,Powerplay (0-5),2014,45,0,37,7,16,7.297297297297297,1
734001,1,Sunrisers Hyderabad,Death (15-19),2014,54,1,31,6,6,10.451612903225806,0
734001,1,Sunrisers Hyderabad,Middle (6-14),2014,60,1,55,8,24,6.545454545454546,0
734001,1,Sunrisers Hyderabad,Powerplay (0-5),2014,43,1,38,7,20,6.7894736842105265,0
734001,2,Mumbai Indians,Death (15-19),2014,35,2,25,5,7,8.399999999999999,1
734001,2,Mumbai Indians,Middle (6-14),2014,87,0,54,12,15,9.666666666666666,1
734001,2,Mumbai Indians,Powerplay (0-5),2014,38,1,36,4,19,6.333333333333333,1
734003,1,Rajasthan Royals,Death (15-19),2014,34,4,30,3,13,6.8,0
734003,1,Rajasthan Royals,Middle (6-14),2014,72,4,56,8,21,7.7142857142857135,0
734003,1,Rajasthan Royals,Powerplay (0-5),2014,42,0,37,6,23,6.8108108108108105,0
734003,2,Chennai Super Kings,Death (15-19),2014,43,1,30,3,6,8.6,1
734003,2,Chennai Super Kings,Middle (6-14),2014,58,2,55,4,16,6.327272727272728,1
734003,2,Chennai Super Kings,Powerplay (0-5),2014,48,2,38,7,18,7.578947368421053,1
734005,1,Royal Challengers Bangalore,Death (15-19),2014,78,0,35,10,10,13.371428571428572,1
734005,1,Royal Challengers Bangalore,Middle (6-14),2014,74,3,54,8,19,8.222222222222221,1
734005,1,Royal Challengers Bangalore,Powerplay (0-5),2014,34,1,36,5,22,5.666666666666667,1
734005,2,Delhi Daredevils,Death (15-19),2014,51,2,32,7,10,9.5625,0
734005,2,Delhi Daredevils,Middle (6-14),2014,73,3,54,7,16,8.11111111111111,0
734005,2,Delhi Daredevils,Powerplay (0-5),2014,46,2,38,5,14,7.2631578947368425,0
734007,1,Sunrisers Hyderabad,Death (15-19),2014,78,3,33,12,5,14.181818181818182,0
734007,1,Sunrisers Hyderabad,Middle (6-14),2014,72,2,55,6,21,7.854545454545455,0
734007,1,Sunrisers Hyderabad,Powerplay (0-5),2014,55,0,41,8,16,8.048780487804878,0
734007,2,Kings XI Punjab,Death (15-19),2014,42,0,22,5,4,11.454545454545455,1
734007,2,Kings XI Punjab,Middle (6-14),2014,83,3,55,10,22,9.054545454545455,1
734007,2,Kings XI Punjab,Powerplay (0-5),2014,86,1,36,16,9,14.333333333333334,1
734009,1,Mumbai Indians,Death (15-19),2014,42,2,31,4,8,8.129032258064516,0
734009,1,Mumbai Indians,Middle (6-14),2014,62,1,54,7,21,6.888888888888889,0
734009,1,Mumbai Indians,Powerplay (0-5),2014,37,2,40,4,23,5.55,0
734009,2,Kolkata Knight Riders,Death (15-19),2014,42,2,23,6,5,10.956521739130434,1
734009,2,Kolkata Knight Riders,Middle (6-14),2014,55,2,55,4,18,6.0,1
734009,2,Kolkata Knight Riders,Powerplay (0-5),2014,45,0,38,7,18,7.105263157894737,1
734011,1,Rajasthan Royals,Death (15-19),2014,60,4,32,8,11,11.25,1
734011,1,Rajasthan Royals,Middle (6-14),2014,89,1,57,10,13,9.368421052631579,1
734011,1,Rajasthan Royals,Powerplay (0-5),2014,52,1,36,7,15,8.666666666666666,1
734011,2,Delhi Daredevils,Death (15-19),2014,46,1,32,6,9,8.625,0
734011,2,Delhi Daredevils,Middle (6-14),2014,59,6,57,5,19,6.2105263157894735,0
734011,2,Delhi Daredevils,Powerplay (0-5),2014,34,2,37,4,18,5.513513513513513,0
734013,1,Chennai Super Kings,Death (15-19),2014,31,1,30,1,9,6.2,0
734013,1,Chennai Super Kings,Middle (6-14),2014,68,1,57,7,17,7.157894736842105,0
734013,1,Chennai Super Kings,Powerplay (0-5),2014,39,2,36,6,20,6.5,0
734013,2,Royal Challengers Bangalore,Death (15-19),2014,56,3,30,7,11,11.2,1
734013,2,Royal Challengers Bangalore,Middle (6-14),2014,69,1,56,7,24,7.392857142857142,1
734013,2,Royal Challengers Bangalore,Powerplay (0-5),2014,17,1,36,2,25,2.8333333333333335,1
734015,1,Sunrisers Hyderabad,Death (15-19),2014,33,3,33,2,11,6.0,0
734015,1,Sunrisers Hyderabad,Middle (6-14),2014,68,3,54,9,24,7.555555555555555,0
734015,1,Sunrisers Hyderabad,Powerplay (0-5),2014,41,2,39,6,19,6.3076923076923075,0
734015,2,Kolkata Knight Riders,Death (15-19),2014,43,1,28,4,3,9.214285714285714,1
734015,2,Kolkata Knight Riders,Middle (6-14),2014,73,1,54,10,18,8.11111111111111,1
734015,2,Kolkata Knight Riders,Powerplay (0-5),2014,30,1,36,4,21,5.0,1
734017,1,Mumbai Indians,Death (15-19),2014,56,1,30,8,13,11.2,1
734017,1,Mumbai Indians,Middle (6-14),2014,80,2,55,7,11,8.727272727272728,1
734017,1,Mumbai Indians,Powerplay (0-5),2014,42,0,38,6,18,6.631578947368421,1
734017,2,Rajasthan Royals,Death (15-19),2014,57,1,32,6,5,10.6875,0
734017,2,Rajasthan Royals,Middle (6-14),2014,49,4,56,3,28,5.25,0
734017,2,Rajasthan Royals,Powerplay (0-5),2014,47,3,39,6,18,7.230769230769231,0
734019,1,Delhi Daredevils,Death (15-19),2014,43,5,30,5,11,8.6,0
734019,1,Delhi Daredevils,Middle (6-14),2014,66,1,54,8,18,7.333333333333333,0
734019,1,Delhi Daredevils,Powerplay (0-5),2014,55,1,40,8,15,8.25,0
734019,2,Kings XI Punjab,Death (15-19),2014,38,1,28,5,10,8.142857142857142,1
734019,2,Kings XI Punjab,Middle (6-14),2014,61,5,59,5,23,6.203389830508474,1
734019,2,Kings XI Punjab,Powerplay (0-5),2014,66,0,42,9,18,9.428571428571429,1
734021,1,Royal Challengers Bangalore,Death (15-19),2014,55,3,31,7,8,10.64516129032258,0
734021,1,Royal Challengers Bangalore,Middle (6-14),2014,80,1,56,10,16,8.571428571428571,0
734021,1,Royal Challengers Bangalore,Powerplay (0-5),2014,25,2,36,2,22,4.166666666666667,0
734021,2,Sunrisers Hyderabad,Death (15-19),2014,45,2,30,4,7,9.0,1
734021,2,Sunrisers Hyderabad,Middle (6-14),2014,65,1,54,6,21,7.222222222222222,1
734021,2,Sunrisers Hyderabad,Powerplay (0-5),2014,51,0,37,9,19,8.27027027027027,1
734023,1,Chennai Super Kings,Death (15-19),2014,48,2,32,5,9,9.0,0
734023,1,Chennai Super Kings,Middle (6-14),2014,71,1,54,6,10,7.888888888888889,0
734023,1,Chennai Super Kings,Powerplay (0-5),2014,35,1,37,6,26,5.675675675675675,0
734023,2,Kolkata Knight Riders,Death (15-19),2014,37,0,18,6,1,12.333333333333334,1
734023,2,Kolkata Knight Riders,Middle (6-14),2014,67,2,54,7,19,7.444444444444445,1
734023,2,Kolkata Knight Riders,Powerplay (0-5),2014,52,0,37,9,15,8.432432432432432,1
734025,1,Kings XI Punjab,Death (15-19),2014,49,3,30,7,9,9.8,0
734025,1,Kings XI Punjab,Middle (6-14),2014,59,4,55,4,25,6.4363636363636365,0
734025,1,Kings XI Punjab,Powerplay (0-5),2014,48,1,38,8,22,7.578947368421053,0
734025,2,Mumbai Indians,Death (15-19),2014,26,1,26,2,8,6.0,1
734025,2,Mumbai Indians,Middle (6-14),2014,71,2,55,7,17,7.745454545454546,1
734025,2,Mumbai Indians,Powerplay (0-5),2014,62,0,39,10,13,9.538461538461538,1
734027,1,Kolkata Knight Riders,Death (15-19),2014,54,1,32,8,8,10.125,1
734027,1,Kolkata Knight Riders,Middle (6-14),2014,96,1,55,13,15,10.472727272727273,1
734027,1,Kolkata Knight Riders,Powerplay (0-5),2014,45,2,38,6,18,7.105263157894737,1
734027,2,Royal Challengers Bangalore,Death (15-19),2014,59,2,31,6,8,11.419354838709676,0
734027,2,Royal Challengers Bangalore,Middle (6-14),2014,70,2,55,6,14,7.636363636363637,0
734027,2,Royal Challengers Bangalore,Powerplay (0-5),2014,36,1,36,6,20,6.0,0
734029,1,Chennai Super Kings,Death (15-19),2014,68,0,31,9,8,13.161290322580644,0
734029,1,Chennai Super Kings,Middle (6-14),2014,57,2,54,5,21,6.333333333333333,0
734029,1,Chennai Super Kings,Powerplay (0-5),2014,60,1,36,11,15,10.0,0
734029,2,Sunrisers Hyderabad,Death (15-19),2014,41,3,28,5,11,8.785714285714285,1
734029,2,Sunrisers Hyderabad,Middle (6-14),2014,84,1,56,7,10,9.0,1
734029,2,Sunrisers Hyderabad,Powerplay (0-5),2014,64,0,37,12,14,10.378378378378377,1
734031,1,Mumbai Indians,Death (15-19),2014,24,6,28,2,10,5.142857142857142,1
734031,1,Mumbai Indians,Middle (6-14),2014,84,4,55,11,13,9.163636363636364,1
734031,1,Mumbai Indians,Powerplay (0-5),2014,65,0,37,10,11,10.54054054054054,1
734031,2,Delhi Daredevils,Death (15-19),2014,53,1,31,6,5,10.258064516129032,0
734031,2,Delhi Daredevils,Middle (6-14),2014,58,2,56,6,23,6.2142857142857135,0
734031,2,Delhi Daredevils,Powerplay (0-5),2014,47,1,36,7,16,7.833333333333333,0
734033,1,Kings XI Punjab,Death (15-19),2014,59,0,31,4,6,11.419354838709676,1
734033,1,Kings XI Punjab,Middle (6-14),2014,67,3,55,8,18,7.3090909090909095,1
734033,1,Kings XI Punjab,Powerplay (0-5),2014,53,1,38,10,20,8.368421052631579,1
734033,2,Rajasthan Royals,Death (15-19),2014,71,3,30,10,7,14.2,0
734033,2,Rajasthan Royals,Middle (6-14),2014,48,4,56,1,23,5.142857142857142,0
734033,2,Rajasthan Royals,Powerplay (0-5),2014,44,1,37,6,17,7.135135135135135,0
734035,1,Royal Challengers Bangalore,Death (15-19),2014,53,2,33,6,7,9.636363636363637,0
734035,1,Royal Challengers Bangalore,Middle (6-14),2014,67,1,55,5,17,7.3090909090909095,0
734035,1,Royal Challengers Bangalore,Powerplay (0-5),2014,34,3,36,5,21,5.666666666666667,0
734035,2,Chennai Super Kings,Death (15-19),2014,49,0,16,7,1,18.375,1
734035,2,Chennai Super Kings,Middle (6-14),2014,47,1,54,3,18,5.222222222222222,1
734035,2,Chennai Super Kings,Powerplay (0-5),2014,64,1,37,10,12,10.378378378378377,1
734037,1,Sunrisers Hyderabad,Death (15-19),2014,39,3,31,5,13,7.548387096774193,0
734037,1,Sunrisers Hyderabad,Middle (6-14),2014,72,3,55,11,28,7.854545454545455,0
734037,1,Sunrisers Hyderabad,Powerplay (0-5),2014,49,1,38,8,25,7.736842105263158,0
734037,2,Kolkata Knight Riders,Middle (6-14),2014,112,5,51,17,14,13.176470588235293,1
734037,2,Kolkata Knight Riders,Powerplay (0-5),2014,49,1,39,8,20,7.538461538461538,1
734039,1,Delhi Daredevils,Death (15-19),2014,12,4,19,1,12,3.7894736842105265,0
734039,1,Delhi Daredevils,Middle (6-14),2014,59,3,56,6,21,6.321428571428571,0
734039,1,Delhi Daredevils,Powerplay (0-5),2014,44,3,36,8,19,7.333333333333333,0
734039,2,Kings XI Punjab,Middle (6-14),2014,71,1,51,7,15,8.352941176470589,1
734039,2,Kings XI Punjab,Powerplay (0-5),2014,48,2,38,7,22,7.578947368421053,1
734041,1,Rajasthan Royals,Death (15-19),2014,55,2,32,6,7,10.3125,0
734041,1,Rajasthan Royals,Middle (6-14),2014,99,1,54,14,12,11.0,0
734041,1,Rajasthan Royals,Powerplay (0-5),2014,35,1,37,6,23,5.675675675675675,0
734041,2,Mumbai Indians,Middle (6-14),2014,124,2,55,20,9,13.527272727272727,1
734041,2,Mumbai Indians,Powerplay (0-5),2014,71,3,37,11,16,11.513513513513512,1
734043,1,Kolkata Knight Riders,Death (15-19),2014,51,3,30,8,12,10.2,1
734043,1,Kolkata Knight Riders,Middle (6-14),2014,57,4,56,7,25,6.107142857142857,1
734043,1,Kolkata Knight Riders,Powerplay (0-5),2014,55,1,37,8,12,8.91891891891892,1
734043,2,Kings XI Punjab,Death (15-19),2014,43,2,30,5,12,8.6,0
734043,2,Kings XI Punjab,Middle (6-14),2014,46,4,54,3,24,5.111111111111111,0
734043,2,Kings XI Punjab,Powerplay (0-5),2014,46,2,38,5,19,7.2631578947368425,0
734045,1,Mumbai Indians,Death (15-19),2014,46,6,30,6,8,9.2,0
734045,1,Mumbai Indians,Middle (6-14),2014,74,2,54,8,21,8.222222222222221,0
734045,1,Mumbai Indians,Powerplay (0-5),2014,53,0,36,9,14,8.833333333333334,0
734045,2,Chennai Super Kings,Death (15-19),2014,44,0,25,6,7,10.559999999999999,1
734045,2,Chennai Super Kings,Middle (6-14),2014,72,3,57,7,21,7.578947368421052,1
734045,2,Chennai Super Kings,Powerplay (0-5),2014,60,0,36,10,11,10.0,1
734047,1,Kings XI Punjab,Death (15-19),2014,59,4,31,9,8,11.419354838709676,1
734047,1,Kings XI Punjab,Middle (6-14),2014,97,2,60,12,15,9.7,1
734047,1,Kings XI Punjab,Powerplay (0-5),2014,70,0,38,11,13,11.052631578947368,1
734047,2,Chennai Super Kings,Death (15-19),2014,47,1,33,6,16,8.545454545454545,0
734047,2,Chennai Super Kings,Middle (6-14),2014,55,4,56,3,16,5.892857142857142,0
734047,2,Chennai Super Kings,Powerplay (0-5),2014,100,2,39,18,11,15.384615384615385,0
734049,1,Kings XI Punjab,Death (15-19),2014,68,2,32,11,10,12.75,0
734049,1,Kings XI Punjab,Middle (6-14),2014,99,0,54,13,14,11.0,0
734049,1,Kings XI Punjab,Powerplay (0-5),2014,32,2,36,3,21,5.333333333333333,0
734049,2,Kolkata Knight Riders,Death (15-19),2014,49,4,29,7,8,10.13793103448276,1
734049,2,Kolkata Knight Riders,Middle (6-14),2014,92,2,56,12,20,9.857142857142856,1
734049,2,Kolkata Knight Riders,Powerplay (0-5),2014,59,1,38,7,8,9.31578947368421,1
829705,1,Mumbai Indians,Death (15-19),2015,67,0,31,10,6,12.96774193548387,0
829705,1,Mumbai Indians,Middle (6-14),2015,64,0,54,9,21,7.111111111111111,0
829705,1,Mumbai Indians,Powerplay (0-5),2015,37,3,37,6,21,6.0,0
829705,2,Kolkata Knight Riders,Death (15-19),2015,41,0,22,6,8,11.181818181818182,1
829705,2,Kolkata Knight Riders,Middle (6-14),2015,91,2,54,11,11,10.11111111111111,1
829705,2,Kolkata Knight Riders,Powerplay (0-5),2015,38,1,37,5,21,6.162162162162162,1
829707,1,Chennai Super Kings,Death (15-19),2015,34,3,30,3,14,6.8,1
829707,1,Chennai Super Kings,Middle (6-14),2015,57,2,55,5,22,6.218181818181819,1
829707,1,Chennai Super Kings,Powerplay (0-5),2015,59,2,38,8,18,9.31578947368421,1
829707,2,Delhi Daredevils,Death (15-19),2015,47,4,32,5,8,8.8125,0
829707,2,Delhi Daredevils,Middle (6-14),2015,62,2,56,6,17,6.642857142857142,0
829707,2,Delhi Daredevils,Powerplay (0-5),2015,40,3,37,6,18,6.486486486486486,0
829709,1,Rajasthan Royals,Death (15-19),2015,52,2,31,6,8,10.064516129032258,1
829709,1,Rajasthan Royals,Middle (6-14),2015,75,2,61,7,24,7.3770491803278695,1
829709,1,Rajasthan Royals,Powerplay (0-5),2015,35,3,36,4,22,5.833333333333333,1
829709,2,Kings XI Punjab,Death (15-19),2015,32,3,32,3,15,6.0,0
829709,2,Kings XI Punjab,Middle (6-14),2015,53,2,56,7,28,5.678571428571428,0
829709,2,Kings XI Punjab,Powerplay (0-5),2015,51,3,39,7,18,7.846153846153846,0
829711,1,Chennai Super Kings,Death (15-19),2015,66,2,31,10,6,12.774193548387096,1
829711,1,Chennai Super Kings,Middle (6-14),2015,94,2,56,13,21,10.071428571428571,1
829711,1,Chennai Super Kings,Powerplay (0-5),2015,49,0,41,7,25,7.170731707317073,1
829711,2,Sunrisers Hyderabad,Death (15-19),2015,49,2,33,4,5,8.909090909090908,0
829711,2,Sunrisers Hyderabad,Middle (6-14),2015,69,2,55,4,19,7.527272727272727,0
829711,2,Sunrisers Hyderabad,Powerplay (0-5),2015,46,2,36,7,14,7.666666666666667,0
829713,1,Kolkata Knight Riders,Death (15-19),2015,55,4,31,9,10,10.64516129032258,0
829713,1,Kolkata Knight Riders,Middle (6-14),2015,69,2,55,9,19,7.527272727272727,0
829713,1,Kolkata Knight Riders,Powerplay (0-5),2015,53,0,37,8,11,8.594594594594595,0
829713,2,Royal Challengers Bangalore,Death (15-19),2015,60,2,25,9,4,14.399999999999999,1
829713,2,Royal Challengers Bangalore,Middle (6-14),2015,78,4,54,10,19,8.666666666666666,1
829713,2,Royal Challengers Bangalore,Powerplay (0-5),2015,41,1,36,5,20,6.833333333333333,1
829715,1,Delhi Daredevils,Death (15-19),2015,65,1,31,8,4,12.580645161290322,0
829715,1,Delhi Daredevils,Middle (6-14),2015,68,1,59,6,22,6.915254237288135,0
829715,1,Delhi Daredevils,Powerplay (0-5),2015,51,1,37,8,13,8.27027027027027,0
829715,2,Rajasthan Royals,Death (15-19),2015,56,3,32,7,6,10.5,1
829715,2,Rajasthan Royals,Middle (6-14),2015,88,3,57,10,14,9.263157894736842,1
829715,2,Rajasthan Royals,Powerplay (0-5),2015,42,1,36,6,19,7.0,1
829717,1,Kings XI Punjab,Death (15-19),2015,50,2,31,6,9,9.67741935483871,1
829717,1,Kings XI Punjab,Middle (6-14),2015,70,3,55,8,14,7.636363636363637,1
829717,1,Kings XI Punjab,Powerplay (0-5),2015,57,0,37,11,17,9.243243243243242,1
829717,2,Mumbai Indians,Death (15-19),2015,80,1,32,13,8,15.0,0
829717,2,Mumbai Indians,Middle (6-14),2015,62,3,56,9,27,6.642857142857142,0
829717,2,Mumbai Indians,Powerplay (0-5),2015,17,3,37,1,27,2.7567567567567566,0
829719,1,Royal Challengers Bangalore,Death (15-19),2015,52,6,31,7,12,10.064516129032258,0
829719,1,Royal Challengers Bangalore,Middle (6-14),2015,67,3,55,7,20,7.3090909090909095,0
829719,1,Royal Challengers Bangalore,Powerplay (0-5),2015,47,1,40,8,23,7.05,0
829719,2,Sunrisers Hyderabad,Death (15-19),2015,35,0,17,3,2,12.352941176470587,1
829719,2,Sunrisers Hyderabad,Middle (6-14),2015,72,2,57,6,14,7.578947368421052,1
829719,2,Sunrisers Hyderabad,Powerplay (0-5),2015,65,0,37,12,15,10.54054054054054,1
829721,1,Mumbai Indians,Death (15-19),2015,81,2,30,13,7,16.2,0
829721,1,Mumbai Indians,Middle (6-14),2015,52,2,55,7,32,5.672727272727273,0
829721,1,Mumbai Indians,Powerplay (0-5),2015,31,2,36,5,23,5.166666666666667,0
829721,2,Rajasthan Royals,Death (15-19),2015,52,0,27,7,7,11.555555555555555,1
829721,2,Rajasthan Royals,Middle (6-14),2015,71,2,55,5,14,7.745454545454546,1
829721,2,Rajasthan Royals,Powerplay (0-5),2015,42,1,37,6,16,6.8108108108108105,1
829723,1,Chennai Super Kings,Death (15-19),2015,44,4,30,5,11,8.8,0
829723,1,Chennai Super Kings,Middle (6-14),2015,52,1,54,6,28,5.777777777777778,0
829723,1,Chennai Super Kings,Powerplay (0-5),2015,69,4,38,13,21,10.894736842105264,0
829723,2,Kolkata Knight Riders,Death (15-19),2015,51,0,29,5,7,10.551724137931036,1
829723,2,Kolkata Knight Riders,Middle (6-14),2015,80,2,56,9,13,8.571428571428571,1
829723,2,Kolkata Knight Riders,Powerplay (0-5),2015,38,1,39,4,19,5.846153846153846,1
829725,1,Kings XI Punjab,Death (15-19),2015,50,4,31,5,8,9.67741935483871,0
829725,1,Kings XI Punjab,Middle (6-14),2015,74,2,58,6,14,7.655172413793104,0
829725,1,Kings XI Punjab,Powerplay (0-5),2015,41,1,37,6,21,6.648648648648648,0
829725,2,Delhi Daredevils,Death (15-19),2015,49,3,33,6,9,8.909090909090908,1
829725,2,Delhi Daredevils,Middle (6-14),2015,73,1,55,9,19,7.963636363636364,1
829725,2,Delhi Daredevils,Powerplay (0-5),2015,47,1,39,7,17,7.230769230769231,1
829727,1,Sunrisers Hyderabad,Death (15-19),2015,37,1,30,3,10,7.4,0
829727,1,Sunrisers Hyderabad,Middle (6-14),2015,55,1,57,6,28,5.7894736842105265,0
829727,1,Sunrisers Hyderabad,Powerplay (0-5),2015,35,3,38,6,24,5.526315789473684,0
829727,2,Rajasthan Royals,Death (15-19),2015,35,1,30,4,9,7.0,1
829727,2,Rajasthan Royals,Middle (6-14),2015,60,3,56,7,22,6.428571428571428,1
829727,2,Rajasthan Royals,Powerplay (0-5),2015,36,0,38,4,20,5.684210526315789,1
829729,1,Mumbai Indians,Death (15-19),2015,51,2,30,6,9,10.2,0
829729,1,Mumbai Indians,Middle (6-14),2015,101,2,56,14,15,10.821428571428571,0
829729,1,Mumbai Indians,Powerplay (0-5),2015,31,3,38,4,24,4.894736842105264,0
829729,2,Chennai Super Kings,Death (15-19),2015,21,0,11,3,2,11.454545454545455,1
829729,2,Chennai Super Kings,Middle (6-14),2015,78,4,60,10,24,7.8,1
829729,2,Chennai Super Kings,Powerplay (0-5),2015,90,0,40,17,11,13.5,1
829731,1,Delhi Daredevils,Death (15-19),2015,46,2,30,4,5,9.2,1
829731,1,Delhi Daredevils,Middle (6-14),2015,81,1,57,9,16,8.526315789473685,1
829731,1,Delhi Daredevils,Powerplay (0-5),2015,40,1,39,5,21,6.153846153846154,1
829731,2,Sunrisers Hyderabad,Death (15-19),2015,53,5,30,6,7,10.6,0
829731,2,Sunrisers Hyderabad,Middle (6-14),2015,60,3,54,5,19,6.666666666666667,0
829731,2,Sunrisers Hyderabad,Powerplay (0-5),2015,50,0,37,7,16,8.108108108108107,0
829733,1,Kings XI Punjab,Death (15-19),2015,43,4,30,5,11,8.6,0
829733,1,Kings XI Punjab,Middle (6-14),2015,64,2,57,4,20,6.7368421052631575,0
829733,1,Kings XI Punjab,Powerplay (0-5),2015,48,3,36,8,19,8.0,0
829733,2,Kolkata Knight Riders,Death (15-19),2015,34,1,17,5,1,12.0,1
829733,2,Kolkata Knight Riders,Middle (6-14),2015,72,3,55,12,25,7.854545454545455,1
829733,2,Kolkata Knight Riders,Powerplay (0-5),2015,53,2,36,8,17,8.833333333333334,1
829735,1,Chennai Super Kings,Death (15-19),2015,50,0,31,7,10,9.67741935483871,0
829735,1,Chennai Super Kings,Middle (6-14),2015,67,2,56,8,21,7.178571428571428,0
829735,1,Chennai Super Kings,Powerplay (0-5),2015,39,2,36,6,20,6.5,0
829735,2,Rajasthan Royals,Death (15-19),2015,19,2,20,0,5,5.7,1
829735,2,Rajasthan Royals,Middle (6-14),2015,91,0,55,10,9,9.927272727272728,1
829735,2,Rajasthan Royals,Powerplay (0-5),2015,47,0,36,8,16,7.833333333333333,1
829737,1,Mumbai Indians,Death (15-19),2015,76,5,32,13,6,14.25,1
829737,1,Mumbai Indians,Middle (6-14),2015,85,1,57,12,25,8.947368421052632,1
829737,1,Mumbai Indians,Powerplay (0-5),2015,48,1,39,8,20,7.384615384615385,1
829737,2,Royal Challengers Bangalore,Death (15-19),2015,62,1,33,10,8,11.272727272727273,0
829737,2,Royal Challengers Bangalore,Middle (6-14),2015,96,5,58,14,19,9.931034482758621,0
829737,2,Royal Challengers Bangalore,Powerplay (0-5),2015,33,1,43,4,26,4.604651162790698,0
829739,1,Delhi Daredevils,Death (15-19),2015,43,3,31,5,12,8.32258064516129,0
829739,1,Delhi Daredevils,Middle (6-14),2015,69,3,56,8,21,7.392857142857142,0
829739,1,Delhi Daredevils,Powerplay (0-5),2015,34,2,39,5,21,5.230769230769231,0
829739,2,Kolkata Knight Riders,Death (15-19),2015,28,1,19,4,7,8.842105263157896,1
829739,2,Kolkata Knight Riders,Middle (6-14),2015,71,1,55,9,15,7.745454545454546,1
829739,2,Kolkata Knight Riders,Powerplay (0-5),2015,48,2,38,7,15,7.578947368421053,1
829741,1,Rajasthan Royals,Death (15-19),2015,55,4,33,7,8,10.0,0
829741,1,Rajasthan Royals,Middle (6-14),2015,93,2,55,11,13,10.145454545454546,0
829741,1,Rajasthan Royals,Powerplay (0-5),2015,43,0,38,6,19,6.7894736842105265,0
829741,2,Kings XI Punjab,Death (15-19),2015,71,2,31,10,4,13.741935483870966,0
829741,2,Kings XI Punjab,Middle (6-14),2015,80,3,54,8,16,8.88888888888889,0
829741,2,Kings XI Punjab,Powerplay (0-5),2015,40,1,36,4,20,6.666666666666667,0
829741,3,Kings XI Punjab,Powerplay (0-5),2015,15,2,7,3,3,12.857142857142856,0
829741,4,Rajasthan Royals,Powerplay (0-5),2015,6,2,4,1,2,9.0,0
829743,1,Sunrisers Hyderabad,Death (15-19),2015,43,3,31,6,15,8.32258064516129,1
829743,1,Sunrisers Hyderabad,Middle (6-14),2015,90,1,54,10,13,10.0,1
829743,1,Sunrisers Hyderabad,Powerplay (0-5),2015,43,0,37,6,13,6.972972972972973,1
829743,2,Kolkata Knight Riders,Middle (6-14),2015,52,2,36,6,9,8.666666666666666,0
829743,2,Kolkata Knight Riders,Powerplay (0-5),2015,49,2,38,5,13,7.736842105263158,0
829745,1,Chennai Super Kings,Death (15-19),2015,47,4,32,7,11,8.8125,1
829745,1,Chennai Super Kings,Middle (6-14),2015,89,3,55,13,21,9.709090909090909,1
829745,1,Chennai Super Kings,Powerplay (0-5),2015,45,1,36,7,23,7.5,1
829745,2,Royal Challengers Bangalore,Death (15-19),2015,43,3,30,5,11,8.6,0
829745,2,Royal Challengers Bangalore,Middle (6-14),2015,73,3,55,9,20,7.963636363636364,0
829745,2,Royal Challengers Bangalore,Powerplay (0-5),2015,38,2,36,5,20,6.333333333333333,0
829747,1,Delhi Daredevils,Death (15-19),2015,53,3,32,6,7,9.9375,1
829747,1,Delhi Daredevils,Middle (6-14),2015,92,0,55,12,13,10.036363636363637,1
829747,1,Delhi Daredevils,Powerplay (0-5),2015,45,1,40,6,20,6.75,1
829747,2,Mumbai Indians,Death (15-19),2015,33,5,32,5,18,6.1875,0
829747,2,Mumbai Indians,Middle (6-14),2015,72,2,57,6,18,7.578947368421052,0
829747,2,Mumbai Indians,Powerplay (0-5),2015,48,2,39,8,20,7.384615384615385,0
829749,1,Rajasthan Royals,Death (15-19),2015,30,4,30,2,8,6.0,0
829749,1,Rajasthan Royals,Middle (6-14),2015,52,3,55,3,18,5.672727272727273,0
829749,1,Rajasthan Royals,Powerplay (0-5),2015,48,2,38,8,18,7.578947368421053,0
829749,2,Royal Challengers Bangalore,Death (15-19),2015,10,0,7,1,1,8.571428571428571,1
829749,2,Royal Challengers Bangalore,Middle (6-14),2015,75,0,54,6,10,8.333333333333334,1
829749,2,Royal Challengers Bangalore,Powerplay (0-5),2015,49,1,36,7,17,8.166666666666666,1
829751,1,Mumbai Indians,Death (15-19),2015,45,4,35,4,10,7.714285714285714,1
829751,1,Mumbai Indians,Middle (6-14),2015,66,3,54,8,16,7.333333333333333,1
829751,1,Mumbai Indians,Powerplay (0-5),2015,46,1,40,7,17,6.8999999999999995,1
829751,2,Sunrisers Hyderabad,Death (15-19),2015,33,4,31,4,16,6.387096774193548,0
829751,2,Sunrisers Hyderabad,Middle (6-14),2015,52,2,55,2,19,5.672727272727273,0
829751,2,Sunrisers Hyderabad,Powerplay (0-5),2015,52,2,37,10,19,8.432432432432432,0
829753,1,Chennai Super Kings,Death (15-19),2015,54,1,31,6,7,10.451612903225806,1
829753,1,Chennai Super Kings,Middle (6-14),2015,84,1,58,11,21,8.689655172413794,1
829753,1,Chennai Super Kings,Powerplay (0-5),2015,54,1,37,9,19,8.756756756756756,1
829753,2,Kings XI Punjab,Death (15-19),2015,16,2,30,0,17,3.2,0
829753,2,Kings XI Punjab,Middle (6-14),2015,40,5,55,2,28,4.363636363636364,0
829753,2,Kings XI Punjab,Powerplay (0-5),2015,39,2,37,5,18,6.324324324324324,0
829757,1,Delhi Daredevils,Death (15-19),2015,10,3,21,0,11,2.857142857142857,0
829757,1,Delhi Daredevils,Middle (6-14),2015,47,5,55,5,25,5.127272727272728,0
829757,1,Delhi Daredevils,Powerplay (0-5),2015,38,2,40,4,20,5.7,0
829757,2,Royal Challengers Bangalore,Middle (6-14),2015,49,0,28,8,7,10.5,1
829757,2,Royal Challengers Bangalore,Powerplay (0-5),2015,50,0,37,8,16,8.108108108108107,1
829759,1,Sunrisers Hyderabad,Death (15-19),2015,46,3,30,6,9,9.2,1
829759,1,Sunrisers Hyderabad,Middle (6-14),2015,48,1,54,2,15,5.333333333333333,1
829759,1,Sunrisers Hyderabad,Powerplay (0-5),2015,56,2,36,12,19,9.333333333333334,1
829759,2,Kings XI Punjab,Death (15-19),2015,37,4,30,3,10,7.4,0
829759,2,Kings XI Punjab,Middle (6-14),2015,57,3,54,2,13,6.333333333333333,0
829759,2,Kings XI Punjab,Powerplay (0-5),2015,36,2,41,4,20,5.2682926829268295,0
829761,1,Kolkata Knight Riders,Death (15-19),2015,62,3,31,9,7,12.0,1
829761,1,Kolkata Knight Riders,Middle (6-14),2015,59,3,55,5,25,6.4363636363636365,1
829761,1,Kolkata Knight Riders,Powerplay (0-5),2015,50,1,39,8,16,7.6923076923076925,1
829761,2,Delhi Daredevils,Death (15-19),2015,52,2,32,8,9,9.75,0
829761,2,Delhi Daredevils,Middle (6-14),2015,70,4,55,8,18,7.636363636363637,0
829761,2,Delhi Daredevils,Powerplay (0-5),2015,36,0,38,5,21,5.684210526315789,0
829763,1,Royal Challengers Bangalore,Death (15-19),2015,70,3,34,11,6,12.352941176470587,0
829763,1,Royal Challengers Bangalore,Middle (6-14),2015,78,2,56,10,21,8.357142857142856,0
829763,1,Royal Challengers Bangalore,Powerplay (0-5),2015,52,2,38,9,20,8.210526315789474,0
829765,1,Chennai Super Kings,Death (15-19),2015,35,1,33,3,9,6.363636363636363,1
829765,1,Chennai Super Kings,Middle (6-14),2015,46,4,57,2,24,4.842105263157895,1
829765,1,Chennai Super Kings,Powerplay (0-5),2015,53,1,37,10,22,8.594594594594595,1
829765,2,Kolkata Knight Riders,Death (15-19),2015,42,5,30,5,11,8.4,0
829765,2,Kolkata Knight Riders,Middle (6-14),2015,36,2,56,1,26,3.8571428571428568,0
829765,2,Kolkata Knight Riders,Powerplay (0-5),2015,54,2,37,9,15,8.756756756756756,0
829767,1,Kings XI Punjab,Death (15-19),2015,44,2,31,4,7,8.516129032258064,0
829767,1,Kings XI Punjab,Middle (6-14),2015,47,2,55,4,23,5.127272727272728,0
829767,1,Kings XI Punjab,Powerplay (0-5),2015,27,4,37,4,23,4.378378378378378,0
829767,2,Delhi Daredevils,Middle (6-14),2015,78,1,51,10,9,9.176470588235293,1
829767,2,Delhi Daredevils,Powerplay (0-5),2015,41,0,38,5,20,6.473684210526316,1
829769,1,Mumbai Indians,Death (15-19),2015,67,1,32,9,4,12.5625,1
829769,1,Mumbai Indians,Middle (6-14),2015,73,3,55,8,17,7.963636363636364,1
829769,1,Mumbai Indians,Powerplay (0-5),2015,47,1,38,7,16,7.421052631578948,1
829769,2,Rajasthan Royals,Death (15-19),2015,52,4,31,6,5,10.064516129032258,0
829769,2,Rajasthan Royals,Middle (6-14),2015,72,2,58,6,15,7.448275862068966,0
829769,2,Rajasthan Royals,Powerplay (0-5),2015,55,1,39,8,14,8.461538461538462,0
829771,1,Kolkata Knight Riders,Middle (6-14),2015,50,3,26,7,8,11.53846153846154,0
829771,1,Kolkata Knight Riders,Powerplay (0-5),2015,61,1,39,9,12,9.384615384615385,0
829771,2,Royal Challengers Bangalore,Middle (6-14),2015,53,1,23,7,1,13.826086956521738,1
829771,2,Royal Challengers Bangalore,Powerplay (0-5),2015,62,2,39,8,13,9.538461538461538,1
829773,1,Sunrisers Hyderabad,Death (15-19),2015,49,4,31,7,9,9.483870967741934,1
829773,1,Sunrisers Hyderabad,Middle (6-14),2015,67,3,56,9,22,7.178571428571428,1
829773,1,Sunrisers Hyderabad,Powerplay (0-5),2015,76,0,37,13,8,12.324324324324325,1
829773,2,Chennai Super Kings,Death (15-19),2015,40,1,31,3,4,7.741935483870967,0
829773,2,Chennai Super Kings,Middle (6-14),2015,76,3,56,8,13,8.142857142857142,0
829773,2,Chennai Super Kings,Powerplay (0-5),2015,54,2,37,10,20,8.756756756756756,0
829775,1,Mumbai Indians,Death (15-19),2015,49,2,32,5,7,9.1875,1
829775,1,Mumbai Indians,Middle (6-14),2015,72,1,54,8,19,8.0,1
829775,1,Mumbai Indians,Powerplay (0-5),2015,51,0,36,8,16,8.5,1
829775,2,Kings XI Punjab,Death (15-19),2015,36,4,31,3,11,6.967741935483871,0
829775,2,Kings XI Punjab,Middle (6-14),2015,68,1,55,5,15,7.418181818181819,0
829775,2,Kings XI Punjab,Powerplay (0-5),2015,45,2,37,5,16,7.297297297297297,0
829777,1,Rajasthan Royals,Death (15-19),2015,75,1,31,11,5,14.516129032258064,1
829777,1,Rajasthan Royals,Middle (6-14),2015,71,1,54,8,18,7.888888888888889,1
829777,1,Rajasthan Royals,Powerplay (0-5),2015,43,0,39,6,19,6.615384615384615,1
829777,2,Delhi Daredevils,Death (15-19),2015,55,3,34,4,7,9.705882352941176,0
829777,2,Delhi Daredevils,Middle (6-14),2015,65,2,57,7,27,6.842105263157895,0
829777,2,Delhi Daredevils,Powerplay (0-5),2015,55,2,40,10,20,8.25,0
829779,1,Chennai Super Kings,Death (15-19),2015,47,5,31,6,11,9.096774193548386,1
829779,1,Chennai Super Kings,Middle (6-14),2015,64,2,58,5,17,6.620689655172415,1
829779,1,Chennai Super Kings,Powerplay (0-5),2015,37,2,36,6,19,6.166666666666667,1
829779,2,Royal Challengers Bangalore,Death (15-19),2015,24,5,29,3,15,4.9655172413793105,0
829779,2,Royal Challengers Bangalore,Middle (6-14),2015,58,2,54,5,21,6.444444444444445,0
829779,2,Royal Challengers Bangalore,Powerplay (0-5),2015,42,3,36,8,21,7.0,0
829781,1,Kolkata Knight Riders,Death (15-19),2015,56,2,31,8,6,10.838709677419354,1
829781,1,Kolkata Knight Riders,Middle (6-14),2015,56,5,54,3,18,6.222222222222222,1
829781,1,Kolkata Knight Riders,Powerplay (0-5),2015,55,0,36,8,16,9.166666666666666,1
829781,2,Sunrisers Hyderabad,Death (15-19),2015,44,2,31,5,12,8.516129032258064,0
829781,2,Sunrisers Hyderabad,Middle (6-14),2015,55,4,55,4,17,6.0,0
829781,2,Sunrisers Hyderabad,Powerplay (0-5),2015,33,3,38,5,20,5.210526315789474,0
829783,1,Delhi Daredevils,Death (15-19),2015,57,2,30,9,9,11.4,0
829783,1,Delhi Daredevils,Middle (6-14),2015,51,2,54,5,24,5.666666666666667,0
829783,1,Delhi Daredevils,Powerplay (0-5),2015,44,2,37,7,21,7.135135135135135,0
829783,2,Mumbai Indians,Death (15-19),2015,54,1,29,7,5,11.172413793103448,1
829783,2,Mumbai Indians,Middle (6-14),2015,58,0,55,4,16,6.327272727272728,1
829783,2,Mumbai Indians,Powerplay (0-5),2015,41,4,39,5,21,6.3076923076923075,1
829785,1,Royal Challengers Bangalore,Death (15-19),2015,55,2,31,8,9,10.64516129032258,1
829785,1,Royal Challengers Bangalore,Middle (6-14),2015,103,1,58,13,15,10.655172413793105,1
829785,1,Royal Challengers Bangalore,Powerplay (0-5),2015,68,0,39,11,17,10.461538461538462,1
829785,2,Kings XI Punjab,Middle (6-14),2015,54,5,47,8,23,6.893617021276596,0
829785,2,Kings XI Punjab,Powerplay (0-5),2015,34,5,37,3,22,5.513513513513513,0
829787,1,Sunrisers Hyderabad,Death (15-19),2015,68,1,33,9,6,12.363636363636363,1
829787,1,Sunrisers Hyderabad,Middle (6-14),2015,77,2,56,10,19,8.25,1
829787,1,Sunrisers Hyderabad,Powerplay (0-5),2015,56,1,37,9,18,9.08108108108108,1
829787,2,Rajasthan Royals,Death (15-19),2015,68,2,30,10,8,13.6,0
829787,2,Rajasthan Royals,Middle (6-14),2015,90,3,55,10,14,9.818181818181818,0
829787,2,Rajasthan Royals,Powerplay (0-5),2015,36,2,36,8,24,6.0,0
829789,1,Chennai Super Kings,Death (15-19),2015,55,2,31,7,6,10.64516129032258,0
829789,1,Chennai Super Kings,Middle (6-14),2015,59,2,54,5,18,6.555555555555555,0
829789,1,Chennai Super Kings,Powerplay (0-5),2015,44,1,37,7,22,7.135135135135135,0
829789,2,Mumbai Indians,Death (15-19),2015,58,1,26,7,4,13.384615384615385,1
829789,2,Mumbai Indians,Middle (6-14),2015,40,3,54,2,24,4.444444444444445,1
829789,2,Mumbai Indians,Powerplay (0-5),2015,61,0,37,9,12,9.891891891891891,1
829791,1,Kings XI Punjab,Death (15-19),2015,49,3,31,6,9,9.483870967741934,0
829791,1,Kings XI Punjab,Middle (6-14),2015,89,1,56,9,18,9.535714285714285,0
829791,1,Kings XI Punjab,Powerplay (0-5),2015,45,1,36,7,17,7.5,0
829791,2,Kolkata Knight Riders,Death (15-19),2015,48,4,29,6,8,9.931034482758621,1
829791,2,Kolkata Knight Riders,Middle (6-14),2015,79,4,57,11,21,8.31578947368421,1
829791,2,Kolkata Knight Riders,Powerplay (0-5),2015,57,1,37,11,14,9.243243243243242,1
829793,1,Sunrisers Hyderabad,Death (15-19),2015,64,0,31,5,2,12.387096774193548,1
829793,1,Sunrisers Hyderabad,Middle (6-14),2015,58,2,54,5,20,6.444444444444445,1
829793,1,Sunrisers Hyderabad,Powerplay (0-5),2015,41,2,38,5,18,6.473684210526316,1
829793,2,Delhi Daredevils,Death (15-19),2015,53,0,31,7,8,10.258064516129032,0
829793,2,Delhi Daredevils,Middle (6-14),2015,55,3,54,7,24,6.111111111111111,0
829793,2,Delhi Daredevils,Powerplay (0-5),2015,49,1,36,9,19,8.166666666666666,0
829795,1,Royal Challengers Bangalore,Death (15-19),2015,88,0,32,15,3,16.5,1
829795,1,Royal Challengers Bangalore,Middle (6-14),2015,108,0,55,14,5,11.781818181818183,1
829795,1,Royal Challengers Bangalore,Powerplay (0-5),2015,39,1,38,6,19,6.157894736842105,1
829795,2,Mumbai Indians,Death (15-19),2015,61,4,31,8,9,11.806451612903226,0
829795,2,Mumbai Indians,Middle (6-14),2015,90,2,54,12,13,10.0,0
829795,2,Mumbai Indians,Powerplay (0-5),2015,45,1,38,6,15,7.105263157894737,0
829797,1,Chennai Super Kings,Death (15-19),2015,49,3,31,6,7,9.483870967741934,1
829797,1,Chennai Super Kings,Middle (6-14),2015,72,0,55,8,19,7.854545454545455,1
829797,1,Chennai Super Kings,Powerplay (0-5),2015,36,2,37,5,21,5.837837837837838,1
829797,2,Rajasthan Royals,Death (15-19),2015,52,4,33,5,6,9.454545454545455,0
829797,2,Rajasthan Royals,Middle (6-14),2015,53,4,55,4,19,5.781818181818182,0
829797,2,Rajasthan Royals,Powerplay (0-5),2015,40,1,36,5,17,6.666666666666667,0
829799,1,Sunrisers Hyderabad,Death (15-19),2015,45,3,31,5,9,8.709677419354838,1
829799,1,Sunrisers Hyderabad,Middle (6-14),2015,84,2,56,11,17,9.0,1
829799,1,Sunrisers Hyderabad,Powerplay (0-5),2015,56,0,37,9,16,9.08108108108108,1
829799,2,Kings XI Punjab,Death (15-19),2015,76,1,31,11,7,14.709677419354838,0
829799,2,Kings XI Punjab,Middle (6-14),2015,57,5,57,4,21,6.0,0
829799,2,Kings XI Punjab,Powerplay (0-5),2015,47,1,36,8,18,7.833333333333333,0
829801,1,Chennai Super Kings,Death (15-19),2015,36,3,30,4,14,7.2,0
829801,1,Chennai Super Kings,Middle (6-14),2015,67,2,54,7,19,7.444444444444445,0
829801,1,Chennai Super Kings,Powerplay (0-5),2015,16,1,36,2,27,2.6666666666666665,0
829801,2,Delhi Daredevils,Death (15-19),2015,23,1,10,4,2,13.799999999999999,1
829801,2,Delhi Daredevils,Middle (6-14),2015,69,1,54,9,18,7.666666666666667,1
829801,2,Delhi Daredevils,Powerplay (0-5),2015,28,2,36,5,23,4.666666666666667,1
829803,1,Kings XI Punjab,Middle (6-14),2015,34,2,24,3,5,8.5,1
829803,1,Kings XI Punjab,Powerplay (0-5),2015,72,4,39,10,9,11.076923076923077,1
829803,2,Royal Challengers Bangalore,Middle (6-14),2015,23,4,25,1,10,5.52,0
829803,2,Royal Challengers Bangalore,Powerplay (0-5),2015,61,2,38,7,9,9.631578947368421,0
829805,1,Mumbai Indians,Death (15-19),2015,72,0,35,10,3,12.342857142857143,1
829805,1,Mumbai Indians,Middle (6-14),2015,53,2,56,6,25,5.678571428571428,1
829805,1,Mumbai Indians,Powerplay (0-5),2015,46,2,38,6,16,7.2631578947368425,1
829805,2,Kolkata Knight Riders,Death (15-19),2015,44,3,31,7,12,8.516129032258064,0
829805,2,Kolkata Knight Riders,Middle (6-14),2015,72,2,58,7,15,7.448275862068966,0
829805,2,Kolkata Knight Riders,Powerplay (0-5),2015,50,2,38,8,16,7.894736842105264,0
829807,1,Sunrisers Hyderabad,Middle (6-14),2015,67,2,31,9,5,12.96774193548387,0
829807,1,Sunrisers Hyderabad,Powerplay (0-5),2015,68,1,39,8,8,10.461538461538462,0
829807,2,Royal Challengers Bangalore,Powerplay (0-5),2015,83,4,36,13,9,13.833333333333334,1
829809,1,Kings XI Punjab,Death (15-19),2015,44,1,31,5,10,8.516129032258064,0
829809,1,Kings XI Punjab,Middle (6-14),2015,45,3,56,4,29,4.821428571428571,0
829809,1,Kings XI Punjab,Powerplay (0-5),2015,41,3,36,6,18,6.833333333333333,0
829809,2,Chennai Super Kings,Death (15-19),2015,23,0,11,4,4,12.545454545454547,1
829809,2,Chennai Super Kings,Middle (6-14),2015,64,1,57,5,17,6.7368421052631575,1
829809,2,Chennai Super Kings,Powerplay (0-5),2015,47,2,38,6,15,7.421052631578948,1
829811,1,Rajasthan Royals,Death (15-19),2015,53,2,32,7,6,9.9375,1
829811,1,Rajasthan Royals,Middle (6-14),2015,80,4,57,10,18,8.421052631578947,1
829811,1,Rajasthan Royals,Powerplay (0-5),2015,66,0,36,9,11,11.0,1
829811,2,Kolkata Knight Riders,Death (15-19),2015,46,4,38,6,14,7.2631578947368425,0
829811,2,Kolkata Knight Riders,Middle (6-14),2015,91,3,56,14,15,9.75,0
829811,2,Kolkata Knight Riders,Powerplay (0-5),2015,53,2,40,6,18,7.949999999999999,0
829813,1,Delhi Daredevils,Death (15-19),2015,46,1,30,5,6,9.2,0
829813,1,Delhi Daredevils,Middle (6-14),2015,87,4,55,10,17,9.490909090909092,0
829813,1,Delhi Daredevils,Powerplay (0-5),2015,54,0,38,8,11,8.526315789473685,0
829813,2,Royal Challengers Bangalore,Powerplay (0-5),2015,2,0,7,0,5,1.7142857142857142,0
829815,1,Sunrisers Hyderabad,Death (15-19),2015,33,4,30,3,10,6.6,0
829815,1,Sunrisers Hyderabad,Middle (6-14),2015,51,3,56,3,21,5.4642857142857135,0
829815,1,Sunrisers Hyderabad,Powerplay (0-5),2015,29,3,38,3,20,4.578947368421053,0
829815,2,Mumbai Indians,Middle (6-14),2015,76,1,50,10,15,9.12,1
829815,2,Mumbai Indians,Powerplay (0-5),2015,38,0,38,6,19,6.0,1
829817,1,Mumbai Indians,Death (15-19),2015,52,4,36,6,9,8.666666666666666,1
829817,1,Mumbai Indians,Middle (6-14),2015,87,2,54,10,13,9.666666666666666,1
829817,1,Mumbai Indians,Powerplay (0-5),2015,48,0,39,7,21,7.384615384615385,1
829817,2,Chennai Super Kings,Death (15-19),2015,41,4,26,4,4,9.461538461538462,0
829817,2,Chennai Super Kings,Middle (6-14),2015,67,4,55,6,15,7.3090909090909095,0
829817,2,Chennai Super Kings,Powerplay (0-5),2015,54,2,38,8,15,8.526315789473685,0
829819,1,Royal Challengers Bangalore,Death (15-19),2015,67,2,31,9,6,12.96774193548387,1
829819,1,Royal Challengers Bangalore,Middle (6-14),2015,72,1,56,9,22,7.7142857142857135,1
829819,1,Royal Challengers Bangalore,Powerplay (0-5),2015,41,1,38,5,19,6.473684210526316,1
829819,2,Rajasthan Royals,Death (15-19),2015,17,3,25,1,13,4.08,0
829819,2,Rajasthan Royals,Middle (6-14),2015,52,5,56,5,26,5.571428571428571,0
829819,2,Rajasthan Royals,Powerplay (0-5),2015,40,2,36,5,12,6.666666666666667,0
829821,1,Royal Challengers Bangalore,Death (15-19),2015,49,4,32,6,7,9.1875,0
829821,1,Royal Challengers Bangalore,Middle (6-14),2015,61,2,57,6,25,6.421052631578948,0
829821,1,Royal Challengers Bangalore,Powerplay (0-5),2015,29,2,36,4,24,4.833333333333333,0
829821,2,Chennai Super Kings,Death (15-19),2015,49,4,30,4,8,9.8,1
829821,2,Chennai Super Kings,Middle (6-14),2015,57,2,56,4,16,6.107142857142857,1
829821,2,Chennai Super Kings,Powerplay (0-5),2015,34,1,36,4,17,5.666666666666667,1
829823,1,Mumbai Indians,Death (15-19),2015,56,2,30,7,12,11.2,1
829823,1,Mumbai Indians,Middle (6-14),2015,85,2,54,10,13,9.444444444444445,1
829823,1,Mumbai Indians,Powerplay (0-5),2015,61,1,37,11,18,9.891891891891891,1
829823,2,Chennai Super Kings,Death (15-19),2015,49,4,32,5,8,9.1875,0
829823,2,Chennai Super Kings,Middle (6-14),2015,81,3,56,12,21,8.678571428571429,0
829823,2,Chennai Super Kings,Powerplay (0-5),2015,31,1,37,5,24,5.027027027027027,0
980901,1,Mumbai Indians,Death (15-19),2016,53,2,31,9,10,10.258064516129032,0
980901,1,Mumbai Indians,Middle (6-14),2016,31,2,55,2,32,3.381818181818182,0
980901,1,Mumbai Indians,Powerplay (0-5),2016,37,4,40,4,25,5.55,0
980901,2,Rising Pune Supergiants,Middle (6-14),2016,69,1,55,6,19,7.527272727272727,1
980901,2,Rising Pune Supergiants,Powerplay (0-5),2016,57,0,37,10,20,9.243243243243242,1
980903,1,Delhi Daredevils,Death (15-19),2016,6,2,16,1,13,2.25,0
980903,1,Delhi Daredevils,Middle (6-14),2016,57,4,56,6,30,6.107142857142857,0
980903,1,Delhi Daredevils,Powerplay (0-5),2016,35,4,38,4,23,5.526315789473684,0
980903,2,Kolkata Knight Riders,Middle (6-14),2016,52,1,52,6,25,6.0,1
980903,2,Kolkata Knight Riders,Powerplay (0-5),2016,47,0,38,9,19,7.421052631578948,1
980905,1,Kings XI Punjab,Death (15-19),2016,36,2,30,2,8,7.2,0
980905,1,Kings XI Punjab,Middle (6-14),2016,73,4,58,7,19,7.551724137931035,0
980905,1,Kings XI Punjab,Powerplay (0-5),2016,52,0,36,9,15,8.666666666666666,0
980905,2,Gujarat Lions,Death (15-19),2016,28,1,16,5,5,10.5,1
980905,2,Gujarat Lions,Middle (6-14),2016,77,2,55,10,13,8.4,1
980905,2,Gujarat Lions,Powerplay (0-5),2016,57,2,38,9,15,9.0,1
980907,1,Royal Challengers Bangalore,Death (15-19),2016,71,3,33,12,10,12.909090909090908,1
980907,1,Royal Challengers Bangalore,Middle (6-14),2016,107,0,54,14,9,11.88888888888889,1
980907,1,Royal Challengers Bangalore,Powerplay (0-5),2016,49,1,38,8,18,7.736842105263158,1
980907,2,Sunrisers Hyderabad,Death (15-19),2016,43,1,31,5,12,8.32258064516129,0
980907,2,Sunrisers Hyderabad,Middle (6-14),2016,83,4,57,12,23,8.736842105263158,0
980907,2,Sunrisers Hyderabad,Powerplay (0-5),2016,56,1,37,7,14,9.08108108108108,0
980909,1,Kolkata Knight Riders,Death (15-19),2016,49,3,31,6,8,9.483870967741934,0
980909,1,Kolkata Knight Riders,Middle (6-14),2016,98,1,58,8,9,10.13793103448276,0
980909,1,Kolkata Knight Riders,Powerplay (0-5),2016,40,1,38,5,15,6.315789473684211,0
980909,2,Mumbai Indians,Death (15-19),2016,49,1,25,8,7,11.76,1
980909,2,Mumbai Indians,Middle (6-14),2016,86,2,55,9,15,9.381818181818183,1
980909,2,Mumbai Indians,Powerplay (0-5),2016,53,1,39,9,18,8.153846153846153,1
980911,1,Rising Pune Supergiants,Death (15-19),2016,42,3,30,5,13,8.4,0
980911,1,Rising Pune Supergiants,Middle (6-14),2016,64,1,54,5,15,7.111111111111111,0
980911,1,Rising Pune Supergiants,Powerplay (0-5),2016,57,1,36,9,13,9.5,0
980911,2,Gujarat Lions,Death (15-19),2016,32,1,21,4,6,9.142857142857142,1
980911,2,Gujarat Lions,Middle (6-14),2016,70,2,55,6,19,7.636363636363637,1
980911,2,Gujarat Lions,Powerplay (0-5),2016,62,0,37,10,16,10.054054054054054,1
980913,1,Kings XI Punjab,Death (15-19),2016,38,3,31,4,14,7.354838709677419,0
980913,1,Kings XI Punjab,Middle (6-14),2016,36,5,56,3,33,3.8571428571428568,0
980913,1,Kings XI Punjab,Powerplay (0-5),2016,37,1,36,6,21,6.166666666666667,0
980913,2,Delhi Daredevils,Middle (6-14),2016,85,1,48,12,14,10.625,1
980913,2,Delhi Daredevils,Powerplay (0-5),2016,28,1,36,3,20,4.666666666666667,1
980915,1,Sunrisers Hyderabad,Death (15-19),2016,48,3,31,4,7,9.29032258064516,0
980915,1,Sunrisers Hyderabad,Middle (6-14),2016,58,1,54,6,24,6.444444444444445,0
980915,1,Sunrisers Hyderabad,Powerplay (0-5),2016,36,3,40,4,21,5.3999999999999995,0
980915,2,Kolkata Knight Riders,Death (15-19),2016,34,0,21,5,4,9.714285714285714,1
980915,2,Kolkata Knight Riders,Middle (6-14),2016,76,2,57,8,13,8.0,1
980915,2,Kolkata Knight Riders,Powerplay (0-5),2016,36,0,37,5,19,5.837837837837838,1
980917,1,Mumbai Indians,Death (15-19),2016,61,3,34,7,9,10.76470588235294,0
980917,1,Mumbai Indians,Middle (6-14),2016,51,3,56,4,26,5.4642857142857135,0
980917,1,Mumbai Indians,Powerplay (0-5),2016,31,2,37,5,24,5.027027027027027,0
980917,2,Gujarat Lions,Death (15-19),2016,48,3,31,5,10,9.29032258064516,1
980917,2,Gujarat Lions,Middle (6-14),2016,57,3,56,5,22,6.107142857142857,1
980917,2,Gujarat Lions,Powerplay (0-5),2016,42,1,37,7,20,6.8108108108108105,1
980919,1,Rising Pune Supergiants,Death (15-19),2016,43,4,30,5,8,8.6,0
980919,1,Rising Pune Supergiants,Middle (6-14),2016,60,2,56,4,17,6.428571428571428,0
980919,1,Rising Pune Supergiants,Powerplay (0-5),2016,49,1,37,9,18,7.945945945945946,0
980919,2,Kings XI Punjab,Death (15-19),2016,41,1,22,5,4,11.181818181818182,1
980919,2,Kings XI Punjab,Middle (6-14),2016,62,3,54,6,16,6.888888888888889,1
980919,2,Kings XI Punjab,Powerplay (0-5),2016,50,0,38,8,16,7.894736842105264,1
980921,1,Royal Challengers Bangalore,Death (15-19),2016,48,3,31,6,10,9.29032258064516,0
980921,1,Royal Challengers Bangalore,Middle (6-14),2016,80,1,54,9,13,8.88888888888889,0
980921,1,Royal Challengers Bangalore,Powerplay (0-5),2016,63,1,36,11,12,10.5,0
980921,2,Delhi Daredevils,Death (15-19),2016,46,1,26,7,5,10.615384615384617,1
980921,2,Delhi Daredevils,Middle (6-14),2016,95,0,57,12,13,10.0,1
980921,2,Delhi Daredevils,Powerplay (0-5),2016,51,2,39,7,16,7.846153846153846,1
980923,1,Mumbai Indians,Death (15-19),2016,31,2,32,2,13,5.8125,0
980923,1,Mumbai Indians,Middle (6-14),2016,71,2,55,7,17,7.745454545454546,0
980923,1,Mumbai Indians,Powerplay (0-5),2016,40,2,39,5,19,6.153846153846154,0
980923,2,Sunrisers Hyderabad,Death (15-19),2016,37,0,15,5,2,14.8,1
980923,2,Sunrisers Hyderabad,Middle (6-14),2016,75,2,55,8,18,8.181818181818182,1
980923,2,Sunrisers Hyderabad,Powerplay (0-5),2016,33,1,38,3,18,5.210526315789474,1
980925,1,Kings XI Punjab,Death (15-19),2016,43,3,30,3,6,8.6,0
980925,1,Kings XI Punjab,Middle (6-14),2016,54,4,58,4,23,5.586206896551724,0
980925,1,Kings XI Punjab,Powerplay (0-5),2016,41,1,37,5,16,6.648648648648648,0
980925,2,Kolkata Knight Riders,Death (15-19),2016,24,1,14,4,3,10.285714285714285,1
980925,2,Kolkata Knight Riders,Middle (6-14),2016,52,3,54,5,22,5.777777777777778,1
980925,2,Kolkata Knight Riders,Powerplay (0-5),2016,65,0,38,9,7,10.263157894736842,1
980927,1,Royal Challengers Bangalore,Death (15-19),2016,58,3,31,6,7,11.225806451612902,0
980927,1,Royal Challengers Bangalore,Middle (6-14),2016,63,3,59,6,22,6.406779661016949,0
980927,1,Royal Challengers Bangalore,Powerplay (0-5),2016,49,1,36,7,15,8.166666666666666,0
980927,2,Mumbai Indians,Death (15-19),2016,43,1,19,7,8,13.578947368421053,1
980927,2,Mumbai Indians,Middle (6-14),2016,77,2,54,10,14,8.555555555555555,1
980927,2,Mumbai Indians,Powerplay (0-5),2016,51,1,38,7,15,8.052631578947368,1
980929,1,Gujarat Lions,Death (15-19),2016,31,4,32,2,10,5.8125,0
980929,1,Gujarat Lions,Middle (6-14),2016,54,3,55,3,14,5.8909090909090915,0
980929,1,Gujarat Lions,Powerplay (0-5),2016,50,1,36,7,14,8.333333333333334,0
980929,2,Sunrisers Hyderabad,Middle (6-14),2016,74,0,55,6,9,8.072727272727274,1
980929,2,Sunrisers Hyderabad,Powerplay (0-5),2016,63,0,39,8,13,9.692307692307692,1
980931,1,Royal Challengers Bangalore,Death (15-19),2016,57,2,35,6,7,9.771428571428572,1
980931,1,Royal Challengers Bangalore,Middle (6-14),2016,80,0,55,7,7,8.727272727272728,1
980931,1,Royal Challengers Bangalore,Powerplay (0-5),2016,48,1,38,7,14,7.578947368421053,1
980931,2,Rising Pune Supergiants,Death (15-19),2016,57,5,33,7,8,10.363636363636363,0
980931,2,Rising Pune Supergiants,Middle (6-14),2016,79,1,55,8,9,8.618181818181819,0
980931,2,Rising Pune Supergiants,Powerplay (0-5),2016,36,3,38,5,18,5.684210526315789,0
980933,1,Delhi Daredevils,Death (15-19),2016,54,1,35,6,9,9.257142857142858,1
980933,1,Delhi Daredevils,Middle (6-14),2016,69,2,55,6,11,7.527272727272727,1
980933,1,Delhi Daredevils,Powerplay (0-5),2016,41,1,39,5,17,6.3076923076923075,1
980933,2,Mumbai Indians,Death (15-19),2016,40,3,32,3,9,7.5,0
980933,2,Mumbai Indians,Middle (6-14),2016,62,3,54,6,17,6.888888888888889,0
980933,2,Mumbai Indians,Powerplay (0-5),2016,52,1,36,10,15,8.666666666666666,0
980935,1,Kings XI Punjab,Death (15-19),2016,40,1,30,3,8,8.0,0
980935,1,Kings XI Punjab,Middle (6-14),2016,68,3,56,7,19,7.285714285714286,0
980935,1,Kings XI Punjab,Powerplay (0-5),2016,35,2,37,5,21,5.675675675675675,0
980935,2,Sunrisers Hyderabad,Death (15-19),2016,27,2,19,3,5,8.526315789473685,1
980935,2,Sunrisers Hyderabad,Middle (6-14),2016,54,3,57,5,21,5.684210526315789,1
980935,2,Sunrisers Hyderabad,Powerplay (0-5),2016,65,0,36,10,13,10.833333333333334,1
980937,1,Royal Challengers Bangalore,Death (15-19),2016,65,0,31,9,5,12.580645161290322,0
980937,1,Royal Challengers Bangalore,Middle (6-14),2016,65,1,55,5,13,7.090909090909092,0
980937,1,Royal Challengers Bangalore,Powerplay (0-5),2016,50,1,36,8,10,8.333333333333334,0
980937,2,Gujarat Lions,Death (15-19),2016,46,2,30,4,6,9.2,1
980937,2,Gujarat Lions,Middle (6-14),2016,64,1,55,5,14,6.981818181818182,1
980937,2,Gujarat Lions,Powerplay (0-5),2016,72,1,39,11,14,11.076923076923077,1
980939,1,Rising Pune Supergiants,Death (15-19),2016,60,2,30,7,9,12.0,0
980939,1,Rising Pune Supergiants,Middle (6-14),2016,69,2,54,5,12,7.666666666666667,0
980939,1,Rising Pune Supergiants,Powerplay (0-5),2016,31,1,36,3,16,5.166666666666667,0
980939,2,Kolkata Knight Riders,Death (15-19),2016,48,4,29,6,10,9.931034482758621,1
980939,2,Kolkata Knight Riders,Middle (6-14),2016,55,2,55,4,17,6.0,1
980939,2,Kolkata Knight Riders,Powerplay (0-5),2016,59,2,40,9,13,8.85,1
980941,1,Mumbai Indians,Death (15-19),2016,49,4,31,6,9,9.483870967741934,1
980941,1,Mumbai Indians,Middle (6-14),2016,101,1,56,13,8,10.821428571428571,1
980941,1,Mumbai Indians,Powerplay (0-5),2016,39,1,37,6,18,6.324324324324324,1
980941,2,Kings XI Punjab,Death (15-19),2016,43,4,33,3,9,7.818181818181818,0
980941,2,Kings XI Punjab,Middle (6-14),2016,81,1,54,9,13,9.0,0
980941,2,Kings XI Punjab,Powerplay (0-5),2016,40,2,36,4,13,6.666666666666667,0
980943,1,Sunrisers Hyderabad,Death (15-19),2016,46,3,32,5,10,8.625,0
980943,1,Sunrisers Hyderabad,Middle (6-14),2016,45,2,55,2,22,4.909090909090909,0
980943,1,Sunrisers Hyderabad,Powerplay (0-5),2016,27,3,36,2,24,4.5,0
980943,2,Rising Pune Supergiants,Middle (6-14),2016,48,2,32,6,11,9.0,1
980943,2,Rising Pune Supergiants,Powerplay (0-5),2016,46,1,41,7,22,6.731707317073171,1
980945,1,Gujarat Lions,Death (15-19),2016,40,2,31,3,8,7.741935483870967,1
980945,1,Gujarat Lions,Middle (6-14),2016,61,4,54,7,18,6.777777777777778,1
980945,1,Gujarat Lions,Powerplay (0-5),2016,71,0,36,11,11,11.833333333333334,1
980945,2,Delhi Daredevils,Death (15-19),2016,55,1,31,7,7,10.64516129032258,0
980945,2,Delhi Daredevils,Middle (6-14),2016,94,1,54,11,11,10.444444444444445,0
980945,2,Delhi Daredevils,Powerplay (0-5),2016,22,3,36,2,23,3.6666666666666665,0
980947,1,Kolkata Knight Riders,Death (15-19),2016,48,2,30,7,9,9.6,0
980947,1,Kolkata Knight Riders,Middle (6-14),2016,67,3,54,7,13,7.444444444444445,0
980947,1,Kolkata Knight Riders,Powerplay (0-5),2016,59,0,36,6,9,9.833333333333334,0
980947,2,Mumbai Indians,Death (15-19),2016,52,0,21,7,4,14.857142857142858,1
980947,2,Mumbai Indians,Middle (6-14),2016,62,3,54,9,20,6.888888888888889,1
980947,2,Mumbai Indians,Powerplay (0-5),2016,64,1,38,11,13,10.105263157894738,1
980949,1,Rising Pune Supergiants,Death (15-19),2016,60,1,32,8,7,11.25,0
980949,1,Rising Pune Supergiants,Middle (6-14),2016,87,1,56,7,10,9.321428571428571,0
980949,1,Rising Pune Supergiants,Powerplay (0-5),2016,48,1,37,7,12,7.783783783783783,0
980949,2,Gujarat Lions,Death (15-19),2016,49,5,33,6,9,8.909090909090908,1
980949,2,Gujarat Lions,Middle (6-14),2016,75,2,54,7,9,8.333333333333334,1
980949,2,Gujarat Lions,Powerplay (0-5),2016,72,0,40,12,12,10.799999999999999,1
980951,1,Delhi Daredevils,Death (15-19),2016,66,5,30,9,10,13.2,1
980951,1,Delhi Daredevils,Middle (6-14),2016,83,0,56,9,12,8.892857142857142,1
980951,1,Delhi Daredevils,Powerplay (0-5),2016,37,3,37,5,18,6.0,1
980951,2,Kolkata Knight Riders,Death (15-19),2016,32,5,23,4,8,8.347826086956522,0
980951,2,Kolkata Knight Riders,Middle (6-14),2016,84,3,58,8,15,8.689655172413794,0
980951,2,Kolkata Knight Riders,Powerplay (0-5),2016,43,2,36,5,12,7.166666666666667,0
980953,1,Sunrisers Hyderabad,Death (15-19),2016,53,4,31,7,8,10.258064516129032,1
980953,1,Sunrisers Hyderabad,Middle (6-14),2016,92,0,55,13,10,10.036363636363637,1
980953,1,Sunrisers Hyderabad,Powerplay (0-5),2016,49,1,38,7,19,7.736842105263158,1
980953,2,Royal Challengers Bangalore,Death (15-19),2016,47,2,30,5,8,9.4,0
980953,2,Royal Challengers Bangalore,Middle (6-14),2016,87,3,55,10,13,9.490909090909092,0
980953,2,Royal Challengers Bangalore,Powerplay (0-5),2016,45,1,37,5,10,7.297297297297297,0
980955,1,Kings XI Punjab,Death (15-19),2016,44,5,29,5,8,9.10344827586207,1
980955,1,Kings XI Punjab,Middle (6-14),2016,51,5,55,3,18,5.563636363636364,1
980955,1,Kings XI Punjab,Powerplay (0-5),2016,59,0,38,8,13,9.31578947368421,1
980955,2,Gujarat Lions,Death (15-19),2016,44,2,30,5,9,8.8,0
980955,2,Gujarat Lions,Middle (6-14),2016,51,5,56,3,20,5.4642857142857135,0
980955,2,Gujarat Lions,Powerplay (0-5),2016,36,2,37,5,20,5.837837837837838,0
980957,1,Rising Pune Supergiants,Death (15-19),2016,39,2,32,2,9,7.3125,0
980957,1,Rising Pune Supergiants,Middle (6-14),2016,66,2,58,6,18,6.8275862068965525,0
980957,1,Rising Pune Supergiants,Powerplay (0-5),2016,54,1,37,8,16,8.756756756756756,0
980957,2,Mumbai Indians,Death (15-19),2016,46,0,22,6,3,12.545454545454547,1
980957,2,Mumbai Indians,Middle (6-14),2016,68,1,54,6,14,7.555555555555555,1
980957,2,Mumbai Indians,Powerplay (0-5),2016,47,1,37,8,19,7.621621621621621,1
980959,1,Royal Challengers Bangalore,Death (15-19),2016,73,4,33,12,7,13.272727272727273,0
980959,1,Royal Challengers Bangalore,Middle (6-14),2016,72,2,54,9,16,8.0,0
980959,1,Royal Challengers Bangalore,Powerplay (0-5),2016,40,1,37,4,15,6.486486486486486,0
980959,2,Kolkata Knight Riders,Death (15-19),2016,66,1,27,11,3,14.666666666666666,1
980959,2,Kolkata Knight Riders,Middle (6-14),2016,86,2,59,8,19,8.745762711864407,1
980959,2,Kolkata Knight Riders,Powerplay (0-5),2016,37,2,38,3,15,5.842105263157895,1
980961,1,Gujarat Lions,Death (15-19),2016,50,3,31,5,6,9.67741935483871,0
980961,1,Gujarat Lions,Middle (6-14),2016,64,1,55,6,18,6.981818181818182,0
980961,1,Gujarat Lions,Powerplay (0-5),2016,35,3,37,5,22,5.675675675675675,0
980961,2,Delhi Daredevils,Death (15-19),2016,29,0,15,4,3,11.6,1
980961,2,Delhi Daredevils,Middle (6-14),2016,60,2,54,7,21,6.666666666666667,1
980961,2,Delhi Daredevils,Powerplay (0-5),2016,61,0,37,9,10,9.891891891891891,1
980963,1,Kolkata Knight Riders,Death (15-19),2016,43,2,33,3,5,7.818181818181818,1
980963,1,Kolkata Knight Riders,Middle (6-14),2016,81,1,54,9,12,9.0,1
980963,1,Kolkata Knight Riders,Powerplay (0-5),2016,40,0,36,6,14,6.666666666666667,1
980963,2,Kings XI Punjab,Death (15-19),2016,40,5,31,4,8,7.741935483870967,0
980963,2,Kings XI Punjab,Middle (6-14),2016,80,1,55,9,19,8.727272727272728,0
980963,2,Kings XI Punjab,Powerplay (0-5),2016,37,3,38,5,24,5.842105263157895,0
980965,1,Delhi Daredevils,Death (15-19),2016,50,3,32,6,9,9.375,0
980965,1,Delhi Daredevils,Middle (6-14),2016,64,2,57,3,13,6.7368421052631575,0
980965,1,Delhi Daredevils,Powerplay (0-5),2016,48,2,38,8,17,7.578947368421053,0
980965,2,Rising Pune Supergiants,Death (15-19),2016,50,1,27,5,5,11.11111111111111,1
980965,2,Rising Pune Supergiants,Middle (6-14),2016,66,2,58,5,16,6.8275862068965525,1
980965,2,Rising Pune Supergiants,Powerplay (0-5),2016,50,0,36,7,11,8.333333333333334,1
980967,1,Gujarat Lions,Death (15-19),2016,41,1,30,4,8,8.2,0
980967,1,Gujarat Lions,Middle (6-14),2016,59,2,59,4,17,6.0,0
980967,1,Gujarat Lions,Powerplay (0-5),2016,26,3,36,3,24,4.333333333333333,0
980967,2,Sunrisers Hyderabad,Death (15-19),2016,38,1,25,5,7,9.12,1
980967,2,Sunrisers Hyderabad,Middle (6-14),2016,53,2,55,5,25,5.781818181818182,1
980967,2,Sunrisers Hyderabad,Powerplay (0-5),2016,38,2,37,5,20,6.162162162162162,1
980969,1,Rising Pune Supergiants,Death (15-19),2016,53,4,30,7,11,10.6,0
980969,1,Rising Pune Supergiants,Middle (6-14),2016,78,1,60,9,15,7.8,0
980969,1,Rising Pune Supergiants,Powerplay (0-5),2016,60,1,36,11,14,10.0,0
980969,2,Royal Challengers Bangalore,Death (15-19),2016,53,1,28,7,7,11.357142857142856,1
980969,2,Royal Challengers Bangalore,Middle (6-14),2016,96,2,54,14,12,10.666666666666666,1
980969,2,Royal Challengers Bangalore,Powerplay (0-5),2016,46,0,36,4,14,7.666666666666667,1
980971,1,Kings XI Punjab,Death (15-19),2016,62,2,32,7,6,11.625,1
980971,1,Kings XI Punjab,Middle (6-14),2016,74,2,55,7,12,8.072727272727274,1
980971,1,Kings XI Punjab,Powerplay (0-5),2016,45,1,36,6,16,7.5,1
980971,2,Delhi Daredevils,Death (15-19),2016,40,3,30,4,14,8.0,0
980971,2,Delhi Daredevils,Middle (6-14),2016,81,2,56,7,13,8.678571428571429,0
980971,2,Delhi Daredevils,Powerplay (0-5),2016,51,0,36,7,13,8.5,0
980973,1,Sunrisers Hyderabad,Death (15-19),2016,61,1,31,10,7,11.806451612903226,1
980973,1,Sunrisers Hyderabad,Middle (6-14),2016,65,2,56,7,20,6.9642857142857135,1
980973,1,Sunrisers Hyderabad,Powerplay (0-5),2016,51,0,36,7,12,8.5,1
980973,2,Mumbai Indians,Death (15-19),2016,7,1,10,1,6,4.2,0
980973,2,Mumbai Indians,Middle (6-14),2016,53,4,57,5,23,5.578947368421052,0
980973,2,Mumbai Indians,Powerplay (0-5),2016,32,5,36,5,23,5.333333333333333,0
980975,1,Kolkata Knight Riders,Death (15-19),2016,60,0,32,7,5,11.25,0
980975,1,Kolkata Knight Riders,Middle (6-14),2016,70,0,55,8,15,7.636363636363637,0
980975,1,Kolkata Knight Riders,Powerplay (0-5),2016,28,4,36,4,25,4.666666666666667,0
980975,2,Gujarat Lions,Death (15-19),2016,29,2,18,5,9,9.666666666666666,1
980975,2,Gujarat Lions,Middle (6-14),2016,89,2,54,13,14,9.88888888888889,1
980975,2,Gujarat Lions,Powerplay (0-5),2016,46,1,37,8,21,7.459459459459459,1
980977,1,Royal Challengers Bangalore,Death (15-19),2016,62,3,33,7,5,11.272727272727273,1
980977,1,Royal Challengers Bangalore,Middle (6-14),2016,57,3,54,2,14,6.333333333333333,1
980977,1,Royal Challengers Bangalore,Powerplay (0-5),2016,56,0,37,9,12,9.08108108108108,1
980977,2,Kings XI Punjab,Death (15-19),2016,51,1,30,7,7,10.2,0
980977,2,Kings XI Punjab,Middle (6-14),2016,73,2,54,8,14,8.11111111111111,0
980977,2,Kings XI Punjab,Powerplay (0-5),2016,50,1,38,6,10,7.894736842105264,0
980979,1,Sunrisers Hyderabad,Death (15-19),2016,41,6,30,5,10,8.2,1
980979,1,Sunrisers Hyderabad,Middle (6-14),2016,62,1,55,6,22,6.763636363636364,1
980979,1,Sunrisers Hyderabad,Powerplay (0-5),2016,34,1,38,4,22,5.368421052631579,1
980979,2,Rising Pune Supergiants,Death (15-19),2016,47,3,31,4,6,9.096774193548386,0
980979,2,Rising Pune Supergiants,Middle (6-14),2016,61,3,54,6,16,6.777777777777778,0
980979,2,Rising Pune Supergiants,Powerplay (0-5),2016,25,2,36,4,24,4.166666666666667,0
980981,1,Royal Challengers Bangalore,Death (15-19),2016,60,1,31,7,10,11.61290322580645,0
980981,1,Royal Challengers Bangalore,Middle (6-14),2016,66,1,54,7,18,7.333333333333333,0
980981,1,Royal Challengers Bangalore,Powerplay (0-5),2016,25,2,37,3,23,4.0540540540540535,0
980981,2,Mumbai Indians,Death (15-19),2016,56,1,28,7,3,12.0,1
980981,2,Mumbai Indians,Middle (6-14),2016,58,2,56,5,21,6.2142857142857135,1
980981,2,Mumbai Indians,Powerplay (0-5),2016,39,1,38,5,19,6.157894736842105,1
980983,1,Sunrisers Hyderabad,Death (15-19),2016,33,5,32,3,11,6.1875,0
980983,1,Sunrisers Hyderabad,Middle (6-14),2016,62,3,56,7,21,6.642857142857142,0
980983,1,Sunrisers Hyderabad,Powerplay (0-5),2016,51,0,37,6,12,8.27027027027027,0
980983,2,Delhi Daredevils,Death (15-19),2016,36,0,21,4,6,10.285714285714286,1
980983,2,Delhi Daredevils,Middle (6-14),2016,64,2,54,6,19,7.111111111111111,1
980983,2,Delhi Daredevils,Powerplay (0-5),2016,50,1,37,9,16,8.108108108108107,1
980985,1,Mumbai Indians,Death (15-19),2016,44,4,30,6,13,8.8,0
980985,1,Mumbai Indians,Middle (6-14),2016,59,3,55,5,27,6.4363636363636365,0
980985,1,Mumbai Indians,Powerplay (0-5),2016,21,2,37,2,24,3.4054054054054053,0
980985,2,Kings XI Punjab,Death (15-19),2016,17,2,13,2,4,7.846153846153847,1
980985,2,Kings XI Punjab,Middle (6-14),2016,78,0,55,7,15,8.50909090909091,1
980985,2,Kings XI Punjab,Powerplay (0-5),2016,32,1,38,5,22,5.052631578947369,1
980987,1,Royal Challengers Bangalore,Death (15-19),2016,112,2,31,18,6,21.677419354838708,1
980987,1,Royal Challengers Bangalore,Middle (6-14),2016,94,0,54,12,9,10.444444444444445,1
980987,1,Royal Challengers Bangalore,Powerplay (0-5),2016,42,1,37,7,21,6.8108108108108105,1
980987,2,Gujarat Lions,Death (15-19),2016,10,2,23,1,17,2.608695652173913,0
980987,2,Gujarat Lions,Middle (6-14),2016,53,6,60,4,27,5.3,0
980987,2,Gujarat Lions,Powerplay (0-5),2016,41,2,37,6,18,6.648648648648648,0
980989,1,Rising Pune Supergiants,Death (15-19),2016,9,1,16,1,12,3.375,0
980989,1,Rising Pune Supergiants,Middle (6-14),2016,57,3,55,3,20,6.218181818181819,0
980989,1,Rising Pune Supergiants,Powerplay (0-5),2016,37,2,37,5,20,6.0,0
980989,2,Kolkata Knight Riders,Powerplay (0-5),2016,66,2,34,9,11,11.647058823529411,1
980991,1,Kings XI Punjab,Death (15-19),2016,58,2,30,10,7,11.6,0
980991,1,Kings XI Punjab,Middle (6-14),2016,74,1,54,9,15,8.222222222222221,0
980991,1,Kings XI Punjab,Powerplay (0-5),2016,47,1,36,7,14,7.833333333333333,0
980991,2,Sunrisers Hyderabad,Death (15-19),2016,50,1,29,6,11,10.344827586206897,1
980991,2,Sunrisers Hyderabad,Middle (6-14),2016,75,2,57,8,16,7.894736842105263,1
980991,2,Sunrisers Hyderabad,Powerplay (0-5),2016,55,0,37,8,10,8.91891891891892,1
980993,1,Mumbai Indians,Death (15-19),2016,62,2,30,9,10,12.4,1
980993,1,Mumbai Indians,Middle (6-14),2016,99,2,55,13,16,10.8,1
980993,1,Mumbai Indians,Powerplay (0-5),2016,45,0,36,5,16,7.5,1
980993,2,Delhi Daredevils,Death (15-19),2016,18,4,25,2,16,4.319999999999999,0
980993,2,Delhi Daredevils,Middle (6-14),2016,59,4,55,7,23,6.4363636363636365,0
980993,2,Delhi Daredevils,Powerplay (0-5),2016,49,2,36,7,14,8.166666666666666,0
980995,1,Kolkata Knight Riders,Death (15-19),2016,59,1,32,7,5,11.0625,0
980995,1,Kolkata Knight Riders,Middle (6-14),2016,73,3,57,6,17,7.684210526315789,0
980995,1,Kolkata Knight Riders,Powerplay (0-5),2016,51,1,36,9,13,8.5,0
980995,2,Royal Challengers Bangalore,Death (15-19),2016,51,0,23,7,2,13.304347826086955,1
980995,2,Royal Challengers Bangalore,Middle (6-14),2016,72,1,55,7,18,7.854545454545455,1
980995,2,Royal Challengers Bangalore,Powerplay (0-5),2016,63,0,36,11,16,10.5,1
980997,1,Delhi Daredevils,Death (15-19),2016,48,1,32,6,7,9.0,0
980997,1,Delhi Daredevils,Middle (6-14),2016,45,3,54,3,24,5.0,0
980997,1,Delhi Daredevils,Powerplay (0-5),2016,28,2,36,4,21,4.666666666666667,0
980997,2,Rising Pune Supergiants,Middle (6-14),2016,32,0,30,4,13,6.4,1
980997,2,Rising Pune Supergiants,Powerplay (0-5),2016,44,1,41,7,21,6.439024390243903,1
980999,1,Royal Challengers Bangalore,Middle (6-14),2016,148,3,60,24,14,14.8,1
980999,1,Royal Challengers Bangalore,Powerplay (0-5),2016,63,0,37,11,15,10.216216216216216,1
980999,2,Kings XI Punjab,Middle (6-14),2016,61,5,49,7,14,7.469387755102042,0
980999,2,Kings XI Punjab,Powerplay (0-5),2016,59,4,40,9,13,8.85,0
981001,1,Kolkata Knight Riders,Death (15-19),2016,41,3,31,6,12,7.935483870967741,0
981001,1,Kolkata Knight Riders,Middle (6-14),2016,39,3,55,2,26,4.254545454545455,0
981001,1,Kolkata Knight Riders,Powerplay (0-5),2016,44,2,39,6,17,6.769230769230769,0
981001,2,Gujarat Lions,Middle (6-14),2016,70,1,50,8,15,8.399999999999999,1
981001,2,Gujarat Lions,Powerplay (0-5),2016,55,3,39,7,16,8.461538461538462,1
981003,1,Sunrisers Hyderabad,Death (15-19),2016,43,3,30,4,9,8.6,0
981003,1,Sunrisers Hyderabad,Middle (6-14),2016,69,3,55,6,14,7.527272727272727,0
981003,1,Sunrisers Hyderabad,Powerplay (0-5),2016,46,1,36,8,17,7.666666666666667,0
981003,2,Delhi Daredevils,Death (15-19),2016,54,2,32,7,11,10.125,1
981003,2,Delhi Daredevils,Middle (6-14),2016,70,1,54,5,8,7.777777777777778,1
981003,2,Delhi Daredevils,Powerplay (0-5),2016,37,1,40,5,23,5.55,1
981005,1,Kings XI Punjab,Death (15-19),2016,52,5,30,7,9,10.4,0
981005,1,Kings XI Punjab,Middle (6-14),2016,68,2,54,6,12,7.555555555555555,0
981005,1,Kings XI Punjab,Powerplay (0-5),2016,52,0,39,8,18,8.0,0
981005,2,Rising Pune Supergiants,Death (15-19),2016,70,1,33,11,8,12.727272727272727,1
981005,2,Rising Pune Supergiants,Middle (6-14),2016,59,4,57,4,21,6.2105263157894735,1
981005,2,Rising Pune Supergiants,Powerplay (0-5),2016,44,1,37,7,18,7.135135135135135,1
981007,1,Mumbai Indians,Death (15-19),2016,38,4,32,4,14,7.125,0
981007,1,Mumbai Indians,Middle (6-14),2016,85,1,57,10,13,8.947368421052632,0
981007,1,Mumbai Indians,Powerplay (0-5),2016,49,3,36,10,21,8.166666666666666,0
981007,2,Gujarat Lions,Death (15-19),2016,26,0,19,4,6,8.210526315789474,1
981007,2,Gujarat Lions,Middle (6-14),2016,77,3,54,12,19,8.555555555555555,1
981007,2,Gujarat Lions,Powerplay (0-5),2016,70,1,38,13,14,11.052631578947368,1
981009,1,Kolkata Knight Riders,Death (15-19),2016,30,3,30,2,9,6.0,1
981009,1,Kolkata Knight Riders,Middle (6-14),2016,93,1,57,9,8,9.789473684210526,1
981009,1,Kolkata Knight Riders,Powerplay (0-5),2016,48,2,36,7,12,8.0,1
981009,2,Sunrisers Hyderabad,Death (15-19),2016,35,4,33,2,10,6.363636363636363,0
981009,2,Sunrisers Hyderabad,Middle (6-14),2016,66,3,55,7,24,7.2,0
981009,2,Sunrisers Hyderabad,Powerplay (0-5),2016,48,1,36,6,17,8.0,0
981011,1,Delhi Daredevils,Death (15-19),2016,40,2,31,4,7,7.741935483870967,0
981011,1,Delhi Daredevils,Middle (6-14),2016,55,4,56,3,16,5.892857142857142,0
981011,1,Delhi Daredevils,Powerplay (0-5),2016,43,2,38,5,17,6.7894736842105265,0
981011,2,Royal Challengers Bangalore,Death (15-19),2016,28,0,20,2,6,8.4,1
981011,2,Royal Challengers Bangalore,Middle (6-14),2016,62,2,54,6,17,6.888888888888889,1
981011,2,Royal Challengers Bangalore,Powerplay (0-5),2016,49,2,37,7,18,7.945945945945946,1
981013,1,Gujarat Lions,Death (15-19),2016,54,6,33,7,10,9.818181818181818,0
981013,1,Gujarat Lions,Middle (6-14),2016,81,1,56,10,17,8.678571428571429,0
981013,1,Gujarat Lions,Powerplay (0-5),2016,23,3,36,3,23,3.8333333333333335,0
981013,2,Royal Challengers Bangalore,Death (15-19),2016,49,0,21,7,5,14.0,1
981013,2,Royal Challengers Bangalore,Middle (6-14),2016,79,1,56,9,15,8.464285714285714,1
981013,2,Royal Challengers Bangalore,Powerplay (0-5),2016,31,5,38,3,24,4.894736842105264,1
981015,1,Sunrisers Hyderabad,Death (15-19),2016,53,5,33,8,13,9.636363636363637,1
981015,1,Sunrisers Hyderabad,Middle (6-14),2016,66,2,54,7,20,7.333333333333333,1
981015,1,Sunrisers Hyderabad,Powerplay (0-5),2016,43,1,37,6,14,6.972972972972973,1
981015,2,Kolkata Knight Riders,Death (15-19),2016,30,4,30,2,13,6.0,0
981015,2,Kolkata Knight Riders,Middle (6-14),2016,64,3,54,5,15,7.111111111111111,0
981015,2,Kolkata Knight Riders,Powerplay (0-5),2016,46,1,36,4,15,7.666666666666667,0
981017,1,Gujarat Lions,Death (15-19),2016,53,2,32,8,6,9.9375,0
981017,1,Gujarat Lions,Middle (6-14),2016,71,3,54,10,20,7.888888888888889,0
981017,1,Gujarat Lions,Powerplay (0-5),2016,38,2,39,7,23,5.846153846153846,0
981017,2,Sunrisers Hyderabad,Death (15-19),2016,47,1,26,6,8,10.846153846153847,1
981017,2,Sunrisers Hyderabad,Middle (6-14),2016,70,3,54,8,19,7.777777777777778,1
981017,2,Sunrisers Hyderabad,Powerplay (0-5),2016,46,2,37,8,16,7.459459459459459,1
981019,1,Sunrisers Hyderabad,Death (15-19),2016,68,4,34,10,10,12.0,1
981019,1,Sunrisers Hyderabad,Middle (6-14),2016,81,3,54,11,16,9.0,1
981019,1,Sunrisers Hyderabad,Powerplay (0-5),2016,59,0,38,9,13,9.31578947368421,1
981019,2,Royal Challengers Bangalore,Death (15-19),2016,42,4,30,4,11,8.4,0
981019,2,Royal Challengers Bangalore,Middle (6-14),2016,99,3,55,13,13,10.8,0
981019,2,Royal Challengers Bangalore,Powerplay (0-5),2016,59,0,39,8,17,9.076923076923077,0
1082591,1,Sunrisers Hyderabad,Death (15-19),2017,56,2,32,7,7,10.5,1
1082591,1,Sunrisers Hyderabad,Middle (6-14),2017,92,1,55,10,7,10.036363636363637,1
1082591,1,Sunrisers Hyderabad,Powerplay (0-5),2017,59,1,38,9,14,9.31578947368421,1
1082591,2,Royal Challengers Bangalore,Death (15-19),2017,33,5,28,4,15,7.071428571428571,0
1082591,2,Royal Challengers Bangalore,Middle (6-14),2017,85,4,57,10,12,8.947368421052632,0
1082591,2,Royal Challengers Bangalore,Powerplay (0-5),2017,54,1,38,9,18,8.526315789473685,0
1082592,1,Mumbai Indians,Death (15-19),2017,64,3,32,9,8,12.0,0
1082592,1,Mumbai Indians,Middle (6-14),2017,59,4,56,4,18,6.321428571428571,0
1082592,1,Mumbai Indians,Powerplay (0-5),2017,61,1,37,10,17,9.891891891891891,0
1082592,2,Rising Pune Supergiant,Death (15-19),2017,48,1,29,6,6,9.931034482758621,1
1082592,2,Rising Pune Supergiant,Middle (6-14),2017,80,1,56,9,13,8.571428571428571,1
1082592,2,Rising Pune Supergiant,Powerplay (0-5),2017,59,1,37,9,11,9.567567567567567,1
1082593,1,Gujarat Lions,Death (15-19),2017,58,1,31,9,6,11.225806451612902,0
1082593,1,Gujarat Lions,Middle (6-14),2017,73,2,54,8,14,8.11111111111111,0
1082593,1,Gujarat Lions,Powerplay (0-5),2017,52,1,37,9,17,8.432432432432432,0
1082593,2,Kolkata Knight Riders,Middle (6-14),2017,111,0,58,13,10,11.482758620689657,1
1082593,2,Kolkata Knight Riders,Powerplay (0-5),2017,73,0,38,13,12,11.526315789473685,1
1082594,1,Rising Pune Supergiant,Death (15-19),2017,55,2,32,7,6,10.3125,0
1082594,1,Rising Pune Supergiant,Middle (6-14),2017,73,3,57,7,12,7.684210526315789,0
1082594,1,Rising Pune Supergiant,Powerplay (0-5),2017,35,1,36,4,15,5.833333333333333,0
1082594,2,Kings XI Punjab,Death (15-19),2017,36,0,25,4,10,8.639999999999999,1
1082594,2,Kings XI Punjab,Middle (6-14),2017,72,2,59,7,18,7.322033898305084,1
1082594,2,Kings XI Punjab,Powerplay (0-5),2017,56,2,38,9,13,8.842105263157896,1
1082595,1,Royal Challengers Bangalore,Death (15-19),2017,36,4,30,4,14,7.2,1
1082595,1,Royal Challengers Bangalore,Middle (6-14),2017,80,2,56,9,16,8.571428571428571,1
1082595,1,Royal Challengers Bangalore,Powerplay (0-5),2017,41,2,38,8,22,6.473684210526316,1
1082595,2,Delhi Daredevils,Death (15-19),2017,29,3,30,3,13,5.8,0
1082595,2,Delhi Daredevils,Middle (6-14),2017,70,4,57,7,20,7.368421052631579,0
1082595,2,Delhi Daredevils,Powerplay (0-5),2017,43,2,37,5,15,6.972972972972973,0
1082596,1,Gujarat Lions,Death (15-19),2017,33,3,30,2,8,6.6,0
1082596,1,Gujarat Lions,Middle (6-14),2017,62,2,54,6,15,6.888888888888889,0
1082596,1,Gujarat Lions,Powerplay (0-5),2017,40,2,36,5,16,6.666666666666667,0
1082596,2,Sunrisers Hyderabad,Death (15-19),2017,9,0,3,1,0,18.0,1
1082596,2,Sunrisers Hyderabad,Middle (6-14),2017,72,0,57,7,13,7.578947368421052,1
1082596,2,Sunrisers Hyderabad,Powerplay (0-5),2017,59,1,36,9,14,9.833333333333334,1
1082597,1,Kolkata Knight Riders,Death (15-19),2017,61,3,32,7,5,11.4375,0
1082597,1,Kolkata Knight Riders,Middle (6-14),2017,58,2,54,5,17,6.444444444444445,0
1082597,1,Kolkata Knight Riders,Powerplay (0-5),2017,59,2,42,8,14,8.428571428571429,0
1082597,2,Mumbai Indians,Death (15-19),2017,65,2,30,10,7,13.0,1
1082597,2,Mumbai Indians,Middle (6-14),2017,66,4,54,9,28,7.333333333333333,1
1082597,2,Mumbai Indians,Powerplay (0-5),2017,49,0,42,5,16,7.0,1
1082598,1,Royal Challengers Bangalore,Death (15-19),2017,77,0,32,11,8,14.4375,0
1082598,1,Royal Challengers Bangalore,Middle (6-14),2017,48,1,55,3,22,5.236363636363636,0
1082598,1,Royal Challengers Bangalore,Powerplay (0-5),2017,23,3,36,3,24,3.8333333333333335,0
1082598,2,Kings XI Punjab,Middle (6-14),2017,88,1,52,11,15,10.153846153846155,1
1082598,2,Kings XI Punjab,Powerplay (0-5),2017,62,1,37,9,10,10.054054054054054,1
1082599,1,Delhi Daredevils,Death (15-19),2017,82,2,31,13,6,15.870967741935482,1
1082599,1,Delhi Daredevils,Middle (6-14),2017,61,1,54,4,17,6.777777777777778,1
1082599,1,Delhi Daredevils,Powerplay (0-5),2017,62,1,40,10,12,9.299999999999999,1
1082599,2,Rising Pune Supergiant,Death (15-19),2017,2,2,7,0,5,1.7142857142857142,0
1082599,2,Rising Pune Supergiant,Middle (6-14),2017,56,5,55,6,27,6.109090909090909,0
1082599,2,Rising Pune Supergiant,Powerplay (0-5),2017,50,3,39,5,10,7.6923076923076925,0
1082600,1,Sunrisers Hyderabad,Death (15-19),2017,40,5,33,4,9,7.2727272727272725,0
1082600,1,Sunrisers Hyderabad,Middle (6-14),2017,84,3,57,12,21,8.842105263157896,0
1082600,1,Sunrisers Hyderabad,Powerplay (0-5),2017,34,0,36,5,20,5.666666666666667,0
1082600,2,Mumbai Indians,Death (15-19),2017,38,2,22,6,7,10.363636363636363,1
1082600,2,Mumbai Indians,Middle (6-14),2017,60,2,55,5,20,6.545454545454546,1
1082600,2,Mumbai Indians,Powerplay (0-5),2017,61,2,36,11,15,10.166666666666666,1
1082601,1,Kings XI Punjab,Death (15-19),2017,36,5,32,5,14,6.75,0
1082601,1,Kings XI Punjab,Middle (6-14),2017,77,3,57,10,22,8.105263157894736,0
1082601,1,Kings XI Punjab,Powerplay (0-5),2017,57,1,41,9,20,8.341463414634147,0
1082601,2,Kolkata Knight Riders,Death (15-19),2017,14,0,9,2,3,9.333333333333334,1
1082601,2,Kolkata Knight Riders,Middle (6-14),2017,81,1,56,9,8,8.678571428571429,1
1082601,2,Kolkata Knight Riders,Powerplay (0-5),2017,76,1,39,14,16,11.692307692307692,1
1082602,1,Royal Challengers Bangalore,Death (15-19),2017,32,4,32,0,11,6.0,0
1082602,1,Royal Challengers Bangalore,Middle (6-14),2017,69,1,54,6,17,7.666666666666667,0
1082602,1,Royal Challengers Bangalore,Powerplay (0-5),2017,41,0,38,5,16,6.473684210526316,0
1082602,2,Mumbai Indians,Death (15-19),2017,54,1,26,6,7,12.461538461538462,1
1082602,2,Mumbai Indians,Middle (6-14),2017,70,1,56,7,17,7.499999999999999,1
1082602,2,Mumbai Indians,Powerplay (0-5),2017,21,4,37,1,21,3.4054054054054053,1
1082603,1,Rising Pune Supergiant,Death (15-19),2017,45,3,32,4,8,8.4375,0
1082603,1,Rising Pune Supergiant,Middle (6-14),2017,62,3,54,6,15,6.888888888888889,0
1082603,1,Rising Pune Supergiant,Powerplay (0-5),2017,64,2,38,11,15,10.105263157894738,0
1082603,2,Gujarat Lions,Death (15-19),2017,39,0,19,6,4,12.31578947368421,1
1082603,2,Gujarat Lions,Middle (6-14),2017,72,3,56,10,23,7.7142857142857135,1
1082603,2,Gujarat Lions,Powerplay (0-5),2017,61,0,37,11,15,9.891891891891891,1
1082604,1,Kolkata Knight Riders,Death (15-19),2017,48,3,33,6,12,8.727272727272727,1
1082604,1,Kolkata Knight Riders,Middle (6-14),2017,84,1,55,9,11,9.163636363636364,1
1082604,1,Kolkata Knight Riders,Powerplay (0-5),2017,40,2,38,5,18,6.315789473684211,1
1082604,2,Sunrisers Hyderabad,Death (15-19),2017,42,1,31,4,10,8.129032258064516,0
1082604,2,Sunrisers Hyderabad,Middle (6-14),2017,68,5,56,9,23,7.285714285714286,0
1082604,2,Sunrisers Hyderabad,Powerplay (0-5),2017,45,0,37,8,18,7.297297297297297,0
1082605,1,Delhi Daredevils,Death (15-19),2017,68,2,33,10,8,12.363636363636363,1
1082605,1,Delhi Daredevils,Middle (6-14),2017,71,4,58,9,20,7.344827586206897,1
1082605,1,Delhi Daredevils,Powerplay (0-5),2017,49,0,36,9,17,8.166666666666666,1
1082605,2,Kings XI Punjab,Death (15-19),2017,34,3,30,2,9,6.8,0
1082605,2,Kings XI Punjab,Middle (6-14),2017,63,3,55,6,17,6.872727272727273,0
1082605,2,Kings XI Punjab,Powerplay (0-5),2017,40,3,36,6,15,6.666666666666667,0
1082606,1,Gujarat Lions,Death (15-19),2017,56,1,33,6,5,10.181818181818182,0
1082606,1,Gujarat Lions,Middle (6-14),2017,74,2,55,6,15,8.072727272727274,0
1082606,1,Gujarat Lions,Powerplay (0-5),2017,46,1,38,6,17,7.2631578947368425,0
1082606,2,Mumbai Indians,Death (15-19),2017,45,1,28,5,4,9.642857142857142,1
1082606,2,Mumbai Indians,Middle (6-14),2017,76,2,55,8,17,8.290909090909091,1
1082606,2,Mumbai Indians,Powerplay (0-5),2017,56,1,42,6,14,8.0,1
1082607,1,Rising Pune Supergiant,Death (15-19),2017,44,6,31,7,13,8.516129032258064,1
1082607,1,Rising Pune Supergiant,Middle (6-14),2017,62,2,58,6,20,6.413793103448277,1
1082607,1,Rising Pune Supergiant,Powerplay (0-5),2017,55,0,37,8,13,8.91891891891892,1
1082607,2,Royal Challengers Bangalore,Death (15-19),2017,42,5,30,5,12,8.4,0
1082607,2,Royal Challengers Bangalore,Middle (6-14),2017,50,2,58,1,18,5.172413793103448,0
1082607,2,Royal Challengers Bangalore,Powerplay (0-5),2017,42,2,36,6,19,7.0,0
1082608,1,Delhi Daredevils,Death (15-19),2017,58,3,32,9,10,10.875,0
1082608,1,Delhi Daredevils,Middle (6-14),2017,57,4,54,6,17,6.333333333333333,0
1082608,1,Delhi Daredevils,Powerplay (0-5),2017,53,0,36,8,9,8.833333333333334,0
1082608,2,Kolkata Knight Riders,Death (15-19),2017,34,2,30,1,7,6.8,1
1082608,2,Kolkata Knight Riders,Middle (6-14),2017,86,1,57,9,15,9.052631578947368,1
1082608,2,Kolkata Knight Riders,Powerplay (0-5),2017,49,3,36,8,14,8.166666666666666,1
1082609,1,Sunrisers Hyderabad,Death (15-19),2017,51,3,31,6,8,9.870967741935484,1
1082609,1,Sunrisers Hyderabad,Middle (6-14),2017,79,2,56,8,16,8.464285714285714,1
1082609,1,Sunrisers Hyderabad,Powerplay (0-5),2017,29,1,38,1,19,4.578947368421053,1
1082609,2,Kings XI Punjab,Death (15-19),2017,50,4,31,6,10,9.67741935483871,0
1082609,2,Kings XI Punjab,Middle (6-14),2017,53,4,55,5,26,5.781818181818182,0
1082609,2,Kings XI Punjab,Powerplay (0-5),2017,51,2,38,7,18,8.052631578947368,0
1082610,1,Royal Challengers Bangalore,Death (15-19),2017,60,1,30,9,8,12.0,1
1082610,1,Royal Challengers Bangalore,Middle (6-14),2017,108,1,57,14,13,11.368421052631579,1
1082610,1,Royal Challengers Bangalore,Powerplay (0-5),2017,45,0,36,7,15,7.5,1
1082610,2,Gujarat Lions,Death (15-19),2017,53,2,31,6,8,10.258064516129032,0
1082610,2,Gujarat Lions,Middle (6-14),2017,82,3,58,10,19,8.482758620689655,0
1082610,2,Gujarat Lions,Powerplay (0-5),2017,57,2,37,8,14,9.243243243243242,0
1082611,1,Sunrisers Hyderabad,Death (15-19),2017,56,3,30,8,4,11.2,1
1082611,1,Sunrisers Hyderabad,Middle (6-14),2017,96,0,56,10,9,10.285714285714285,1
1082611,1,Sunrisers Hyderabad,Powerplay (0-5),2017,39,1,37,4,13,6.324324324324324,1
1082611,2,Delhi Daredevils,Death (15-19),2017,49,1,31,6,6,9.483870967741934,0
1082611,2,Delhi Daredevils,Middle (6-14),2017,71,3,55,7,15,7.745454545454546,0
1082611,2,Delhi Daredevils,Powerplay (0-5),2017,56,1,36,11,19,9.333333333333334,0
1082612,1,Kings XI Punjab,Death (15-19),2017,59,2,34,8,12,10.411764705882353,0
1082612,1,Kings XI Punjab,Middle (6-14),2017,93,1,57,11,12,9.789473684210526,0
1082612,1,Kings XI Punjab,Powerplay (0-5),2017,46,1,36,7,16,7.666666666666667,0
1082612,2,Mumbai Indians,Death (15-19),2017,8,0,3,1,1,16.0,1
1082612,2,Mumbai Indians,Middle (6-14),2017,109,1,57,13,10,11.473684210526315,1
1082612,2,Mumbai Indians,Powerplay (0-5),2017,82,1,38,14,8,12.947368421052632,1
1082613,1,Kolkata Knight Riders,Death (15-19),2017,46,3,30,6,8,9.2,0
1082613,1,Kolkata Knight Riders,Middle (6-14),2017,76,1,55,8,12,8.290909090909091,0
1082613,1,Kolkata Knight Riders,Powerplay (0-5),2017,65,1,36,13,12,10.833333333333334,0
1082613,2,Gujarat Lions,Death (15-19),2017,42,1,20,6,5,12.6,1
1082613,2,Gujarat Lions,Middle (6-14),2017,74,4,54,10,16,8.222222222222221,1
1082613,2,Gujarat Lions,Powerplay (0-5),2017,72,1,37,12,13,11.675675675675675,1
1082614,1,Mumbai Indians,Death (15-19),2017,40,3,31,4,11,7.741935483870967,1
1082614,1,Mumbai Indians,Middle (6-14),2017,54,3,56,5,26,5.785714285714286,1
1082614,1,Mumbai Indians,Powerplay (0-5),2017,48,2,40,6,20,7.199999999999999,1
1082614,2,Delhi Daredevils,Death (15-19),2017,37,1,31,3,9,7.161290322580645,0
1082614,2,Delhi Daredevils,Middle (6-14),2017,68,1,56,8,18,7.285714285714286,0
1082614,2,Delhi Daredevils,Powerplay (0-5),2017,23,5,38,3,26,3.6315789473684212,0
1082615,1,Sunrisers Hyderabad,Death (15-19),2017,63,1,30,10,6,12.6,0
1082615,1,Sunrisers Hyderabad,Middle (6-14),2017,68,2,56,6,18,7.285714285714286,0
1082615,1,Sunrisers Hyderabad,Powerplay (0-5),2017,45,0,38,6,14,7.105263157894737,0
1082615,2,Rising Pune Supergiant,Death (15-19),2017,64,1,31,9,2,12.387096774193548,1
1082615,2,Rising Pune Supergiant,Middle (6-14),2017,60,2,54,6,19,6.666666666666667,1
1082615,2,Rising Pune Supergiant,Powerplay (0-5),2017,55,1,36,9,17,9.166666666666666,1
1082616,1,Kings XI Punjab,Death (15-19),2017,53,3,31,6,6,10.258064516129032,1
1082616,1,Kings XI Punjab,Middle (6-14),2017,85,3,54,11,16,9.444444444444445,1
1082616,1,Kings XI Punjab,Powerplay (0-5),2017,50,1,36,9,17,8.333333333333334,1
1082616,2,Gujarat Lions,Death (15-19),2017,41,1,33,4,9,7.454545454545454,0
1082616,2,Gujarat Lions,Middle (6-14),2017,71,4,55,7,13,7.745454545454546,0
1082616,2,Gujarat Lions,Powerplay (0-5),2017,50,2,36,7,14,8.333333333333334,0
1082617,1,Kolkata Knight Riders,Death (15-19),2017,24,4,28,2,13,5.142857142857142,1
1082617,1,Kolkata Knight Riders,Middle (6-14),2017,42,4,55,3,25,4.581818181818182,1
1082617,1,Kolkata Knight Riders,Powerplay (0-5),2017,65,2,38,11,15,10.263157894736842,1
1082617,2,Royal Challengers Bangalore,Middle (6-14),2017,10,6,23,1,17,2.608695652173913,0
1082617,2,Royal Challengers Bangalore,Powerplay (0-5),2017,39,4,39,7,26,6.0,0
1082618,1,Rising Pune Supergiant,Death (15-19),2017,40,3,31,6,14,7.741935483870967,1
1082618,1,Rising Pune Supergiant,Middle (6-14),2017,72,3,54,7,12,8.0,1
1082618,1,Rising Pune Supergiant,Powerplay (0-5),2017,48,0,37,7,17,7.783783783783783,1
1082618,2,Mumbai Indians,Death (15-19),2017,44,4,32,5,11,8.25,0
1082618,2,Mumbai Indians,Middle (6-14),2017,69,3,54,9,20,7.666666666666667,0
1082618,2,Mumbai Indians,Powerplay (0-5),2017,44,1,37,7,16,7.135135135135135,0
1082620,1,Rising Pune Supergiant,Death (15-19),2017,53,3,32,5,8,9.9375,0
1082620,1,Rising Pune Supergiant,Middle (6-14),2017,72,2,54,8,14,8.0,0
1082620,1,Rising Pune Supergiant,Powerplay (0-5),2017,57,0,39,9,11,8.76923076923077,0
1082620,2,Kolkata Knight Riders,Death (15-19),2017,25,2,19,3,8,7.894736842105264,1
1082620,2,Kolkata Knight Riders,Middle (6-14),2017,114,0,57,14,6,12.0,1
1082620,2,Kolkata Knight Riders,Powerplay (0-5),2017,45,1,38,7,17,7.105263157894737,1
1082621,1,Royal Challengers Bangalore,Death (15-19),2017,27,3,30,1,10,5.4,0
1082621,1,Royal Challengers Bangalore,Middle (6-14),2017,72,4,55,7,18,7.854545454545455,0
1082621,1,Royal Challengers Bangalore,Powerplay (0-5),2017,35,3,38,5,23,5.526315789473684,0
1082621,2,Gujarat Lions,Middle (6-14),2017,86,1,51,12,15,10.117647058823529,1
1082621,2,Gujarat Lions,Powerplay (0-5),2017,49,2,38,8,20,7.736842105263158,1
1082622,1,Delhi Daredevils,Death (15-19),2017,29,4,30,3,12,5.8,0
1082622,1,Delhi Daredevils,Middle (6-14),2017,78,1,55,7,10,8.50909090909091,0
1082622,1,Delhi Daredevils,Powerplay (0-5),2017,53,1,37,8,15,8.594594594594595,0
1082622,2,Kolkata Knight Riders,Death (15-19),2017,21,0,9,4,1,14.0,1
1082622,2,Kolkata Knight Riders,Middle (6-14),2017,93,2,54,15,15,10.333333333333334,1
1082622,2,Kolkata Knight Riders,Powerplay (0-5),2017,47,1,36,5,15,7.833333333333333,1
1082623,1,Sunrisers Hyderabad,Death (15-19),2017,52,1,30,6,5,10.4,1
1082623,1,Sunrisers Hyderabad,Middle (6-14),2017,95,2,56,11,6,10.178571428571427,1
1082623,1,Sunrisers Hyderabad,Powerplay (0-5),2017,60,0,36,9,13,10.0,1
1082623,2,Kings XI Punjab,Death (15-19),2017,43,4,30,6,8,8.6,0
1082623,2,Kings XI Punjab,Middle (6-14),2017,79,2,55,12,19,8.618181818181819,0
1082623,2,Kings XI Punjab,Powerplay (0-5),2017,59,3,36,11,16,9.833333333333334,0
1082624,1,Rising Pune Supergiant,Death (15-19),2017,46,0,31,5,7,8.903225806451612,1
1082624,1,Rising Pune Supergiant,Middle (6-14),2017,68,2,55,7,18,7.418181818181819,1
1082624,1,Rising Pune Supergiant,Powerplay (0-5),2017,43,1,37,6,16,6.972972972972973,1
1082624,2,Royal Challengers Bangalore,Death (15-19),2017,25,2,31,2,17,4.838709677419355,0
1082624,2,Royal Challengers Bangalore,Middle (6-14),2017,32,5,54,0,26,3.5555555555555554,0
1082624,2,Royal Challengers Bangalore,Powerplay (0-5),2017,39,2,37,5,16,6.324324324324324,0
1082625,1,Gujarat Lions,Death (15-19),2017,53,3,32,7,10,9.9375,0
1082625,1,Gujarat Lions,Middle (6-14),2017,52,3,58,4,26,5.379310344827586,0
1082625,1,Gujarat Lions,Powerplay (0-5),2017,48,3,39,8,19,7.384615384615385,0
1082625,2,Mumbai Indians,Death (15-19),2017,39,6,30,4,8,7.8,0
1082625,2,Mumbai Indians,Middle (6-14),2017,53,3,55,5,19,5.781818181818182,0
1082625,2,Mumbai Indians,Powerplay (0-5),2017,61,1,36,10,14,10.166666666666666,0
1082625,3,Mumbai Indians,Powerplay (0-5),2017,11,2,5,2,2,13.2,0
1082625,4,Gujarat Lions,Powerplay (0-5),2017,6,0,8,0,5,4.5,0
1082626,1,Delhi Daredevils,Death (15-19),2017,7,3,15,0,8,2.8,0
1082626,1,Delhi Daredevils,Middle (6-14),2017,35,4,56,2,32,3.7499999999999996,0
1082626,1,Delhi Daredevils,Powerplay (0-5),2017,25,3,37,3,24,4.0540540540540535,0
1082626,2,Kings XI Punjab,Middle (6-14),2017,18,0,11,2,3,9.818181818181818,1
1082626,2,Kings XI Punjab,Powerplay (0-5),2017,50,0,38,8,17,7.894736842105264,1
1082627,1,Sunrisers Hyderabad,Death (15-19),2017,55,2,31,7,4,10.64516129032258,1
1082627,1,Sunrisers Hyderabad,Middle (6-14),2017,75,1,55,7,17,8.181818181818182,1
1082627,1,Sunrisers Hyderabad,Powerplay (0-5),2017,79,0,39,12,13,12.153846153846153,1
1082627,2,Kolkata Knight Riders,Death (15-19),2017,39,3,31,3,9,7.548387096774193,0
1082627,2,Kolkata Knight Riders,Middle (6-14),2017,78,2,55,6,12,8.50909090909091,0
1082627,2,Kolkata Knight Riders,Powerplay (0-5),2017,44,2,36,8,17,7.333333333333333,0
1082628,1,Royal Challengers Bangalore,Death (15-19),2017,47,3,30,5,8,9.4,0
1082628,1,Royal Challengers Bangalore,Middle (6-14),2017,63,3,55,6,17,6.872727272727273,0
1082628,1,Royal Challengers Bangalore,Powerplay (0-5),2017,52,2,37,7,16,8.432432432432432,0
1082628,2,Mumbai Indians,Death (15-19),2017,51,1,32,5,2,9.5625,1
1082628,2,Mumbai Indians,Middle (6-14),2017,59,4,54,6,20,6.555555555555555,1
1082628,2,Mumbai Indians,Powerplay (0-5),2017,55,1,37,9,14,8.91891891891892,1
1082629,1,Gujarat Lions,Death (15-19),2017,26,4,29,2,13,5.379310344827586,0
1082629,1,Gujarat Lions,Middle (6-14),2017,80,5,56,9,15,8.571428571428571,0
1082629,1,Gujarat Lions,Powerplay (0-5),2017,55,1,36,9,17,9.166666666666666,0
1082629,2,Rising Pune Supergiant,Death (15-19),2017,65,1,30,8,3,13.0,1
1082629,2,Rising Pune Supergiant,Middle (6-14),2017,59,0,55,5,24,6.4363636363636365,1
1082629,2,Rising Pune Supergiant,Powerplay (0-5),2017,43,4,38,7,19,6.7894736842105265,1
1082630,1,Sunrisers Hyderabad,Death (15-19),2017,71,0,32,12,2,13.3125,0
1082630,1,Sunrisers Hyderabad,Middle (6-14),2017,48,2,55,4,23,5.236363636363636,0
1082630,1,Sunrisers Hyderabad,Powerplay (0-5),2017,66,1,36,10,15,11.0,0
1082630,2,Delhi Daredevils,Death (15-19),2017,47,1,25,6,3,11.28,1
1082630,2,Delhi Daredevils,Middle (6-14),2017,80,2,56,9,16,8.571428571428571,1
1082630,2,Delhi Daredevils,Powerplay (0-5),2017,62,1,36,10,13,10.333333333333334,1
1082631,1,Kolkata Knight Riders,Death (15-19),2017,45,3,30,6,9,9.0,0
1082631,1,Kolkata Knight Riders,Middle (6-14),2017,69,2,54,9,18,7.666666666666667,0
1082631,1,Kolkata Knight Riders,Powerplay (0-5),2017,41,3,36,6,22,6.833333333333333,0
1082631,2,Rising Pune Supergiant,Death (15-19),2017,24,2,26,2,13,5.538461538461539,1
1082631,2,Rising Pune Supergiant,Middle (6-14),2017,60,2,54,7,23,6.666666666666667,1
1082631,2,Rising Pune Supergiant,Powerplay (0-5),2017,74,2,38,13,17,11.68421052631579,1
1082632,1,Gujarat Lions,Death (15-19),2017,44,3,32,5,10,8.25,0
1082632,1,Gujarat Lions,Middle (6-14),2017,106,2,56,13,11,11.357142857142856,0
1082632,1,Gujarat Lions,Powerplay (0-5),2017,58,2,36,9,13,9.666666666666666,0
1082632,2,Delhi Daredevils,Death (15-19),2017,32,0,17,4,7,11.294117647058822,1
1082632,2,Delhi Daredevils,Middle (6-14),2017,119,2,55,16,14,12.981818181818182,1
1082632,2,Delhi Daredevils,Powerplay (0-5),2017,63,1,38,8,14,9.947368421052632,1
1082633,1,Kings XI Punjab,Death (15-19),2017,54,2,33,7,10,9.818181818181818,1
1082633,1,Kings XI Punjab,Middle (6-14),2017,49,3,54,2,24,5.444444444444445,1
1082633,1,Kings XI Punjab,Powerplay (0-5),2017,35,2,36,5,19,5.833333333333333,1
1082633,2,Royal Challengers Bangalore,Death (15-19),2017,21,3,25,0,5,5.04,0
1082633,2,Royal Challengers Bangalore,Middle (6-14),2017,52,4,56,4,24,5.571428571428571,0
1082633,2,Royal Challengers Bangalore,Powerplay (0-5),2017,46,3,36,9,22,7.666666666666667,0
1082634,1,Rising Pune Supergiant,Death (15-19),2017,48,5,32,6,12,9.0,1
1082634,1,Rising Pune Supergiant,Middle (6-14),2017,65,2,55,4,17,7.090909090909092,1
1082634,1,Rising Pune Supergiant,Powerplay (0-5),2017,35,1,37,1,10,5.675675675675675,1
1082634,2,Sunrisers Hyderabad,Death (15-19),2017,35,5,31,3,14,6.774193548387096,0
1082634,2,Sunrisers Hyderabad,Middle (6-14),2017,54,2,55,5,24,5.8909090909090915,0
1082634,2,Sunrisers Hyderabad,Powerplay (0-5),2017,47,2,36,8,17,7.833333333333333,0
1082635,1,Mumbai Indians,Death (15-19),2017,64,1,36,8,8,10.666666666666666,1
1082635,1,Mumbai Indians,Middle (6-14),2017,88,2,54,11,18,9.777777777777779,1
1082635,1,Mumbai Indians,Powerplay (0-5),2017,60,0,38,7,11,9.473684210526317,1
1082635,2,Delhi Daredevils,Middle (6-14),2017,31,5,47,2,29,3.9574468085106385,0
1082635,2,Delhi Daredevils,Powerplay (0-5),2017,35,5,36,6,22,5.833333333333333,0
1082636,1,Royal Challengers Bangalore,Death (15-19),2017,53,3,31,7,8,10.258064516129032,0
1082636,1,Royal Challengers Bangalore,Middle (6-14),2017,65,0,54,4,10,7.222222222222222,0
1082636,1,Royal Challengers Bangalore,Powerplay (0-5),2017,40,3,37,6,20,6.486486486486486,0
1082636,2,Kolkata Knight Riders,Death (15-19),2017,2,0,1,0,0,12.0,1
1082636,2,Kolkata Knight Riders,Middle (6-14),2017,52,4,55,3,23,5.672727272727273,1
1082636,2,Kolkata Knight Riders,Powerplay (0-5),2017,105,0,38,19,10,16.578947368421055,1
1082637,1,Kings XI Punjab,Death (15-19),2017,66,2,30,9,5,13.2,0
1082637,1,Kings XI Punjab,Middle (6-14),2017,79,0,55,7,7,8.618181818181819,0
1082637,1,Kings XI Punjab,Powerplay (0-5),2017,44,1,38,5,13,6.947368421052632,0
1082637,2,Gujarat Lions,Death (15-19),2017,44,2,30,4,8,8.8,1
1082637,2,Gujarat Lions,Middle (6-14),2017,90,2,54,10,9,10.0,1
1082637,2,Gujarat Lions,Powerplay (0-5),2017,58,0,37,9,11,9.405405405405405,1
1082638,1,Mumbai Indians,Death (15-19),2017,39,3,33,3,12,7.090909090909091,0
1082638,1,Mumbai Indians,Middle (6-14),2017,63,2,55,6,18,6.872727272727273,0
1082638,1,Mumbai Indians,Powerplay (0-5),2017,36,2,38,4,19,5.684210526315789,0
1082638,2,Sunrisers Hyderabad,Death (15-19),2017,27,0,21,1,2,7.714285714285714,1
1082638,2,Sunrisers Hyderabad,Middle (6-14),2017,70,2,55,9,23,7.636363636363637,1
1082638,2,Sunrisers Hyderabad,Powerplay (0-5),2017,43,1,36,5,12,7.166666666666667,1
1082639,1,Kings XI Punjab,Death (15-19),2017,52,3,31,6,8,10.064516129032258,1
1082639,1,Kings XI Punjab,Middle (6-14),2017,74,1,57,7,18,7.7894736842105265,1
1082639,1,Kings XI Punjab,Powerplay (0-5),2017,41,2,38,5,17,6.473684210526316,1
1082639,2,Kolkata Knight Riders,Death (15-19),2017,35,3,30,3,7,7.0,0
1082639,2,Kolkata Knight Riders,Middle (6-14),2017,57,2,56,3,19,6.107142857142857,0
1082639,2,Kolkata Knight Riders,Powerplay (0-5),2017,61,1,36,12,14,10.166666666666666,0
1082640,1,Gujarat Lions,Death (15-19),2017,61,2,30,8,6,12.2,0
1082640,1,Gujarat Lions,Middle (6-14),2017,84,1,56,10,12,9.0,0
1082640,1,Gujarat Lions,Powerplay (0-5),2017,50,2,38,8,16,7.894736842105264,0
1082640,2,Delhi Daredevils,Death (15-19),2017,59,2,28,9,6,12.642857142857142,1
1082640,2,Delhi Daredevils,Middle (6-14),2017,74,4,55,13,23,8.072727272727274,1
1082640,2,Delhi Daredevils,Powerplay (0-5),2017,64,2,36,13,14,10.666666666666666,1
1082641,1,Kings XI Punjab,Death (15-19),2017,57,1,34,5,5,10.058823529411764,1
1082641,1,Kings XI Punjab,Middle (6-14),2017,102,1,56,13,12,10.928571428571427,1
1082641,1,Kings XI Punjab,Powerplay (0-5),2017,71,1,39,12,10,10.923076923076923,1
1082641,2,Mumbai Indians,Death (15-19),2017,75,2,33,11,7,13.636363636363637,0
1082641,2,Mumbai Indians,Middle (6-14),2017,80,4,55,10,21,8.727272727272728,0
1082641,2,Mumbai Indians,Powerplay (0-5),2017,68,0,38,11,13,10.736842105263158,0
1082642,1,Delhi Daredevils,Death (15-19),2017,45,4,32,4,10,8.4375,1
1082642,1,Delhi Daredevils,Middle (6-14),2017,69,2,56,7,19,7.392857142857142,1
1082642,1,Delhi Daredevils,Powerplay (0-5),2017,54,2,36,9,16,9.0,1
1082642,2,Rising Pune Supergiant,Death (15-19),2017,44,4,32,3,13,8.25,0
1082642,2,Rising Pune Supergiant,Middle (6-14),2017,64,1,55,8,20,6.981818181818182,0
1082642,2,Rising Pune Supergiant,Powerplay (0-5),2017,53,2,38,8,13,8.368421052631579,0
1082643,1,Gujarat Lions,Death (15-19),2017,28,5,27,3,11,6.222222222222222,0
1082643,1,Gujarat Lions,Middle (6-14),2017,65,5,55,8,24,7.090909090909092,0
1082643,1,Gujarat Lions,Powerplay (0-5),2017,61,0,36,10,13,10.166666666666666,0
1082643,2,Sunrisers Hyderabad,Death (15-19),2017,31,0,19,5,6,9.789473684210527,1
1082643,2,Sunrisers Hyderabad,Middle (6-14),2017,80,0,54,10,10,8.88888888888889,1
1082643,2,Sunrisers Hyderabad,Powerplay (0-5),2017,47,2,37,8,17,7.621621621621621,1
1082644,1,Mumbai Indians,Death (15-19),2017,55,3,31,8,11,10.64516129032258,1
1082644,1,Mumbai Indians,Middle (6-14),2017,67,1,54,8,20,7.444444444444445,1
1082644,1,Mumbai Indians,Powerplay (0-5),2017,51,1,40,8,20,7.6499999999999995,1
1082644,2,Kolkata Knight Riders,Death (15-19),2017,33,2,31,3,10,6.387096774193548,0
1082644,2,Kolkata Knight Riders,Middle (6-14),2017,78,3,56,9,18,8.357142857142856,0
1082644,2,Kolkata Knight Riders,Powerplay (0-5),2017,53,3,38,9,20,8.368421052631579,0
1082645,1,Kings XI Punjab,Death (15-19),2017,2,2,5,0,4,2.4,0
1082645,1,Kings XI Punjab,Middle (6-14),2017,39,3,55,2,27,4.254545454545455,0
1082645,1,Kings XI Punjab,Powerplay (0-5),2017,32,5,38,5,23,5.052631578947369,0
1082645,2,Rising Pune Supergiant,Middle (6-14),2017,35,0,36,1,9,5.833333333333333,1
1082645,2,Rising Pune Supergiant,Powerplay (0-5),2017,43,1,37,6,16,6.972972972972973,1
1082646,1,Royal Challengers Bangalore,Death (15-19),2017,54,3,35,7,11,9.257142857142858,1
1082646,1,Royal Challengers Bangalore,Middle (6-14),2017,70,2,55,6,11,7.636363636363637,1
1082646,1,Royal Challengers Bangalore,Powerplay (0-5),2017,37,1,37,5,19,6.0,1
1082646,2,Delhi Daredevils,Death (15-19),2017,47,6,30,7,13,9.4,0
1082646,2,Delhi Daredevils,Middle (6-14),2017,62,2,55,6,18,6.763636363636364,0
1082646,2,Delhi Daredevils,Powerplay (0-5),2017,42,2,37,6,20,6.8108108108108105,0
1082647,1,Rising Pune Supergiant,Death (15-19),2017,58,1,34,7,11,10.235294117647058,1
1082647,1,Rising Pune Supergiant,Middle (6-14),2017,71,1,54,7,16,7.888888888888889,1
1082647,1,Rising Pune Supergiant,Powerplay (0-5),2017,33,2,37,3,16,5.351351351351351,1
1082647,2,Mumbai Indians,Death (15-19),2017,39,2,31,3,9,7.548387096774193,0
1082647,2,Mumbai Indians,Middle (6-14),2017,61,4,58,6,21,6.310344827586207,0
1082647,2,Mumbai Indians,Powerplay (0-5),2017,42,3,38,5,18,6.631578947368421,0
1082648,1,Sunrisers Hyderabad,Death (15-19),2017,30,4,32,2,14,5.625,0
1082648,1,Sunrisers Hyderabad,Middle (6-14),2017,68,2,54,9,24,7.555555555555555,0
1082648,1,Sunrisers Hyderabad,Powerplay (0-5),2017,30,1,36,3,16,5.0,0
1082648,2,Kolkata Knight Riders,Powerplay (0-5),2017,48,3,35,5,11,8.22857142857143,1
1082649,1,Kolkata Knight Riders,Death (15-19),2017,19,4,24,2,15,4.75,0
1082649,1,Kolkata Knight Riders,Middle (6-14),2017,63,3,55,7,20,6.872727272727273,0
1082649,1,Kolkata Knight Riders,Powerplay (0-5),2017,25,3,37,2,23,4.0540540540540535,0
1082649,2,Mumbai Indians,Middle (6-14),2017,75,1,54,11,17,8.333333333333334,1
1082649,2,Mumbai Indians,Powerplay (0-5),2017,36,3,37,3,17,5.837837837837838,1
1082650,1,Mumbai Indians,Death (15-19),2017,48,1,32,5,10,9.0,1
1082650,1,Mumbai Indians,Middle (6-14),2017,49,5,56,4,26,5.25,1
1082650,1,Mumbai Indians,Powerplay (0-5),2017,32,2,37,4,18,5.189189189189189,1
1082650,2,Rising Pune Supergiant,Death (15-19),2017,45,4,30,5,9,9.0,0
1082650,2,Rising Pune Supergiant,Middle (6-14),2017,45,1,56,3,24,4.821428571428571,0
1082650,2,Rising Pune Supergiant,Powerplay (0-5),2017,38,1,37,3,16,6.162162162162162,0
1136561,1,Mumbai Indians,Death (15-19),2018,48,0,31,6,9,9.29032258064516,0
1136561,1,Mumbai Indians,Middle (6-14),2018,78,2,54,12,18,8.666666666666666,0
1136561,1,Mumbai Indians,Powerplay (0-5),2018,39,2,37,5,22,6.324324324324324,0
1136561,2,Chennai Super Kings,Death (15-19),2018,63,2,31,9,11,12.193548387096774,1
1136561,2,Chennai Super Kings,Middle (6-14),2018,64,5,57,6,21,6.7368421052631575,1
1136561,2,Chennai Super Kings,Powerplay (0-5),2018,42,2,36,6,15,7.0,1
1136562,1,Delhi Daredevils,Death (15-19),2018,43,2,31,3,7,8.32258064516129,0
1136562,1,Delhi Daredevils,Middle (6-14),2018,78,4,55,8,9,8.50909090909091,0
1136562,1,Delhi Daredevils,Powerplay (0-5),2018,45,1,38,5,13,7.105263157894737,0
1136562,2,Kings XI Punjab,Death (15-19),2018,35,1,24,3,6,8.75,1
1136562,2,Kings XI Punjab,Middle (6-14),2018,59,1,54,6,19,6.555555555555555,1
1136562,2,Kings XI Punjab,Powerplay (0-5),2018,73,2,36,14,16,12.166666666666666,1
1136563,1,Royal Challengers Bangalore,Death (15-19),2018,44,3,30,6,10,8.8,0
1136563,1,Royal Challengers Bangalore,Middle (6-14),2018,80,3,54,11,20,8.88888888888889,0
1136563,1,Royal Challengers Bangalore,Powerplay (0-5),2018,52,1,37,7,16,8.432432432432432,0
1136563,2,Kolkata Knight Riders,Death (15-19),2018,36,2,27,6,11,8.0,1
1136563,2,Kolkata Knight Riders,Middle (6-14),2018,73,2,58,7,17,7.551724137931035,1
1136563,2,Kolkata Knight Riders,Powerplay (0-5),2018,68,2,38,11,16,10.736842105263158,1
1136564,1,Rajasthan Royals,Death (15-19),2018,28,3,32,2,13,5.25,0
1136564,1,Rajasthan Royals,Middle (6-14),2018,49,5,55,3,19,5.345454545454546,0
1136564,1,Rajasthan Royals,Powerplay (0-5),2018,48,1,38,7,16,7.578947368421053,0
1136564,2,Sunrisers Hyderabad,Death (15-19),2018,4,0,5,1,4,4.8,1
1136564,2,Sunrisers Hyderabad,Middle (6-14),2018,66,0,56,8,21,7.071428571428571,1
1136564,2,Sunrisers Hyderabad,Powerplay (0-5),2018,57,1,39,10,19,8.76923076923077,1
1136565,1,Kolkata Knight Riders,Death (15-19),2018,79,1,31,11,8,15.29032258064516,0
1136565,1,Kolkata Knight Riders,Middle (6-14),2018,59,3,55,6,21,6.4363636363636365,0
1136565,1,Kolkata Knight Riders,Powerplay (0-5),2018,64,2,37,11,16,10.378378378378377,0
1136565,2,Chennai Super Kings,Death (15-19),2018,60,2,32,6,5,11.25,1
1136565,2,Chennai Super Kings,Middle (6-14),2018,70,2,55,6,16,7.636363636363637,1
1136565,2,Chennai Super Kings,Powerplay (0-5),2018,75,1,36,11,10,12.5,1
1136566,1,Rajasthan Royals,Death (15-19),2018,36,1,19,4,6,11.368421052631579,1
1136566,1,Rajasthan Royals,Middle (6-14),2018,66,2,54,7,15,7.333333333333333,1
1136566,1,Rajasthan Royals,Powerplay (0-5),2018,51,2,36,6,13,8.5,1
1136566,2,Delhi Daredevils,Powerplay (0-5),2018,60,4,37,9,14,9.72972972972973,0
1136567,1,Mumbai Indians,Death (15-19),2018,36,3,32,4,12,6.75,0
1136567,1,Mumbai Indians,Middle (6-14),2018,57,2,55,8,29,6.218181818181819,0
1136567,1,Mumbai Indians,Powerplay (0-5),2018,54,3,37,9,22,8.756756756756756,0
1136567,2,Sunrisers Hyderabad,Death (15-19),2018,30,4,31,3,13,5.806451612903225,1
1136567,2,Sunrisers Hyderabad,Middle (6-14),2018,65,5,54,7,17,7.222222222222222,1
1136567,2,Sunrisers Hyderabad,Powerplay (0-5),2018,56,0,36,9,9,9.333333333333334,1
1136568,1,Kings XI Punjab,Death (15-19),2018,33,3,28,2,8,7.071428571428571,0
1136568,1,Kings XI Punjab,Middle (6-14),2018,72,4,55,7,14,7.854545454545455,0
1136568,1,Kings XI Punjab,Powerplay (0-5),2018,50,3,36,9,20,8.333333333333334,0
1136568,2,Royal Challengers Bangalore,Death (15-19),2018,50,2,27,6,5,11.11111111111111,1
1136568,2,Royal Challengers Bangalore,Middle (6-14),2018,68,2,55,8,20,7.418181818181819,1
1136568,2,Royal Challengers Bangalore,Powerplay (0-5),2018,41,2,36,7,17,6.833333333333333,1
1136569,1,Mumbai Indians,Death (15-19),2018,36,5,31,2,9,6.967741935483871,0
1136569,1,Mumbai Indians,Middle (6-14),2018,74,2,56,9,17,7.928571428571428,0
1136569,1,Mumbai Indians,Powerplay (0-5),2018,84,0,38,15,13,13.263157894736842,0
1136569,2,Delhi Daredevils,Death (15-19),2018,47,0,30,7,11,9.4,1
1136569,2,Delhi Daredevils,Middle (6-14),2018,95,2,55,13,13,10.363636363636365,1
1136569,2,Delhi Daredevils,Powerplay (0-5),2018,53,1,36,8,14,8.833333333333334,1
1136570,1,Kolkata Knight Riders,Death (15-19),2018,32,3,32,2,13,6.0,0
1136570,1,Kolkata Knight Riders,Middle (6-14),2018,57,4,55,5,25,6.218181818181819,0
1136570,1,Kolkata Knight Riders,Powerplay (0-5),2018,49,1,36,9,17,8.166666666666666,0
1136570,2,Sunrisers Hyderabad,Death (15-19),2018,27,2,25,3,10,6.4799999999999995,1
1136570,2,Sunrisers Hyderabad,Middle (6-14),2018,66,1,54,6,14,7.333333333333333,1
1136570,2,Sunrisers Hyderabad,Powerplay (0-5),2018,46,2,40,8,19,6.8999999999999995,1
1136571,1,Rajasthan Royals,Death (15-19),2018,88,1,33,12,5,16.0,1
1136571,1,Rajasthan Royals,Middle (6-14),2018,77,2,56,8,19,8.25,1
1136571,1,Rajasthan Royals,Powerplay (0-5),2018,52,1,39,8,14,8.0,1
1136571,2,Royal Challengers Bangalore,Death (15-19),2018,64,1,31,9,9,12.387096774193548,0
1136571,2,Royal Challengers Bangalore,Middle (6-14),2018,70,4,55,7,17,7.636363636363637,0
1136571,2,Royal Challengers Bangalore,Powerplay (0-5),2018,64,1,37,11,9,10.378378378378377,0
1136572,1,Kings XI Punjab,Death (15-19),2018,43,3,30,3,8,8.6,1
1136572,1,Kings XI Punjab,Middle (6-14),2018,79,4,54,10,16,8.777777777777779,1
1136572,1,Kings XI Punjab,Powerplay (0-5),2018,75,0,37,15,14,12.162162162162161,1
1136572,2,Chennai Super Kings,Death (15-19),2018,71,1,34,10,7,12.529411764705882,0
1136572,2,Chennai Super Kings,Middle (6-14),2018,69,2,57,6,14,7.2631578947368425,0
1136572,2,Chennai Super Kings,Powerplay (0-5),2018,53,2,38,7,13,8.368421052631579,0
1136573,1,Kolkata Knight Riders,Death (15-19),2018,55,5,31,8,12,10.64516129032258,1
1136573,1,Kolkata Knight Riders,Middle (6-14),2018,95,3,55,12,16,10.363636363636365,1
1136573,1,Kolkata Knight Riders,Powerplay (0-5),2018,50,1,36,9,20,8.333333333333334,1
1136573,2,Delhi Daredevils,Middle (6-14),2018,73,7,50,9,17,8.76,0
1136573,2,Delhi Daredevils,Powerplay (0-5),2018,56,3,41,9,15,8.195121951219512,0
1136574,1,Mumbai Indians,Death (15-19),2018,70,3,34,10,8,12.352941176470587,1
1136574,1,Mumbai Indians,Middle (6-14),2018,83,1,55,12,23,9.054545454545455,1
1136574,1,Mumbai Indians,Powerplay (0-5),2018,60,2,38,9,18,9.473684210526317,1
1136574,2,Royal Challengers Bangalore,Death (15-19),2018,59,2,31,7,7,11.419354838709676,0
1136574,2,Royal Challengers Bangalore,Middle (6-14),2018,53,4,56,3,20,5.678571428571428,0
1136574,2,Royal Challengers Bangalore,Powerplay (0-5),2018,55,2,37,9,12,8.91891891891892,0
1136575,1,Rajasthan Royals,Death (15-19),2018,48,4,34,4,9,8.470588235294118,0
1136575,1,Rajasthan Royals,Middle (6-14),2018,64,4,54,8,20,7.111111111111111,0
1136575,1,Rajasthan Royals,Powerplay (0-5),2018,48,0,36,7,12,8.0,0
1136575,2,Kolkata Knight Riders,Death (15-19),2018,42,0,24,4,3,10.5,1
1136575,2,Kolkata Knight Riders,Middle (6-14),2018,68,2,55,7,18,7.418181818181819,1
1136575,2,Kolkata Knight Riders,Powerplay (0-5),2018,53,1,36,10,16,8.833333333333334,1
1136576,1,Kings XI Punjab,Death (15-19),2018,50,1,32,5,5,9.375,1
1136576,1,Kings XI Punjab,Middle (6-14),2018,94,2,55,12,16,10.254545454545456,1
1136576,1,Kings XI Punjab,Powerplay (0-5),2018,49,0,36,7,19,8.166666666666666,1
1136576,2,Sunrisers Hyderabad,Death (15-19),2018,60,1,36,5,4,10.0,0
1136576,2,Sunrisers Hyderabad,Middle (6-14),2018,78,1,57,6,11,8.210526315789474,0
1136576,2,Sunrisers Hyderabad,Powerplay (0-5),2018,40,3,37,5,16,6.486486486486486,0
1136577,1,Chennai Super Kings,Death (15-19),2018,43,2,32,5,9,8.0625,1
1136577,1,Chennai Super Kings,Middle (6-14),2018,92,2,57,14,14,9.68421052631579,1
1136577,1,Chennai Super Kings,Powerplay (0-5),2018,69,1,37,12,12,11.18918918918919,1
1136577,2,Rajasthan Royals,Death (15-19),2018,25,3,21,3,6,7.142857142857143,0
1136577,2,Rajasthan Royals,Middle (6-14),2018,80,4,60,7,11,8.0,0
1136577,2,Rajasthan Royals,Powerplay (0-5),2018,35,3,38,3,19,5.526315789473684,0
1136578,1,Kolkata Knight Riders,Death (15-19),2018,45,4,35,6,9,7.714285714285714,0
1136578,1,Kolkata Knight Riders,Middle (6-14),2018,96,2,55,12,10,10.472727272727273,0
1136578,1,Kolkata Knight Riders,Powerplay (0-5),2018,50,1,38,8,17,7.894736842105264,0
1136578,2,Kings XI Punjab,Middle (6-14),2018,53,1,32,8,13,9.9375,1
1136578,2,Kings XI Punjab,Powerplay (0-5),2018,73,0,37,14,12,11.837837837837837,1
1136579,1,Delhi Daredevils,Death (15-19),2018,71,2,31,12,14,13.741935483870966,0
1136579,1,Delhi Daredevils,Middle (6-14),2018,75,1,55,8,15,8.181818181818182,0
1136579,1,Delhi Daredevils,Powerplay (0-5),2018,28,2,37,3,21,4.54054054054054,0
1136579,2,Royal Challengers Bangalore,Death (15-19),2018,36,1,19,5,3,11.368421052631579,1
1136579,2,Royal Challengers Bangalore,Middle (6-14),2018,97,1,55,12,7,10.581818181818182,1
1136579,2,Royal Challengers Bangalore,Powerplay (0-5),2018,43,2,37,6,17,6.972972972972973,1
1136580,1,Chennai Super Kings,Death (15-19),2018,62,1,30,10,3,12.4,1
1136580,1,Chennai Super Kings,Middle (6-14),2018,93,1,57,13,14,9.789473684210526,1
1136580,1,Chennai Super Kings,Powerplay (0-5),2018,27,1,37,3,22,4.378378378378378,1
1136580,2,Sunrisers Hyderabad,Death (15-19),2018,61,2,30,8,9,12.2,0
1136580,2,Sunrisers Hyderabad,Middle (6-14),2018,77,1,55,7,12,8.4,0
1136580,2,Sunrisers Hyderabad,Powerplay (0-5),2018,40,3,37,7,23,6.486486486486486,0
1136581,1,Mumbai Indians,Death (15-19),2018,32,5,31,4,16,6.193548387096774,0
1136581,1,Mumbai Indians,Middle (6-14),2018,92,1,57,10,11,9.68421052631579,0
1136581,1,Mumbai Indians,Powerplay (0-5),2018,43,1,36,6,18,7.166666666666667,0
1136581,2,Rajasthan Royals,Death (15-19),2018,50,4,30,7,11,10.0,1
1136581,2,Rajasthan Royals,Middle (6-14),2018,75,1,57,5,10,7.894736842105263,1
1136581,2,Rajasthan Royals,Powerplay (0-5),2018,43,2,37,5,13,6.972972972972973,1
1136582,1,Kings XI Punjab,Death (15-19),2018,43,4,34,3,14,7.588235294117647,1
1136582,1,Kings XI Punjab,Middle (6-14),2018,49,2,54,3,20,5.444444444444445,1
1136582,1,Kings XI Punjab,Powerplay (0-5),2018,51,2,36,8,14,8.5,1
1136582,2,Delhi Daredevils,Death (15-19),2018,43,3,31,4,8,8.32258064516129,0
1136582,2,Delhi Daredevils,Middle (6-14),2018,48,2,57,4,24,5.052631578947368,0
1136582,2,Delhi Daredevils,Powerplay (0-5),2018,48,3,39,6,19,7.384615384615385,0
1136583,1,Sunrisers Hyderabad,Death (15-19),2018,12,3,22,1,17,3.272727272727273,1
1136583,1,Sunrisers Hyderabad,Middle (6-14),2018,55,3,56,6,20,5.892857142857142,1
1136583,1,Sunrisers Hyderabad,Powerplay (0-5),2018,51,4,38,7,17,8.052631578947368,1
1136583,2,Mumbai Indians,Death (15-19),2018,10,4,23,1,17,2.608695652173913,0
1136583,2,Mumbai Indians,Middle (6-14),2018,55,3,54,7,24,6.111111111111111,0
1136583,2,Mumbai Indians,Powerplay (0-5),2018,22,3,37,3,25,3.5675675675675675,0
1136584,1,Royal Challengers Bangalore,Death (15-19),2018,63,4,33,7,8,11.454545454545455,0
1136584,1,Royal Challengers Bangalore,Middle (6-14),2018,90,3,55,10,17,9.818181818181818,0
1136584,1,Royal Challengers Bangalore,Powerplay (0-5),2018,52,1,36,8,18,8.666666666666666,0
1136584,2,Chennai Super Kings,Death (15-19),2018,72,1,33,9,2,13.090909090909092,1
1136584,2,Chennai Super Kings,Middle (6-14),2018,80,2,57,8,20,8.421052631578947,1
1136584,2,Chennai Super Kings,Powerplay (0-5),2018,55,2,37,9,17,8.91891891891892,1
1136585,1,Sunrisers Hyderabad,Death (15-19),2018,35,2,30,4,15,7.0,1
1136585,1,Sunrisers Hyderabad,Middle (6-14),2018,60,1,56,3,16,6.428571428571428,1
1136585,1,Sunrisers Hyderabad,Powerplay (0-5),2018,37,3,37,6,23,6.0,1
1136585,2,Kings XI Punjab,Death (15-19),2018,28,5,26,4,12,6.461538461538462,0
1136585,2,Kings XI Punjab,Middle (6-14),2018,47,5,54,2,21,5.222222222222222,0
1136585,2,Kings XI Punjab,Powerplay (0-5),2018,44,0,36,7,17,7.333333333333333,0
1136586,1,Delhi Daredevils,Death (15-19),2018,79,1,32,11,8,14.8125,1
1136586,1,Delhi Daredevils,Middle (6-14),2018,83,3,55,10,17,9.054545454545455,1
1136586,1,Delhi Daredevils,Powerplay (0-5),2018,57,0,36,10,14,9.5,1
1136586,2,Kolkata Knight Riders,Death (15-19),2018,24,4,31,3,18,4.64516129032258,0
1136586,2,Kolkata Knight Riders,Middle (6-14),2018,89,1,56,11,15,9.535714285714285,0
1136586,2,Kolkata Knight Riders,Powerplay (0-5),2018,51,4,36,7,14,8.5,0
1136587,1,Chennai Super Kings,Death (15-19),2018,52,3,32,6,8,9.75,0
1136587,1,Chennai Super Kings,Middle (6-14),2018,66,1,56,8,20,7.071428571428571,0
1136587,1,Chennai Super Kings,Powerplay (0-5),2018,51,1,36,7,17,8.5,0
1136587,2,Mumbai Indians,Death (15-19),2018,47,1,29,6,6,9.724137931034484,1
1136587,2,Mumbai Indians,Middle (6-14),2018,73,1,56,7,18,7.821428571428571,1
1136587,2,Mumbai Indians,Powerplay (0-5),2018,50,0,38,7,16,7.894736842105264,1
1136588,1,Sunrisers Hyderabad,Death (15-19),2018,31,4,30,2,11,6.2,1
1136588,1,Sunrisers Hyderabad,Middle (6-14),2018,81,2,54,10,13,9.0,1
1136588,1,Sunrisers Hyderabad,Powerplay (0-5),2018,39,1,36,5,14,6.5,1
1136588,2,Rajasthan Royals,Death (15-19),2018,38,2,30,2,6,7.6,0
1136588,2,Rajasthan Royals,Middle (6-14),2018,59,3,54,3,12,6.555555555555555,0
1136588,2,Rajasthan Royals,Powerplay (0-5),2018,43,1,36,6,16,7.166666666666667,0
1136589,1,Royal Challengers Bangalore,Death (15-19),2018,66,1,31,8,8,12.774193548387096,0
1136589,1,Royal Challengers Bangalore,Middle (6-14),2018,69,3,56,7,18,7.392857142857142,0
1136589,1,Royal Challengers Bangalore,Powerplay (0-5),2018,40,0,37,6,19,6.486486486486486,0
1136589,2,Kolkata Knight Riders,Death (15-19),2018,52,3,27,7,5,11.555555555555555,1
1136589,2,Kolkata Knight Riders,Middle (6-14),2018,73,2,57,9,19,7.684210526315789,1
1136589,2,Kolkata Knight Riders,Powerplay (0-5),2018,51,0,38,8,16,8.052631578947368,1
1136590,1,Chennai Super Kings,Death (15-19),2018,74,1,31,11,4,14.32258064516129,1
1136590,1,Chennai Super Kings,Middle (6-14),2018,81,3,57,8,15,8.526315789473685,1
1136590,1,Chennai Super Kings,Powerplay (0-5),2018,56,0,36,9,16,9.333333333333334,1
1136590,2,Delhi Daredevils,Death (15-19),2018,70,1,33,10,7,12.727272727272727,0
1136590,2,Delhi Daredevils,Middle (6-14),2018,69,2,56,6,14,7.392857142857142,0
1136590,2,Delhi Daredevils,Powerplay (0-5),2018,59,2,37,10,15,9.567567567567567,0
1136591,1,Royal Challengers Bangalore,Death (15-19),2018,44,4,31,5,13,8.516129032258064,1
1136591,1,Royal Challengers Bangalore,Middle (6-14),2018,80,2,55,10,20,8.727272727272728,1
1136591,1,Royal Challengers Bangalore,Powerplay (0-5),2018,43,1,37,6,20,6.972972972972973,1
1136591,2,Mumbai Indians,Death (15-19),2018,47,2,31,6,8,9.096774193548386,0
1136591,2,Mumbai Indians,Middle (6-14),2018,66,2,59,5,23,6.711864406779661,0
1136591,2,Mumbai Indians,Powerplay (0-5),2018,40,3,40,5,22,6.0,0
1136592,1,Delhi Daredevils,Death (15-19),2018,24,2,14,3,4,10.285714285714285,1
1136592,1,Delhi Daredevils,Middle (6-14),2018,110,3,59,15,16,11.1864406779661,1
1136592,1,Delhi Daredevils,Powerplay (0-5),2018,62,1,36,11,17,10.333333333333334,1
1136592,2,Rajasthan Royals,Middle (6-14),2018,67,5,38,9,10,10.578947368421053,0
1136592,2,Rajasthan Royals,Powerplay (0-5),2018,79,0,37,12,9,12.81081081081081,0
1136593,1,Chennai Super Kings,Death (15-19),2018,56,1,32,6,8,10.5,0
1136593,1,Chennai Super Kings,Middle (6-14),2018,64,3,55,7,16,6.981818181818182,0
1136593,1,Chennai Super Kings,Powerplay (0-5),2018,57,1,36,11,16,9.5,0
1136593,2,Kolkata Knight Riders,Death (15-19),2018,39,0,18,6,0,13.0,1
1136593,2,Kolkata Knight Riders,Middle (6-14),2018,85,2,57,10,21,8.947368421052632,1
1136593,2,Kolkata Knight Riders,Powerplay (0-5),2018,56,2,38,11,21,8.842105263157896,1
1136594,1,Kings XI Punjab,Death (15-19),2018,51,3,31,6,8,9.870967741935484,0
1136594,1,Kings XI Punjab,Middle (6-14),2018,74,3,56,8,19,7.928571428571428,0
1136594,1,Kings XI Punjab,Powerplay (0-5),2018,49,0,38,7,16,7.736842105263158,0
1136594,2,Mumbai Indians,Death (15-19),2018,58,1,25,9,6,13.919999999999998,1
1136594,2,Mumbai Indians,Middle (6-14),2018,79,2,54,11,20,8.777777777777779,1
1136594,2,Mumbai Indians,Powerplay (0-5),2018,39,1,37,4,15,6.324324324324324,1
1136595,1,Royal Challengers Bangalore,Death (15-19),2018,38,2,30,4,13,7.6,0
1136595,1,Royal Challengers Bangalore,Middle (6-14),2018,42,6,54,3,23,4.666666666666667,0
1136595,1,Royal Challengers Bangalore,Powerplay (0-5),2018,47,1,37,7,18,7.621621621621621,0
1136595,2,Chennai Super Kings,Death (15-19),2018,39,0,20,5,6,11.7,1
1136595,2,Chennai Super Kings,Middle (6-14),2018,47,3,56,5,31,5.035714285714286,1
1136595,2,Chennai Super Kings,Powerplay (0-5),2018,42,1,36,6,20,7.0,1
1136596,1,Delhi Daredevils,Death (15-19),2018,38,3,31,3,10,7.354838709677419,0
1136596,1,Delhi Daredevils,Middle (6-14),2018,65,1,54,5,12,7.222222222222222,0
1136596,1,Delhi Daredevils,Powerplay (0-5),2018,60,1,37,9,12,9.72972972972973,0
1136596,2,Sunrisers Hyderabad,Death (15-19),2018,49,1,30,5,6,9.8,1
1136596,2,Sunrisers Hyderabad,Middle (6-14),2018,54,2,56,3,15,5.785714285714286,1
1136596,2,Sunrisers Hyderabad,Powerplay (0-5),2018,61,0,38,8,12,9.631578947368421,1
1136597,1,Mumbai Indians,Death (15-19),2018,49,1,33,6,9,8.909090909090908,1
1136597,1,Mumbai Indians,Middle (6-14),2018,76,3,56,9,16,8.142857142857142,1
1136597,1,Mumbai Indians,Powerplay (0-5),2018,56,0,36,10,17,9.333333333333334,1
1136597,2,Kolkata Knight Riders,Death (15-19),2018,46,2,30,8,14,9.2,0
1136597,2,Kolkata Knight Riders,Middle (6-14),2018,75,2,54,11,19,8.333333333333334,0
1136597,2,Kolkata Knight Riders,Powerplay (0-5),2018,47,2,37,7,20,7.621621621621621,0
1136598,1,Rajasthan Royals,Death (15-19),2018,42,3,30,5,6,8.4,0
1136598,1,Rajasthan Royals,Middle (6-14),2018,65,4,55,7,18,7.090909090909092,0
1136598,1,Rajasthan Royals,Powerplay (0-5),2018,45,2,36,5,13,7.5,0
1136598,2,Kings XI Punjab,Death (15-19),2018,53,0,22,6,1,14.454545454545455,1
1136598,2,Kings XI Punjab,Middle (6-14),2018,68,2,55,7,18,7.418181818181819,1
1136598,2,Kings XI Punjab,Powerplay (0-5),2018,34,2,38,6,23,5.368421052631579,1
1136599,1,Sunrisers Hyderabad,Death (15-19),2018,41,7,30,6,12,8.2,1
1136599,1,Sunrisers Hyderabad,Middle (6-14),2018,67,1,58,7,20,6.931034482758621,1
1136599,1,Sunrisers Hyderabad,Powerplay (0-5),2018,38,2,38,4,14,6.0,1
1136599,2,Royal Challengers Bangalore,Death (15-19),2018,39,1,31,3,9,7.548387096774193,0
1136599,2,Royal Challengers Bangalore,Middle (6-14),2018,47,4,55,4,23,5.127272727272728,0
1136599,2,Royal Challengers Bangalore,Powerplay (0-5),2018,55,1,37,9,13,8.91891891891892,0
1136600,1,Rajasthan Royals,Death (15-19),2018,38,5,31,3,12,7.354838709677419,1
1136600,1,Rajasthan Royals,Middle (6-14),2018,57,2,54,4,16,6.333333333333333,1
1136600,1,Rajasthan Royals,Powerplay (0-5),2018,63,1,37,10,9,10.216216216216216,1
1136600,2,Kings XI Punjab,Death (15-19),2018,51,1,31,7,7,9.870967741935484,0
1136600,2,Kings XI Punjab,Middle (6-14),2018,59,3,54,4,18,6.555555555555555,0
1136600,2,Kings XI Punjab,Powerplay (0-5),2018,33,3,37,4,20,5.351351351351351,0
1136601,1,Mumbai Indians,Death (15-19),2018,65,3,33,8,10,11.818181818181818,1
1136601,1,Mumbai Indians,Middle (6-14),2018,98,2,56,14,17,10.5,1
1136601,1,Mumbai Indians,Powerplay (0-5),2018,47,1,36,8,16,7.833333333333333,1
1136601,2,Kolkata Knight Riders,Death (15-19),2018,13,2,19,1,11,4.105263157894737,0
1136601,2,Kolkata Knight Riders,Middle (6-14),2018,48,6,54,6,27,5.333333333333333,0
1136601,2,Kolkata Knight Riders,Powerplay (0-5),2018,47,2,36,9,22,7.833333333333333,0
1136602,1,Delhi Daredevils,Death (15-19),2018,76,1,31,13,8,14.709677419354838,0
1136602,1,Delhi Daredevils,Middle (6-14),2018,73,2,54,9,15,8.11111111111111,0
1136602,1,Delhi Daredevils,Powerplay (0-5),2018,38,2,36,6,19,6.333333333333333,0
1136602,2,Sunrisers Hyderabad,Death (15-19),2018,39,0,23,5,3,10.17391304347826,1
1136602,2,Sunrisers Hyderabad,Middle (6-14),2018,101,0,55,14,9,11.01818181818182,1
1136602,2,Sunrisers Hyderabad,Powerplay (0-5),2018,51,1,36,7,12,8.5,1
1136603,1,Chennai Super Kings,Death (15-19),2018,49,1,32,4,4,9.1875,0
1136603,1,Chennai Super Kings,Middle (6-14),2018,72,2,59,6,16,7.322033898305084,0
1136603,1,Chennai Super Kings,Powerplay (0-5),2018,55,1,40,8,12,8.25,0
1136603,2,Rajasthan Royals,Death (15-19),2018,55,2,30,6,6,11.0,1
1136603,2,Rajasthan Royals,Middle (6-14),2018,65,2,54,7,21,7.222222222222222,1
1136603,2,Rajasthan Royals,Powerplay (0-5),2018,57,2,37,11,17,9.243243243243242,1
1136604,1,Kolkata Knight Riders,Death (15-19),2018,76,3,33,13,6,13.818181818181818,1
1136604,1,Kolkata Knight Riders,Middle (6-14),2018,110,2,56,17,12,11.785714285714285,1
1136604,1,Kolkata Knight Riders,Powerplay (0-5),2018,59,1,36,9,13,9.833333333333334,1
1136604,2,Kings XI Punjab,Death (15-19),2018,64,3,33,10,11,11.636363636363637,0
1136604,2,Kings XI Punjab,Middle (6-14),2018,92,3,56,10,11,9.857142857142856,0
1136604,2,Kings XI Punjab,Powerplay (0-5),2018,58,2,37,8,11,9.405405405405405,0
1136605,1,Delhi Daredevils,Death (15-19),2018,61,1,32,8,6,11.4375,0
1136605,1,Delhi Daredevils,Middle (6-14),2018,76,1,56,9,17,8.142857142857142,0
1136605,1,Delhi Daredevils,Powerplay (0-5),2018,44,2,38,6,17,6.947368421052632,0
1136605,2,Royal Challengers Bangalore,Death (15-19),2018,40,2,27,4,7,8.88888888888889,1
1136605,2,Royal Challengers Bangalore,Middle (6-14),2018,89,1,55,11,15,9.709090909090909,1
1136605,2,Royal Challengers Bangalore,Powerplay (0-5),2018,58,2,37,9,15,9.405405405405405,1
1136606,1,Sunrisers Hyderabad,Death (15-19),2018,49,3,34,5,7,8.647058823529411,0
1136606,1,Sunrisers Hyderabad,Middle (6-14),2018,101,0,59,14,12,10.271186440677965,0
1136606,1,Sunrisers Hyderabad,Powerplay (0-5),2018,29,1,37,4,22,4.702702702702703,0
1136606,2,Chennai Super Kings,Death (15-19),2018,37,0,24,4,3,9.25,1
1136606,2,Chennai Super Kings,Middle (6-14),2018,90,2,55,12,15,9.818181818181818,1
1136606,2,Chennai Super Kings,Powerplay (0-5),2018,53,0,36,8,16,8.833333333333334,1
1136607,1,Mumbai Indians,Death (15-19),2018,45,2,32,5,11,8.4375,0
1136607,1,Mumbai Indians,Middle (6-14),2018,72,4,56,8,20,7.7142857142857135,0
1136607,1,Mumbai Indians,Powerplay (0-5),2018,51,0,39,9,17,7.846153846153846,0
1136607,2,Rajasthan Royals,Death (15-19),2018,39,1,19,6,5,12.31578947368421,1
1136607,2,Rajasthan Royals,Middle (6-14),2018,81,1,54,10,13,9.0,1
1136607,2,Rajasthan Royals,Powerplay (0-5),2018,51,1,39,7,17,7.846153846153846,1
1136608,1,Kings XI Punjab,Death (15-19),2018,1,1,1,0,0,6.0,0
1136608,1,Kings XI Punjab,Middle (6-14),2018,40,6,57,2,28,4.2105263157894735,0
1136608,1,Kings XI Punjab,Powerplay (0-5),2018,47,3,36,8,21,7.833333333333333,0
1136608,2,Royal Challengers Bangalore,Middle (6-14),2018,26,0,14,4,3,11.142857142857142,1
1136608,2,Royal Challengers Bangalore,Powerplay (0-5),2018,66,0,37,11,10,10.702702702702702,1
1136609,1,Rajasthan Royals,Death (15-19),2018,24,3,24,3,11,6.0,0
1136609,1,Rajasthan Royals,Middle (6-14),2018,50,6,54,4,22,5.555555555555555,0
1136609,1,Rajasthan Royals,Powerplay (0-5),2018,68,1,37,13,15,11.027027027027026,0
1136609,2,Kolkata Knight Riders,Death (15-19),2018,29,1,18,5,7,9.666666666666666,1
1136609,2,Kolkata Knight Riders,Middle (6-14),2018,65,1,54,8,18,7.222222222222222,1
1136609,2,Kolkata Knight Riders,Powerplay (0-5),2018,51,2,37,8,18,8.27027027027027,1
1136610,1,Mumbai Indians,Death (15-19),2018,35,3,33,3,14,6.363636363636363,1
1136610,1,Mumbai Indians,Middle (6-14),2018,91,2,56,11,12,9.75,1
1136610,1,Mumbai Indians,Powerplay (0-5),2018,60,3,37,9,17,9.72972972972973,1
1136610,2,Kings XI Punjab,Death (15-19),2018,56,4,32,7,8,10.5,0
1136610,2,Kings XI Punjab,Middle (6-14),2018,70,0,57,6,8,7.368421052631579,0
1136610,2,Kings XI Punjab,Powerplay (0-5),2018,57,1,36,9,15,9.5,0
1136611,1,Royal Challengers Bangalore,Death (15-19),2018,69,2,30,9,6,13.8,1
1136611,1,Royal Challengers Bangalore,Middle (6-14),2018,105,2,56,15,13,11.25,1
1136611,1,Royal Challengers Bangalore,Powerplay (0-5),2018,44,2,36,8,16,7.333333333333333,1
1136611,2,Sunrisers Hyderabad,Death (15-19),2018,52,1,33,6,7,9.454545454545455,0
1136611,2,Sunrisers Hyderabad,Middle (6-14),2018,96,1,54,14,14,10.666666666666666,0
1136611,2,Sunrisers Hyderabad,Powerplay (0-5),2018,56,1,36,8,15,9.333333333333334,0
1136612,1,Delhi Daredevils,Death (15-19),2018,60,0,32,7,7,11.25,1
1136612,1,Delhi Daredevils,Middle (6-14),2018,63,4,56,7,21,6.75,1
1136612,1,Delhi Daredevils,Powerplay (0-5),2018,39,1,38,5,21,6.157894736842105,1
1136612,2,Chennai Super Kings,Death (15-19),2018,34,2,30,2,11,6.8,0
1136612,2,Chennai Super Kings,Middle (6-14),2018,50,4,54,5,21,5.555555555555555,0
1136612,2,Chennai Super Kings,Powerplay (0-5),2018,44,0,36,6,21,7.333333333333333,0
1136613,1,Rajasthan Royals,Death (15-19),2018,51,2,31,6,8,9.870967741935484,1
1136613,1,Rajasthan Royals,Middle (6-14),2018,68,2,57,4,13,7.157894736842105,1
1136613,1,Rajasthan Royals,Powerplay (0-5),2018,45,1,36,7,17,7.5,1
1136613,2,Royal Challengers Bangalore,Death (15-19),2018,26,4,27,4,14,5.777777777777778,0
1136613,2,Royal Challengers Bangalore,Middle (6-14),2018,53,5,54,4,19,5.888888888888889,0
1136613,2,Royal Challengers Bangalore,Powerplay (0-5),2018,55,1,36,9,14,9.166666666666666,0
1136614,1,Sunrisers Hyderabad,Death (15-19),2018,31,7,32,3,14,5.8125,0
1136614,1,Sunrisers Hyderabad,Middle (6-14),2018,81,2,54,8,12,9.0,0
1136614,1,Sunrisers Hyderabad,Powerplay (0-5),2018,60,0,40,9,17,9.0,0
1136614,2,Kolkata Knight Riders,Death (15-19),2018,41,3,30,5,9,8.2,1
1136614,2,Kolkata Knight Riders,Middle (6-14),2018,66,1,54,5,16,7.333333333333333,1
1136614,2,Kolkata Knight Riders,Powerplay (0-5),2018,66,1,39,12,16,10.153846153846153,1
1136615,1,Delhi Daredevils,Death (15-19),2018,54,1,33,5,9,9.818181818181818,1
1136615,1,Delhi Daredevils,Middle (6-14),2018,74,1,55,8,12,8.072727272727274,1
1136615,1,Delhi Daredevils,Powerplay (0-5),2018,46,2,37,7,16,7.459459459459459,1
1136615,2,Mumbai Indians,Death (15-19),2018,41,3,28,5,12,8.785714285714285,0
1136615,2,Mumbai Indians,Middle (6-14),2018,65,6,56,6,23,6.9642857142857135,0
1136615,2,Mumbai Indians,Powerplay (0-5),2018,57,1,38,8,14,9.0,0
1136616,1,Kings XI Punjab,Death (15-19),2018,51,5,30,7,10,10.2,0
1136616,1,Kings XI Punjab,Middle (6-14),2018,73,2,57,7,20,7.684210526315789,0
1136616,1,Kings XI Punjab,Powerplay (0-5),2018,29,3,37,3,21,4.702702702702703,0
1136616,2,Chennai Super Kings,Death (15-19),2018,57,1,26,7,2,13.153846153846155,1
1136616,2,Chennai Super Kings,Middle (6-14),2018,69,1,59,5,18,7.016949152542373,1
1136616,2,Chennai Super Kings,Powerplay (0-5),2018,33,3,38,6,24,5.210526315789474,1
1136617,1,Sunrisers Hyderabad,Death (15-19),2018,51,1,35,5,9,8.742857142857144,0
1136617,1,Sunrisers Hyderabad,Middle (6-14),2018,41,3,58,3,29,4.241379310344827,0
1136617,1,Sunrisers Hyderabad,Powerplay (0-5),2018,47,3,36,8,16,7.833333333333333,0
1136617,2,Chennai Super Kings,Death (15-19),2018,48,1,26,8,8,11.076923076923078,1
1136617,2,Chennai Super Kings,Middle (6-14),2018,59,4,55,5,21,6.4363636363636365,1
1136617,2,Chennai Super Kings,Powerplay (0-5),2018,33,3,37,5,21,5.351351351351351,1
1136618,1,Kolkata Knight Riders,Death (15-19),2018,55,2,32,8,11,10.3125,1
1136618,1,Kolkata Knight Riders,Middle (6-14),2018,68,2,55,7,20,7.418181818181819,1
1136618,1,Kolkata Knight Riders,Powerplay (0-5),2018,46,3,39,6,17,7.076923076923077,1
1136618,2,Rajasthan Royals,Death (15-19),2018,33,2,30,3,9,6.6,0
1136618,2,Rajasthan Royals,Middle (6-14),2018,60,1,54,6,22,6.666666666666667,0
1136618,2,Rajasthan Royals,Powerplay (0-5),2018,51,1,37,7,14,8.27027027027027,0
1136619,1,Sunrisers Hyderabad,Death (15-19),2018,61,4,32,9,11,11.4375,1
1136619,1,Sunrisers Hyderabad,Middle (6-14),2018,68,3,54,9,17,7.555555555555555,1
1136619,1,Sunrisers Hyderabad,Powerplay (0-5),2018,45,0,38,5,11,7.105263157894737,1
1136619,2,Kolkata Knight Riders,Death (15-19),2018,42,3,31,5,9,8.129032258064516,0
1136619,2,Kolkata Knight Riders,Middle (6-14),2018,51,5,54,6,23,5.666666666666667,0
1136619,2,Kolkata Knight Riders,Powerplay (0-5),2018,67,1,36,11,15,11.166666666666666,0
1136620,1,Sunrisers Hyderabad,Death (15-19),2018,52,3,33,6,8,9.454545454545455,0
1136620,1,Sunrisers Hyderabad,Middle (6-14),2018,84,2,55,12,16,9.163636363636364,0
1136620,1,Sunrisers Hyderabad,Powerplay (0-5),2018,42,1,39,4,15,6.461538461538462,0
1136620,2,Chennai Super Kings,Death (15-19),2018,35,0,21,6,6,10.0,1
1136620,2,Chennai Super Kings,Middle (6-14),2018,111,1,56,16,13,11.892857142857142,1
1136620,2,Chennai Super Kings,Powerplay (0-5),2018,35,1,37,4,21,5.675675675675675,1
1175356,1,Royal Challengers Bangalore,Death (15-19),2019,4,2,13,0,10,1.8461538461538463,0
1175356,1,Royal Challengers Bangalore,Middle (6-14),2019,33,6,54,2,33,3.6666666666666665,0
1175356,1,Royal Challengers Bangalore,Powerplay (0-5),2019,33,2,37,2,18,5.351351351351351,0
1175356,2,Chennai Super Kings,Death (15-19),2019,8,0,18,0,10,2.6666666666666665,1
1175356,2,Chennai Super Kings,Middle (6-14),2019,47,2,56,6,32,5.035714285714286,1
1175356,2,Chennai Super Kings,Powerplay (0-5),2019,16,1,36,1,26,2.6666666666666665,1
1175357,1,Sunrisers Hyderabad,Death (15-19),2019,47,2,30,5,7,9.4,0
1175357,1,Sunrisers Hyderabad,Middle (6-14),2019,80,1,54,9,13,8.88888888888889,0
1175357,1,Sunrisers Hyderabad,Powerplay (0-5),2019,54,0,39,7,16,8.307692307692308,0
1175357,2,Kolkata Knight Riders,Death (15-19),2019,69,1,29,11,6,14.275862068965518,1
1175357,2,Kolkata Knight Riders,Middle (6-14),2019,67,2,56,7,19,7.178571428571428,1
1175357,2,Kolkata Knight Riders,Powerplay (0-5),2019,47,1,36,8,18,7.833333333333333,1
1175358,1,Delhi Capitals,Death (15-19),2019,82,3,32,13,7,15.375,1
1175358,1,Delhi Capitals,Middle (6-14),2019,86,1,54,14,17,9.555555555555555,1
1175358,1,Delhi Capitals,Powerplay (0-5),2019,45,2,38,6,15,7.105263157894737,1
1175358,2,Mumbai Indians,Death (15-19),2019,42,3,29,5,9,8.689655172413794,0
1175358,2,Mumbai Indians,Middle (6-14),2019,88,3,57,14,19,9.263157894736842,0
1175358,2,Mumbai Indians,Powerplay (0-5),2019,46,3,36,7,16,7.666666666666667,0
1175359,1,Kings XI Punjab,Death (15-19),2019,59,2,33,7,9,10.727272727272727,1
1175359,1,Kings XI Punjab,Middle (6-14),2019,93,1,56,13,16,9.964285714285714,1
1175359,1,Kings XI Punjab,Powerplay (0-5),2019,32,1,39,4,22,4.923076923076923,1
1175359,2,Rajasthan Royals,Death (15-19),2019,35,7,31,3,12,6.774193548387096,0
1175359,2,Rajasthan Royals,Middle (6-14),2019,71,2,57,5,14,7.473684210526316,0
1175359,2,Rajasthan Royals,Powerplay (0-5),2019,64,0,36,13,16,10.666666666666666,0
1175360,1,Delhi Capitals,Death (15-19),2019,29,4,31,2,12,5.612903225806451,0
1175360,1,Delhi Capitals,Middle (6-14),2019,75,1,56,8,14,8.035714285714285,0
1175360,1,Delhi Capitals,Powerplay (0-5),2019,43,1,38,8,20,6.7894736842105265,0
1175360,2,Chennai Super Kings,Death (15-19),2019,30,1,29,3,12,6.206896551724138,1
1175360,2,Chennai Super Kings,Middle (6-14),2019,62,2,56,6,23,6.642857142857142,1
1175360,2,Chennai Super Kings,Powerplay (0-5),2019,58,1,36,10,14,9.666666666666666,1
1175361,1,Kolkata Knight Riders,Death (15-19),2019,71,1,31,11,5,13.741935483870966,1
1175361,1,Kolkata Knight Riders,Middle (6-14),2019,94,1,56,12,18,10.071428571428571,1
1175361,1,Kolkata Knight Riders,Powerplay (0-5),2019,53,2,37,8,19,8.594594594594595,1
1175361,2,Kings XI Punjab,Death (15-19),2019,57,1,31,8,6,11.032258064516128,0
1175361,2,Kings XI Punjab,Middle (6-14),2019,82,1,56,10,17,8.785714285714285,0
1175361,2,Kings XI Punjab,Powerplay (0-5),2019,51,2,38,8,19,8.052631578947368,0
1175362,1,Mumbai Indians,Death (15-19),2019,48,5,33,6,13,8.727272727272727,1
1175362,1,Mumbai Indians,Middle (6-14),2019,87,3,56,10,13,9.321428571428571,1
1175362,1,Mumbai Indians,Powerplay (0-5),2019,52,0,36,10,18,8.666666666666666,1
1175362,2,Royal Challengers Bangalore,Death (15-19),2019,54,2,32,7,11,10.125,0
1175362,2,Royal Challengers Bangalore,Middle (6-14),2019,67,2,55,6,14,7.3090909090909095,0
1175362,2,Royal Challengers Bangalore,Powerplay (0-5),2019,60,1,36,11,13,10.0,0
1175363,1,Rajasthan Royals,Death (15-19),2019,76,1,31,12,3,14.709677419354838,0
1175363,1,Rajasthan Royals,Middle (6-14),2019,87,0,56,10,12,9.321428571428571,0
1175363,1,Rajasthan Royals,Powerplay (0-5),2019,35,1,37,3,16,5.675675675675675,0
1175363,2,Sunrisers Hyderabad,Death (15-19),2019,36,2,27,3,7,8.0,1
1175363,2,Sunrisers Hyderabad,Middle (6-14),2019,96,3,55,12,12,10.472727272727273,1
1175363,2,Sunrisers Hyderabad,Powerplay (0-5),2019,69,0,37,12,10,11.18918918918919,1
1175364,1,Mumbai Indians,Death (15-19),2019,45,3,32,5,11,8.4375,0
1175364,1,Mumbai Indians,Middle (6-14),2019,69,3,56,9,20,7.392857142857142,0
1175364,1,Mumbai Indians,Powerplay (0-5),2019,62,1,36,9,6,10.333333333333334,0
1175364,2,Kings XI Punjab,Death (15-19),2019,37,0,24,5,5,9.25,1
1175364,2,Kings XI Punjab,Middle (6-14),2019,102,2,59,11,9,10.372881355932202,1
1175364,2,Kings XI Punjab,Powerplay (0-5),2019,38,0,36,6,20,6.333333333333333,1
1175365,1,Kolkata Knight Riders,Death (15-19),2019,67,3,32,10,6,12.5625,0
1175365,1,Kolkata Knight Riders,Middle (6-14),2019,82,3,55,10,20,8.945454545454545,0
1175365,1,Kolkata Knight Riders,Powerplay (0-5),2019,36,2,37,6,20,5.837837837837838,0
1175365,2,Delhi Capitals,Death (15-19),2019,45,4,31,6,7,8.709677419354838,0
1175365,2,Delhi Capitals,Middle (6-14),2019,95,1,55,13,11,10.363636363636365,0
1175365,2,Delhi Capitals,Powerplay (0-5),2019,45,1,37,7,17,7.297297297297297,0
1175365,3,Delhi Capitals,Powerplay (0-5),2019,10,1,6,1,1,10.0,0
1175365,4,Kolkata Knight Riders,Powerplay (0-5),2019,7,1,6,1,2,7.0,0
1175366,1,Sunrisers Hyderabad,Death (15-19),2019,67,2,30,8,4,13.4,1
1175366,1,Sunrisers Hyderabad,Middle (6-14),2019,105,0,55,12,9,11.454545454545455,1
1175366,1,Sunrisers Hyderabad,Powerplay (0-5),2019,59,0,36,10,12,9.833333333333334,1
1175366,2,Royal Challengers Bangalore,Death (15-19),2019,27,4,32,2,16,5.0625,0
1175366,2,Royal Challengers Bangalore,Middle (6-14),2019,56,3,55,8,27,6.109090909090909,0
1175366,2,Royal Challengers Bangalore,Powerplay (0-5),2019,30,3,36,3,21,5.0,0
1175367,1,Chennai Super Kings,Death (15-19),2019,76,1,35,9,3,13.028571428571428,1
1175367,1,Chennai Super Kings,Middle (6-14),2019,70,1,55,8,18,7.636363636363637,1
1175367,1,Chennai Super Kings,Powerplay (0-5),2019,29,3,36,5,25,4.833333333333333,1
1175367,2,Rajasthan Royals,Death (15-19),2019,56,3,30,7,10,11.2,0
1175367,2,Rajasthan Royals,Middle (6-14),2019,66,2,56,4,12,7.071428571428571,0
1175367,2,Rajasthan Royals,Powerplay (0-5),2019,45,3,39,7,19,6.923076923076923,0
1175368,1,Kings XI Punjab,Death (15-19),2019,37,5,31,4,9,7.161290322580645,1
1175368,1,Kings XI Punjab,Middle (6-14),2019,75,2,57,8,16,7.894736842105263,1
1175368,1,Kings XI Punjab,Powerplay (0-5),2019,54,2,36,10,18,9.0,1
1175368,2,Delhi Capitals,Death (15-19),2019,24,7,27,3,16,5.333333333333333,0
1175368,2,Delhi Capitals,Middle (6-14),2019,79,2,55,10,17,8.618181818181819,0
1175368,2,Delhi Capitals,Powerplay (0-5),2019,49,1,39,7,15,7.538461538461538,0
1175369,1,Royal Challengers Bangalore,Death (15-19),2019,51,1,30,7,6,10.2,0
1175369,1,Royal Challengers Bangalore,Middle (6-14),2019,59,3,55,7,25,6.4363636363636365,0
1175369,1,Royal Challengers Bangalore,Powerplay (0-5),2019,48,0,37,7,14,7.783783783783783,0
1175369,2,Rajasthan Royals,Death (15-19),2019,43,1,31,4,8,8.32258064516129,1
1175369,2,Rajasthan Royals,Middle (6-14),2019,66,2,56,7,19,7.071428571428571,1
1175369,2,Rajasthan Royals,Powerplay (0-5),2019,55,0,37,9,17,8.91891891891892,1
1175370,1,Mumbai Indians,Death (15-19),2019,77,2,34,11,6,13.588235294117647,1
1175370,1,Mumbai Indians,Middle (6-14),2019,53,2,54,5,21,5.888888888888889,1
1175370,1,Mumbai Indians,Powerplay (0-5),2019,40,1,37,7,19,6.486486486486486,1
1175370,2,Chennai Super Kings,Death (15-19),2019,39,3,30,6,14,7.8,0
1175370,2,Chennai Super Kings,Middle (6-14),2019,60,2,59,5,25,6.101694915254237,0
1175370,2,Chennai Super Kings,Powerplay (0-5),2019,34,3,38,6,27,5.368421052631579,0
1175371,1,Delhi Capitals,Death (15-19),2019,44,3,31,4,10,8.516129032258064,0
1175371,1,Delhi Capitals,Middle (6-14),2019,49,3,55,5,24,5.345454545454546,0
1175371,1,Delhi Capitals,Powerplay (0-5),2019,36,2,36,4,16,6.0,0
1175371,2,Sunrisers Hyderabad,Death (15-19),2019,28,1,21,4,8,8.0,1
1175371,2,Sunrisers Hyderabad,Middle (6-14),2019,41,4,56,2,24,4.392857142857142,1
1175371,2,Sunrisers Hyderabad,Powerplay (0-5),2019,62,0,37,10,16,10.054054054054054,1
1175372,1,Royal Challengers Bangalore,Death (15-19),2019,63,2,32,9,10,11.8125,0
1175372,1,Royal Challengers Bangalore,Middle (6-14),2019,89,1,56,10,12,9.535714285714285,0
1175372,1,Royal Challengers Bangalore,Powerplay (0-5),2019,53,0,36,8,10,8.833333333333334,0
1175372,2,Kolkata Knight Riders,Death (15-19),2019,72,2,29,10,7,14.896551724137932,1
1175372,2,Kolkata Knight Riders,Middle (6-14),2019,75,2,55,8,18,8.181818181818182,1
1175372,2,Kolkata Knight Riders,Powerplay (0-5),2019,59,1,38,9,17,9.31578947368421,1
1178393,1,Chennai Super Kings,Death (15-19),2019,52,0,32,6,5,9.75,1
1178393,1,Chennai Super Kings,Middle (6-14),2019,54,3,56,4,19,5.785714285714286,1
1178393,1,Chennai Super Kings,Powerplay (0-5),2019,54,0,37,8,13,8.756756756756756,1
1178393,2,Kings XI Punjab,Death (15-19),2019,33,3,32,2,10,6.1875,0
1178393,2,Kings XI Punjab,Middle (6-14),2019,59,0,55,5,15,6.4363636363636365,0
1178393,2,Kings XI Punjab,Powerplay (0-5),2019,46,2,37,5,14,7.459459459459459,0
1178394,1,Mumbai Indians,Death (15-19),2019,61,2,33,9,13,11.090909090909092,1
1178394,1,Mumbai Indians,Middle (6-14),2019,45,3,55,3,24,4.909090909090909,1
1178394,1,Mumbai Indians,Powerplay (0-5),2019,30,2,36,3,21,5.0,1
1178394,2,Sunrisers Hyderabad,Death (15-19),2019,12,5,18,1,11,4.0,0
1178394,2,Sunrisers Hyderabad,Middle (6-14),2019,45,3,54,2,22,5.0,0
1178394,2,Sunrisers Hyderabad,Powerplay (0-5),2019,39,2,37,6,20,6.324324324324324,0
1178395,1,Royal Challengers Bangalore,Death (15-19),2019,41,4,31,5,12,7.935483870967741,0
1178395,1,Royal Challengers Bangalore,Middle (6-14),2019,68,2,55,6,15,7.418181818181819,0
1178395,1,Royal Challengers Bangalore,Powerplay (0-5),2019,40,2,38,4,16,6.315789473684211,0
1178395,2,Delhi Capitals,Death (15-19),2019,29,3,24,4,10,7.25,1
1178395,2,Delhi Capitals,Middle (6-14),2019,70,2,57,9,22,7.368421052631579,1
1178395,2,Delhi Capitals,Powerplay (0-5),2019,53,1,39,8,18,8.153846153846153,1
1178396,1,Rajasthan Royals,Death (15-19),2019,36,1,33,3,14,6.545454545454546,0
1178396,1,Rajasthan Royals,Middle (6-14),2019,75,1,56,8,17,8.035714285714285,0
1178396,1,Rajasthan Royals,Powerplay (0-5),2019,28,1,36,4,21,4.666666666666667,0
1178396,2,Kolkata Knight Riders,Middle (6-14),2019,75,2,49,8,19,9.183673469387756,1
1178396,2,Kolkata Knight Riders,Powerplay (0-5),2019,65,0,37,13,17,10.54054054054054,1
1178397,1,Sunrisers Hyderabad,Death (15-19),2019,58,1,30,8,4,11.6,0
1178397,1,Sunrisers Hyderabad,Middle (6-14),2019,65,2,54,4,15,7.222222222222222,0
1178397,1,Sunrisers Hyderabad,Powerplay (0-5),2019,27,1,39,2,24,4.153846153846154,0
1178397,2,Kings XI Punjab,Death (15-19),2019,40,3,29,3,6,8.275862068965518,1
1178397,2,Kings XI Punjab,Middle (6-14),2019,73,0,54,8,16,8.11111111111111,1
1178397,2,Kings XI Punjab,Powerplay (0-5),2019,38,1,36,5,18,6.333333333333333,1
1178398,1,Kolkata Knight Riders,Death (15-19),2019,33,3,32,5,19,6.1875,0
1178398,1,Kolkata Knight Riders,Middle (6-14),2019,46,2,54,5,31,5.111111111111111,0
1178398,1,Kolkata Knight Riders,Powerplay (0-5),2019,29,4,37,4,25,4.702702702702703,0
1178398,2,Chennai Super Kings,Death (15-19),2019,26,0,16,2,4,9.75,1
1178398,2,Chennai Super Kings,Middle (6-14),2019,45,1,54,3,21,5.0,1
1178398,2,Chennai Super Kings,Powerplay (0-5),2019,40,2,38,6,23,6.315789473684211,1
1178399,1,Kings XI Punjab,Death (15-19),2019,66,2,31,9,6,12.774193548387096,0
1178399,1,Kings XI Punjab,Middle (6-14),2019,81,2,58,10,21,8.379310344827587,0
1178399,1,Kings XI Punjab,Powerplay (0-5),2019,50,0,36,7,15,8.333333333333334,0
1178399,2,Mumbai Indians,Death (15-19),2019,63,3,33,9,11,11.454545454545455,1
1178399,2,Mumbai Indians,Middle (6-14),2019,85,3,58,9,19,8.793103448275863,1
1178399,2,Mumbai Indians,Powerplay (0-5),2019,50,1,36,8,14,8.333333333333334,1
1178400,1,Rajasthan Royals,Death (15-19),2019,48,1,30,5,3,9.6,0
1178400,1,Rajasthan Royals,Middle (6-14),2019,49,3,55,3,19,5.345454545454546,0
1178400,1,Rajasthan Royals,Powerplay (0-5),2019,54,3,37,10,20,8.756756756756756,0
1178400,2,Chennai Super Kings,Death (15-19),2019,54,2,33,4,7,9.818181818181818,1
1178400,2,Chennai Super Kings,Middle (6-14),2019,77,0,55,7,14,8.4,1
1178400,2,Chennai Super Kings,Powerplay (0-5),2019,24,4,36,2,24,4.0,1
1178401,1,Kolkata Knight Riders,Death (15-19),2019,56,3,30,7,7,11.2,0
1178401,1,Kolkata Knight Riders,Middle (6-14),2019,81,3,58,9,16,8.379310344827587,0
1178401,1,Kolkata Knight Riders,Powerplay (0-5),2019,41,1,36,8,20,6.833333333333333,0
1178401,2,Delhi Capitals,Death (15-19),2019,42,1,23,5,3,10.956521739130434,1
1178401,2,Delhi Capitals,Middle (6-14),2019,81,0,56,9,11,8.678571428571429,1
1178401,2,Delhi Capitals,Powerplay (0-5),2019,57,2,36,10,17,9.5,1
1178402,1,Mumbai Indians,Death (15-19),2019,61,3,33,8,8,11.090909090909092,0
1178402,1,Mumbai Indians,Middle (6-14),2019,69,2,54,7,17,7.666666666666667,0
1178402,1,Mumbai Indians,Powerplay (0-5),2019,57,0,36,8,10,9.5,0
1178402,2,Rajasthan Royals,Death (15-19),2019,30,4,27,4,12,6.666666666666667,1
1178402,2,Rajasthan Royals,Middle (6-14),2019,99,2,56,13,14,10.607142857142856,1
1178402,2,Rajasthan Royals,Powerplay (0-5),2019,59,0,36,11,16,9.833333333333334,1
1178403,1,Kings XI Punjab,Death (15-19),2019,51,0,33,6,6,9.272727272727273,0
1178403,1,Kings XI Punjab,Middle (6-14),2019,62,4,56,6,22,6.642857142857142,0
1178403,1,Kings XI Punjab,Powerplay (0-5),2019,60,0,36,11,16,10.0,0
1178403,2,Royal Challengers Bangalore,Death (15-19),2019,48,1,26,6,5,11.076923076923078,1
1178403,2,Royal Challengers Bangalore,Middle (6-14),2019,63,0,55,5,13,6.872727272727273,1
1178403,2,Royal Challengers Bangalore,Powerplay (0-5),2019,63,1,36,12,10,10.5,1
1178404,1,Kolkata Knight Riders,Death (15-19),2019,28,3,31,1,9,5.419354838709677,0
1178404,1,Kolkata Knight Riders,Middle (6-14),2019,84,4,57,10,18,8.842105263157896,0
1178404,1,Kolkata Knight Riders,Powerplay (0-5),2019,49,1,37,9,20,7.945945945945946,0
1178404,2,Chennai Super Kings,Death (15-19),2019,42,1,29,6,8,8.689655172413794,1
1178404,2,Chennai Super Kings,Middle (6-14),2019,76,2,55,9,16,8.290909090909091,1
1178404,2,Chennai Super Kings,Powerplay (0-5),2019,44,2,36,9,19,7.333333333333333,1
1178405,1,Delhi Capitals,Death (15-19),2019,34,4,32,2,11,6.375,1
1178405,1,Delhi Capitals,Middle (6-14),2019,70,1,55,8,15,7.636363636363637,1
1178405,1,Delhi Capitals,Powerplay (0-5),2019,51,2,37,8,20,8.27027027027027,1
1178405,2,Sunrisers Hyderabad,Death (15-19),2019,16,8,24,0,11,4.0,0
1178405,2,Sunrisers Hyderabad,Middle (6-14),2019,60,2,56,5,19,6.428571428571428,0
1178405,2,Sunrisers Hyderabad,Powerplay (0-5),2019,40,0,37,5,17,6.486486486486486,0
1178406,1,Royal Challengers Bangalore,Death (15-19),2019,52,5,30,7,12,10.4,0
1178406,1,Royal Challengers Bangalore,Middle (6-14),2019,74,1,54,8,15,8.222222222222221,0
1178406,1,Royal Challengers Bangalore,Powerplay (0-5),2019,45,1,37,7,20,7.297297297297297,0
1178406,2,Mumbai Indians,Death (15-19),2019,45,2,27,7,8,10.0,1
1178406,2,Mumbai Indians,Middle (6-14),2019,60,3,55,7,25,6.545454545454546,1
1178406,2,Mumbai Indians,Powerplay (0-5),2019,67,0,38,11,15,10.578947368421053,1
1178407,1,Kings XI Punjab,Death (15-19),2019,46,4,31,5,14,8.903225806451612,1
1178407,1,Kings XI Punjab,Middle (6-14),2019,97,1,55,10,7,10.581818181818182,1
1178407,1,Kings XI Punjab,Powerplay (0-5),2019,39,1,36,5,22,6.5,1
1178407,2,Rajasthan Royals,Death (15-19),2019,48,5,32,5,10,9.0,0
1178407,2,Rajasthan Royals,Middle (6-14),2019,68,1,54,5,10,7.555555555555555,0
1178407,2,Rajasthan Royals,Powerplay (0-5),2019,54,1,40,5,13,8.1,0
1178408,1,Chennai Super Kings,Death (15-19),2019,30,0,32,2,13,5.625,0
1178408,1,Chennai Super Kings,Middle (6-14),2019,61,5,55,6,18,6.654545454545455,0
1178408,1,Chennai Super Kings,Powerplay (0-5),2019,41,0,36,6,20,6.833333333333333,0
1178408,2,Sunrisers Hyderabad,Death (15-19),2019,21,1,13,2,1,9.692307692307693,1
1178408,2,Sunrisers Hyderabad,Middle (6-14),2019,48,2,54,3,23,5.333333333333333,1
1178408,2,Sunrisers Hyderabad,Powerplay (0-5),2019,68,1,37,12,10,11.027027027027026,1
1178409,1,Mumbai Indians,Death (15-19),2019,64,2,33,10,7,11.636363636363637,1
1178409,1,Mumbai Indians,Middle (6-14),2019,47,3,54,3,17,5.222222222222222,1
1178409,1,Mumbai Indians,Powerplay (0-5),2019,57,0,37,7,10,9.243243243243242,1
1178409,2,Delhi Capitals,Death (15-19),2019,42,4,31,3,12,8.129032258064516,0
1178409,2,Delhi Capitals,Middle (6-14),2019,38,5,56,1,27,4.071428571428571,0
1178409,2,Delhi Capitals,Powerplay (0-5),2019,48,0,36,8,16,8.0,0
1178410,1,Royal Challengers Bangalore,Death (15-19),2019,91,2,33,15,4,16.545454545454547,1
1178410,1,Royal Challengers Bangalore,Middle (6-14),2019,80,1,54,10,15,8.88888888888889,1
1178410,1,Royal Challengers Bangalore,Powerplay (0-5),2019,42,1,38,5,15,6.631578947368421,1
1178410,2,Kolkata Knight Riders,Death (15-19),2019,82,1,33,13,11,14.909090909090908,0
1178410,2,Kolkata Knight Riders,Middle (6-14),2019,84,1,59,12,25,8.542372881355933,0
1178410,2,Kolkata Knight Riders,Powerplay (0-5),2019,37,3,36,6,23,6.166666666666667,0
1178411,1,Mumbai Indians,Death (15-19),2019,49,2,32,6,11,9.1875,0
1178411,1,Mumbai Indians,Middle (6-14),2019,66,2,55,5,15,7.2,0
1178411,1,Mumbai Indians,Powerplay (0-5),2019,46,1,37,6,18,7.459459459459459,0
1178411,2,Rajasthan Royals,Death (15-19),2019,34,2,25,4,6,8.16,1
1178411,2,Rajasthan Royals,Middle (6-14),2019,68,2,54,8,20,7.555555555555555,1
1178411,2,Rajasthan Royals,Powerplay (0-5),2019,60,1,36,10,13,10.0,1
1178412,1,Kings XI Punjab,Death (15-19),2019,45,2,32,5,8,8.4375,0
1178412,1,Kings XI Punjab,Middle (6-14),2019,68,3,54,6,16,7.555555555555555,0
1178412,1,Kings XI Punjab,Powerplay (0-5),2019,50,2,36,10,20,8.333333333333334,0
1178412,2,Delhi Capitals,Death (15-19),2019,38,3,29,5,8,7.862068965517242,1
1178412,2,Delhi Capitals,Middle (6-14),2019,68,1,61,6,20,6.688524590163935,1
1178412,2,Delhi Capitals,Powerplay (0-5),2019,60,1,36,10,12,10.0,1
1178413,1,Kolkata Knight Riders,Death (15-19),2019,43,4,31,6,16,8.32258064516129,0
1178413,1,Kolkata Knight Riders,Middle (6-14),2019,55,2,56,4,19,5.892857142857142,0
1178413,1,Kolkata Knight Riders,Powerplay (0-5),2019,61,2,37,9,10,9.891891891891891,0
1178413,2,Sunrisers Hyderabad,Middle (6-14),2019,89,1,55,9,10,9.709090909090909,1
1178413,2,Sunrisers Hyderabad,Powerplay (0-5),2019,72,0,39,10,11,11.076923076923077,1
1178414,1,Royal Challengers Bangalore,Death (15-19),2019,43,4,31,6,12,8.32258064516129,1
1178414,1,Royal Challengers Bangalore,Middle (6-14),2019,69,2,54,6,15,7.666666666666667,1
1178414,1,Royal Challengers Bangalore,Powerplay (0-5),2019,49,1,37,8,19,7.945945945945946,1
1178414,2,Chennai Super Kings,Death (15-19),2019,68,3,31,8,7,13.161290322580644,0
1178414,2,Chennai Super Kings,Middle (6-14),2019,60,1,55,6,22,6.545454545454546,0
1178414,2,Chennai Super Kings,Powerplay (0-5),2019,32,4,37,4,22,5.189189189189189,0
1178415,1,Rajasthan Royals,Death (15-19),2019,41,4,31,4,9,7.935483870967741,0
1178415,1,Rajasthan Royals,Middle (6-14),2019,98,1,57,14,11,10.31578947368421,0
1178415,1,Rajasthan Royals,Powerplay (0-5),2019,52,1,36,8,15,8.666666666666666,0
1178415,2,Delhi Capitals,Death (15-19),2019,51,2,27,7,8,11.333333333333334,1
1178415,2,Delhi Capitals,Middle (6-14),2019,83,2,54,10,12,9.222222222222221,1
1178415,2,Delhi Capitals,Powerplay (0-5),2019,59,0,36,10,11,9.833333333333334,1
1178416,1,Sunrisers Hyderabad,Death (15-19),2019,41,1,30,3,7,8.2,0
1178416,1,Sunrisers Hyderabad,Middle (6-14),2019,80,1,55,7,10,8.727272727272728,0
1178416,1,Sunrisers Hyderabad,Powerplay (0-5),2019,54,1,38,8,17,8.526315789473685,0
1178416,2,Chennai Super Kings,Death (15-19),2019,41,2,29,4,10,8.482758620689655,1
1178416,2,Chennai Super Kings,Middle (6-14),2019,86,1,56,11,16,9.214285714285714,1
1178416,2,Chennai Super Kings,Powerplay (0-5),2019,49,1,36,9,19,8.166666666666666,1
1178417,1,Royal Challengers Bangalore,Death (15-19),2019,80,0,32,11,7,15.0,1
1178417,1,Royal Challengers Bangalore,Middle (6-14),2019,52,3,54,4,20,5.777777777777778,1
1178417,1,Royal Challengers Bangalore,Powerplay (0-5),2019,70,1,39,12,16,10.76923076923077,1
1178417,2,Kings XI Punjab,Death (15-19),2019,42,4,31,5,11,8.129032258064516,0
1178417,2,Kings XI Punjab,Middle (6-14),2019,75,2,54,9,17,8.333333333333334,0
1178417,2,Kings XI Punjab,Powerplay (0-5),2019,68,1,39,14,17,10.461538461538462,0
1178418,1,Kolkata Knight Riders,Death (15-19),2019,75,2,32,11,5,14.0625,0
1178418,1,Kolkata Knight Riders,Middle (6-14),2019,68,2,55,10,27,7.418181818181819,0
1178418,1,Kolkata Knight Riders,Powerplay (0-5),2019,32,2,36,4,23,5.333333333333333,0
1178418,2,Rajasthan Royals,Death (15-19),2019,55,2,27,8,5,12.222222222222221,1
1178418,2,Rajasthan Royals,Middle (6-14),2019,67,4,58,10,27,6.931034482758621,1
1178418,2,Rajasthan Royals,Powerplay (0-5),2019,55,1,36,8,13,9.166666666666666,1
1178419,1,Mumbai Indians,Death (15-19),2019,50,1,31,7,10,9.67741935483871,1
1178419,1,Mumbai Indians,Middle (6-14),2019,60,2,55,6,21,6.545454545454546,1
1178419,1,Mumbai Indians,Powerplay (0-5),2019,45,1,37,6,17,7.297297297297297,1
1178419,2,Chennai Super Kings,Death (15-19),2019,21,4,17,2,7,7.411764705882352,0
1178419,2,Chennai Super Kings,Middle (6-14),2019,48,3,59,2,21,4.881355932203389,0
1178419,2,Chennai Super Kings,Powerplay (0-5),2019,40,3,36,6,20,6.666666666666667,0
1178420,1,Sunrisers Hyderabad,Death (15-19),2019,39,5,32,2,9,7.3125,0
1178420,1,Sunrisers Hyderabad,Middle (6-14),2019,70,2,55,6,9,7.636363636363637,0
1178420,1,Sunrisers Hyderabad,Powerplay (0-5),2019,51,1,36,5,13,8.5,0
1178420,2,Rajasthan Royals,Death (15-19),2019,29,1,26,3,10,6.6923076923076925,1
1178420,2,Rajasthan Royals,Middle (6-14),2019,72,2,56,7,18,7.7142857142857135,1
1178420,2,Rajasthan Royals,Powerplay (0-5),2019,60,0,36,10,16,10.0,1
1178421,1,Delhi Capitals,Death (15-19),2019,60,2,30,9,10,12.0,1
1178421,1,Delhi Capitals,Middle (6-14),2019,68,2,54,6,14,7.555555555555555,1
1178421,1,Delhi Capitals,Powerplay (0-5),2019,59,1,36,11,15,9.833333333333334,1
1178421,2,Royal Challengers Bangalore,Death (15-19),2019,45,2,31,5,9,8.709677419354838,0
1178421,2,Royal Challengers Bangalore,Middle (6-14),2019,62,4,55,4,16,6.763636363636364,0
1178421,2,Royal Challengers Bangalore,Powerplay (0-5),2019,64,1,36,11,12,10.666666666666666,0
1178422,1,Kolkata Knight Riders,Death (15-19),2019,75,1,32,12,9,14.0625,1
1178422,1,Kolkata Knight Riders,Middle (6-14),2019,107,1,58,16,16,11.06896551724138,1
1178422,1,Kolkata Knight Riders,Powerplay (0-5),2019,50,0,36,8,12,8.333333333333334,1
1178422,2,Mumbai Indians,Death (15-19),2019,58,2,30,8,11,11.6,0
1178422,2,Mumbai Indians,Middle (6-14),2019,99,3,54,13,12,11.0,0
1178422,2,Mumbai Indians,Powerplay (0-5),2019,41,2,36,7,21,6.833333333333333,0
1178423,1,Sunrisers Hyderabad,Death (15-19),2019,53,5,34,5,7,9.352941176470587,1
1178423,1,Sunrisers Hyderabad,Middle (6-14),2019,82,1,57,7,8,8.631578947368421,1
1178423,1,Sunrisers Hyderabad,Powerplay (0-5),2019,77,0,39,10,10,11.846153846153847,1
1178423,2,Kings XI Punjab,Death (15-19),2019,44,3,32,5,13,8.25,0
1178423,2,Kings XI Punjab,Middle (6-14),2019,79,4,56,10,21,8.464285714285714,0
1178423,2,Kings XI Punjab,Powerplay (0-5),2019,44,1,39,5,14,6.769230769230769,0
1178424,1,Royal Challengers Bangalore,Powerplay (0-5),2019,62,7,31,9,11,12.0,0
1178424,2,Rajasthan Royals,Powerplay (0-5),2019,41,1,20,7,10,12.299999999999999,0
1178425,1,Chennai Super Kings,Death (15-19),2019,77,1,32,12,4,14.4375,1
1178425,1,Chennai Super Kings,Middle (6-14),2019,75,2,56,9,18,8.035714285714285,1
1178425,1,Chennai Super Kings,Powerplay (0-5),2019,27,1,37,4,22,4.378378378378378,1
1178425,2,Delhi Capitals,Death (15-19),2019,7,2,8,1,4,5.25,0
1178425,2,Delhi Capitals,Middle (6-14),2019,33,6,54,2,28,3.6666666666666665,0
1178425,2,Delhi Capitals,Powerplay (0-5),2019,59,2,36,8,11,9.833333333333334,0
1178426,1,Mumbai Indians,Death (15-19),2019,49,2,31,5,7,9.483870967741934,0
1178426,1,Mumbai Indians,Middle (6-14),2019,69,2,54,7,21,7.666666666666667,0
1178426,1,Mumbai Indians,Powerplay (0-5),2019,44,1,37,9,20,7.135135135135135,0
1178426,2,Sunrisers Hyderabad,Death (15-19),2019,56,1,30,8,7,11.2,0
1178426,2,Sunrisers Hyderabad,Middle (6-14),2019,47,3,55,3,19,5.127272727272728,0
1178426,2,Sunrisers Hyderabad,Powerplay (0-5),2019,59,2,37,10,14,9.567567567567567,0
1178426,3,Sunrisers Hyderabad,Powerplay (0-5),2019,8,2,4,1,1,12.0,0
1178426,4,Mumbai Indians,Powerplay (0-5),2019,9,0,3,1,0,18.0,0
1178427,1,Kings XI Punjab,Death (15-19),2019,58,2,30,9,9,11.6,0
1178427,1,Kings XI Punjab,Middle (6-14),2019,84,2,55,9,12,9.163636363636364,0
1178427,1,Kings XI Punjab,Powerplay (0-5),2019,41,2,36,5,17,6.833333333333333,0
1178427,2,Kolkata Knight Riders,Death (15-19),2019,34,0,19,4,2,10.736842105263158,1
1178427,2,Kolkata Knight Riders,Middle (6-14),2019,89,2,58,11,16,9.206896551724139,1
1178427,2,Kolkata Knight Riders,Powerplay (0-5),2019,62,1,36,10,14,10.333333333333334,1
1178428,1,Rajasthan Royals,Death (15-19),2019,45,2,35,4,10,7.714285714285714,0
1178428,1,Rajasthan Royals,Middle (6-14),2019,40,3,54,3,24,4.444444444444445,0
1178428,1,Rajasthan Royals,Powerplay (0-5),2019,30,4,37,4,22,4.864864864864865,0
1178428,2,Delhi Capitals,Death (15-19),2019,21,1,7,3,1,18.0,1
1178428,2,Delhi Capitals,Middle (6-14),2019,54,2,55,4,21,5.8909090909090915,1
1178428,2,Delhi Capitals,Powerplay (0-5),2019,46,2,36,6,17,7.666666666666667,1
1178429,1,Sunrisers Hyderabad,Death (15-19),2019,53,3,32,7,6,9.9375,0
1178429,1,Sunrisers Hyderabad,Middle (6-14),2019,70,3,55,8,21,7.636363636363637,0
1178429,1,Sunrisers Hyderabad,Powerplay (0-5),2019,52,1,36,8,17,8.666666666666666,0
1178429,2,Royal Challengers Bangalore,Death (15-19),2019,48,3,29,7,7,9.931034482758621,1
1178429,2,Royal Challengers Bangalore,Middle (6-14),2019,81,0,54,10,13,9.0,1
1178429,2,Royal Challengers Bangalore,Powerplay (0-5),2019,49,3,40,7,16,7.35,1
1178430,1,Chennai Super Kings,Death (15-19),2019,46,4,30,5,8,9.2,0
1178430,1,Chennai Super Kings,Middle (6-14),2019,82,0,54,11,12,9.11111111111111,0
1178430,1,Chennai Super Kings,Powerplay (0-5),2019,42,1,37,6,15,6.8108108108108105,0
1178430,2,Kings XI Punjab,Death (15-19),2019,22,1,18,2,8,7.333333333333333,1
1178430,2,Kings XI Punjab,Middle (6-14),2019,83,3,57,11,17,8.736842105263158,1
1178430,2,Kings XI Punjab,Powerplay (0-5),2019,68,0,38,11,19,10.736842105263158,1
1178431,1,Kolkata Knight Riders,Death (15-19),2019,34,3,35,2,12,5.828571428571429,0
1178431,1,Kolkata Knight Riders,Middle (6-14),2019,50,4,56,5,30,5.357142857142857,0
1178431,1,Kolkata Knight Riders,Powerplay (0-5),2019,49,0,37,6,18,7.945945945945946,0
1178431,2,Mumbai Indians,Death (15-19),2019,13,0,7,2,2,11.142857142857142,1
1178431,2,Mumbai Indians,Middle (6-14),2019,75,1,55,11,17,8.181818181818182,1
1178431,2,Mumbai Indians,Powerplay (0-5),2019,46,0,38,6,19,7.2631578947368425,1
1181764,1,Chennai Super Kings,Death (15-19),2019,40,0,31,3,9,7.741935483870967,0
1181764,1,Chennai Super Kings,Middle (6-14),2019,59,1,56,5,20,6.321428571428571,0
1181764,1,Chennai Super Kings,Powerplay (0-5),2019,32,3,37,6,24,5.189189189189189,0
1181764,2,Mumbai Indians,Death (15-19),2019,24,0,21,2,7,6.857142857142857,1
1181764,2,Mumbai Indians,Middle (6-14),2019,64,2,55,6,18,6.981818181818182,1
1181764,2,Mumbai Indians,Powerplay (0-5),2019,44,2,37,8,22,7.135135135135135,1
1181766,1,Sunrisers Hyderabad,Death (15-19),2019,58,5,34,9,12,10.235294117647058,0
1181766,1,Sunrisers Hyderabad,Middle (6-14),2019,50,2,58,2,19,5.172413793103448,0
1181766,1,Sunrisers Hyderabad,Powerplay (0-5),2019,54,1,36,8,15,9.0,0
1181766,2,Delhi Capitals,Death (15-19),2019,54,3,31,8,12,10.451612903225806,1
1181766,2,Delhi Capitals,Middle (6-14),2019,56,5,56,5,24,6.0,1
1181766,2,Delhi Capitals,Powerplay (0-5),2019,55,0,37,10,16,8.91891891891892,1
1181767,1,Delhi Capitals,Death (15-19),2019,54,4,31,7,10,10.451612903225806,0
1181767,1,Delhi Capitals,Middle (6-14),2019,52,3,55,4,22,5.672727272727273,0
1181767,1,Delhi Capitals,Powerplay (0-5),2019,41,2,37,6,15,6.648648648648648,0
1181767,2,Chennai Super Kings,Death (15-19),2019,32,2,24,4,12,8.0,1
1181767,2,Chennai Super Kings,Middle (6-14),2019,77,2,56,9,19,8.25,1
1181767,2,Chennai Super Kings,Powerplay (0-5),2019,42,0,36,6,14,7.0,1
1181768,1,Mumbai Indians,Death (15-19),2019,47,3,30,7,10,9.4,1
1181768,1,Mumbai Indians,Middle (6-14),2019,57,3,56,5,20,6.107142857142857,1
1181768,1,Mumbai Indians,Powerplay (0-5),2019,45,2,37,6,21,7.297297297297297,1
1181768,2,Chennai Super Kings,Death (15-19),2019,60,3,30,7,8,12.0,0
1181768,2,Chennai Super Kings,Middle (6-14),2019,35,3,57,2,31,3.6842105263157894,0
1181768,2,Chennai Super Kings,Powerplay (0-5),2019,53,1,37,8,18,8.594594594594595,0
1216492,1,Mumbai Indians,Death (15-19),2020,36,4,30,4,12,7.2,0
1216492,1,Mumbai Indians,Middle (6-14),2020,75,3,56,8,16,8.035714285714285,0
1216492,1,Mumbai Indians,Powerplay (0-5),2020,51,2,38,7,12,8.052631578947368,0
1216492,2,Chennai Super Kings,Death (15-19),2020,50,3,26,8,5,11.53846153846154,1
1216492,2,Chennai Super Kings,Middle (6-14),2020,79,0,56,7,6,8.464285714285714,1
1216492,2,Chennai Super Kings,Powerplay (0-5),2020,37,2,38,6,25,5.842105263157895,1
1216493,1,Delhi Capitals,Death (15-19),2020,64,3,33,10,9,11.636363636363637,0
1216493,1,Delhi Capitals,Middle (6-14),2020,70,2,58,6,16,7.241379310344828,0
1216493,1,Delhi Capitals,Powerplay (0-5),2020,23,3,37,3,26,3.7297297297297294,0
1216493,2,Kings XI Punjab,Death (15-19),2020,59,3,30,8,8,11.8,0
1216493,2,Kings XI Punjab,Middle (6-14),2020,63,2,54,7,20,7.0,0
1216493,2,Kings XI Punjab,Powerplay (0-5),2020,35,3,38,3,22,5.526315789473684,0
1216493,3,Kings XI Punjab,Powerplay (0-5),2020,2,2,3,0,2,4.0,0
1216493,4,Delhi Capitals,Powerplay (0-5),2020,3,0,3,0,1,6.0,0
1216494,1,Kolkata Knight Riders,Death (15-19),2020,32,2,30,3,11,6.4,0
1216494,1,Kolkata Knight Riders,Middle (6-14),2020,35,2,54,3,31,3.888888888888889,0
1216494,1,Kolkata Knight Riders,Powerplay (0-5),2020,17,4,37,2,30,2.7567567567567566,0
1216494,2,Royal Challengers Bangalore,Middle (6-14),2020,41,2,46,6,24,5.3478260869565215,1
1216494,2,Royal Challengers Bangalore,Powerplay (0-5),2020,44,0,38,5,15,6.947368421052632,1
1216495,1,Mumbai Indians,Death (15-19),2020,51,3,30,7,11,10.2,0
1216495,1,Mumbai Indians,Middle (6-14),2020,50,3,54,3,18,5.555555555555555,0
1216495,1,Mumbai Indians,Powerplay (0-5),2020,48,2,36,8,18,8.0,0
1216495,2,Sunrisers Hyderabad,Death (15-19),2020,14,0,13,2,5,6.461538461538462,1
1216495,2,Sunrisers Hyderabad,Middle (6-14),2020,81,0,56,7,10,8.678571428571429,1
1216495,2,Sunrisers Hyderabad,Powerplay (0-5),2020,56,0,38,10,15,8.842105263157896,1
1216496,1,Rajasthan Royals,Death (15-19),2020,62,3,33,8,9,11.272727272727273,1
1216496,1,Rajasthan Royals,Middle (6-14),2020,100,3,58,11,12,10.344827586206897,1
1216496,1,Rajasthan Royals,Powerplay (0-5),2020,54,1,37,7,13,8.756756756756756,1
1216496,2,Chennai Super Kings,Death (15-19),2020,69,1,31,9,6,13.354838709677418,0
1216496,2,Chennai Super Kings,Middle (6-14),2020,78,5,56,8,12,8.357142857142856,0
1216496,2,Chennai Super Kings,Powerplay (0-5),2020,53,0,37,8,17,8.594594594594595,0
1216497,1,Kolkata Knight Riders,Death (15-19),2020,52,3,32,9,12,9.75,1
1216497,1,Kolkata Knight Riders,Middle (6-14),2020,106,1,57,16,13,11.157894736842104,1
1216497,1,Kolkata Knight Riders,Powerplay (0-5),2020,36,2,36,5,18,6.0,1
1216497,2,Delhi Capitals,Death (15-19),2020,25,4,30,3,14,5.0,0
1216497,2,Delhi Capitals,Middle (6-14),2020,74,3,56,6,13,7.928571428571428,0
1216497,2,Delhi Capitals,Powerplay (0-5),2020,36,2,39,5,23,5.538461538461538,0
1216498,1,Kings XI Punjab,Death (15-19),2020,38,2,33,2,8,6.909090909090909,1
1216498,1,Kings XI Punjab,Middle (6-14),2020,41,4,56,1,24,4.392857142857142,1
1216498,1,Kings XI Punjab,Powerplay (0-5),2020,47,1,36,6,16,7.833333333333333,1
1216498,2,Sunrisers Hyderabad,Death (15-19),2020,17,7,30,1,16,3.4,0
1216498,2,Sunrisers Hyderabad,Middle (6-14),2020,45,3,55,5,25,4.909090909090909,0
1216498,2,Sunrisers Hyderabad,Powerplay (0-5),2020,52,0,38,8,17,8.210526315789474,0
1216499,1,Royal Challengers Bangalore,Death (15-19),2020,35,4,32,4,12,6.5625,0
1216499,1,Royal Challengers Bangalore,Middle (6-14),2020,75,2,55,10,19,8.181818181818182,0
1216499,1,Royal Challengers Bangalore,Powerplay (0-5),2020,54,0,36,10,16,9.0,0
1216499,2,Mumbai Indians,Death (15-19),2020,49,1,28,8,8,10.5,1
1216499,2,Mumbai Indians,Middle (6-14),2020,72,3,56,9,23,7.7142857142857135,1
1216499,2,Mumbai Indians,Powerplay (0-5),2020,45,1,37,5,17,7.297297297297297,1
1216500,1,Delhi Capitals,Death (15-19),2020,62,3,33,8,10,11.272727272727273,1
1216500,1,Delhi Capitals,Middle (6-14),2020,71,2,55,6,19,7.745454545454546,1
1216500,1,Delhi Capitals,Powerplay (0-5),2020,51,3,39,8,17,7.846153846153846,1
1216500,2,Rajasthan Royals,Death (15-19),2020,37,3,31,4,11,7.161290322580645,0
1216500,2,Rajasthan Royals,Middle (6-14),2020,60,6,57,5,22,6.315789473684211,0
1216500,2,Rajasthan Royals,Powerplay (0-5),2020,41,1,38,5,17,6.473684210526316,0
1216501,1,Kolkata Knight Riders,Death (15-19),2020,39,6,32,4,11,7.3125,1
1216501,1,Kolkata Knight Riders,Middle (6-14),2020,76,3,55,7,14,8.290909090909091,1
1216501,1,Kolkata Knight Riders,Powerplay (0-5),2020,52,1,39,8,14,8.0,1
1216501,2,Chennai Super Kings,Death (15-19),2020,47,2,30,8,12,9.4,0
1216501,2,Chennai Super Kings,Middle (6-14),2020,56,2,55,5,18,6.109090909090909,0
1216501,2,Chennai Super Kings,Powerplay (0-5),2020,54,1,37,8,11,8.756756756756756,0
1216502,1,Royal Challengers Bangalore,Death (15-19),2020,27,3,31,2,13,5.225806451612903,0
1216502,1,Royal Challengers Bangalore,Middle (6-14),2020,63,2,56,5,18,6.75,0
1216502,1,Royal Challengers Bangalore,Powerplay (0-5),2020,30,2,37,3,19,4.864864864864865,0
1216502,2,Sunrisers Hyderabad,Middle (6-14),2020,63,4,50,7,19,7.56,1
1216502,2,Sunrisers Hyderabad,Powerplay (0-5),2020,58,1,40,8,16,8.7,1
1216503,1,Mumbai Indians,Death (15-19),2020,89,1,32,15,4,16.6875,1
1216503,1,Mumbai Indians,Middle (6-14),2020,61,1,55,5,18,6.654545454545455,1
1216503,1,Mumbai Indians,Powerplay (0-5),2020,41,2,38,7,19,6.473684210526316,1
1216503,2,Kings XI Punjab,Death (15-19),2020,34,3,30,4,13,6.8,0
1216503,2,Kings XI Punjab,Middle (6-14),2020,68,3,58,5,18,7.03448275862069,0
1216503,2,Kings XI Punjab,Powerplay (0-5),2020,41,2,37,4,12,6.648648648648648,0
1216504,1,Kolkata Knight Riders,Death (15-19),2020,54,1,33,5,3,9.818181818181818,1
1216504,1,Kolkata Knight Riders,Middle (6-14),2020,78,4,57,9,22,8.210526315789474,1
1216504,1,Kolkata Knight Riders,Powerplay (0-5),2020,42,1,38,6,21,6.631578947368421,1
1216504,2,Rajasthan Royals,Death (15-19),2020,47,1,30,5,11,9.4,0
1216504,2,Rajasthan Royals,Middle (6-14),2020,51,6,54,3,23,5.666666666666667,0
1216504,2,Rajasthan Royals,Powerplay (0-5),2020,39,2,37,4,21,6.324324324324324,0
1216505,1,Royal Challengers Bangalore,Death (15-19),2020,49,5,30,7,12,9.8,0
1216505,1,Royal Challengers Bangalore,Middle (6-14),2020,63,1,56,4,14,6.75,0
1216505,1,Royal Challengers Bangalore,Powerplay (0-5),2020,40,1,37,5,16,6.486486486486486,0
1216505,2,Delhi Capitals,Death (15-19),2020,33,2,27,2,5,7.333333333333333,1
1216505,2,Delhi Capitals,Middle (6-14),2020,68,1,54,5,12,7.555555555555555,1
1216505,2,Delhi Capitals,Powerplay (0-5),2020,53,1,36,9,14,8.833333333333334,1
1216506,1,Kings XI Punjab,Death (15-19),2020,58,2,31,6,5,11.225806451612902,0
1216506,1,Kings XI Punjab,Middle (6-14),2020,42,3,54,2,21,4.666666666666667,0
1216506,1,Kings XI Punjab,Powerplay (0-5),2020,53,1,36,9,12,8.833333333333334,0
1216506,2,Chennai Super Kings,Death (15-19),2020,36,0,23,4,4,9.391304347826086,1
1216506,2,Chennai Super Kings,Middle (6-14),2020,61,1,55,4,15,6.654545454545455,1
1216506,2,Chennai Super Kings,Powerplay (0-5),2020,57,0,38,7,19,9.0,1
1216507,1,Sunrisers Hyderabad,Death (15-19),2020,62,2,32,7,6,11.625,0
1216507,1,Sunrisers Hyderabad,Middle (6-14),2020,70,1,55,6,16,7.636363636363637,0
1216507,1,Sunrisers Hyderabad,Powerplay (0-5),2020,26,1,36,2,20,4.333333333333333,0
1216507,2,Rajasthan Royals,Death (15-19),2020,69,0,29,10,3,14.275862068965518,1
1216507,2,Rajasthan Royals,Middle (6-14),2020,58,2,56,3,14,6.2142857142857135,1
1216507,2,Rajasthan Royals,Powerplay (0-5),2020,36,3,36,5,21,6.0,1
1216508,1,Mumbai Indians,Death (15-19),2020,48,3,35,5,10,8.22857142857143,1
1216508,1,Mumbai Indians,Middle (6-14),2020,88,1,58,8,10,9.10344827586207,1
1216508,1,Mumbai Indians,Powerplay (0-5),2020,59,1,38,9,17,9.31578947368421,1
1216508,2,Kolkata Knight Riders,Death (15-19),2020,46,5,32,6,14,8.625,0
1216508,2,Kolkata Knight Riders,Middle (6-14),2020,67,2,55,9,20,7.3090909090909095,0
1216508,2,Kolkata Knight Riders,Powerplay (0-5),2020,33,2,36,5,23,5.5,0
1216509,1,Chennai Super Kings,Death (15-19),2020,67,1,32,8,5,12.5625,0
1216509,1,Chennai Super Kings,Middle (6-14),2020,73,2,55,8,16,7.963636363636364,0
1216509,1,Chennai Super Kings,Powerplay (0-5),2020,39,1,37,7,22,6.324324324324324,0
1216509,2,Delhi Capitals,Death (15-19),2020,56,2,31,7,8,10.838709677419354,1
1216509,2,Delhi Capitals,Middle (6-14),2020,88,1,55,11,7,9.600000000000001,1
1216509,2,Delhi Capitals,Powerplay (0-5),2020,41,2,36,6,17,6.833333333333333,1
1216510,1,Kings XI Punjab,Death (15-19),2020,80,1,31,12,3,15.483870967741934,1
1216510,1,Kings XI Punjab,Middle (6-14),2020,76,2,56,8,16,8.142857142857142,1
1216510,1,Kings XI Punjab,Powerplay (0-5),2020,50,0,38,8,14,7.894736842105264,1
1216510,2,Royal Challengers Bangalore,Death (15-19),2020,14,3,13,2,7,6.461538461538462,0
1216510,2,Royal Challengers Bangalore,Middle (6-14),2020,55,4,55,5,23,6.0,0
1216510,2,Royal Challengers Bangalore,Powerplay (0-5),2020,40,3,40,6,23,6.0,0
1216511,1,Mumbai Indians,Death (15-19),2020,68,0,32,9,7,12.75,1
1216511,1,Mumbai Indians,Middle (6-14),2020,68,3,57,8,23,7.157894736842105,1
1216511,1,Mumbai Indians,Powerplay (0-5),2020,57,1,38,9,15,9.0,1
1216511,2,Rajasthan Royals,Death (15-19),2020,23,4,19,3,8,7.2631578947368425,0
1216511,2,Rajasthan Royals,Middle (6-14),2020,82,3,55,9,17,8.945454545454545,0
1216511,2,Rajasthan Royals,Powerplay (0-5),2020,31,3,36,5,21,5.166666666666667,0
1216512,1,Kolkata Knight Riders,Death (15-19),2020,58,1,30,7,5,11.6,0
1216512,1,Kolkata Knight Riders,Middle (6-14),2020,57,3,55,7,25,6.218181818181819,0
1216512,1,Kolkata Knight Riders,Powerplay (0-5),2020,48,1,36,7,12,8.0,0
1216512,2,Sunrisers Hyderabad,Death (15-19),2020,54,2,31,7,10,10.451612903225806,0
1216512,2,Sunrisers Hyderabad,Middle (6-14),2020,51,4,55,2,22,5.563636363636364,0
1216512,2,Sunrisers Hyderabad,Powerplay (0-5),2020,58,0,37,11,16,9.405405405405405,0
1216512,3,Sunrisers Hyderabad,Powerplay (0-5),2020,2,2,3,0,2,4.0,0
1216512,4,Kolkata Knight Riders,Powerplay (0-5),2020,3,0,4,0,3,4.5,0
1216513,1,Kings XI Punjab,Death (15-19),2020,48,2,31,5,9,9.29032258064516,0
1216513,1,Kings XI Punjab,Middle (6-14),2020,84,2,56,9,15,9.0,0
1216513,1,Kings XI Punjab,Powerplay (0-5),2020,46,0,36,6,12,7.666666666666667,0
1216513,2,Chennai Super Kings,Death (15-19),2020,31,0,16,5,4,11.625,1
1216513,2,Chennai Super Kings,Middle (6-14),2020,90,0,59,12,14,9.152542372881355,1
1216513,2,Chennai Super Kings,Powerplay (0-5),2020,60,0,38,9,12,9.473684210526317,1
1216514,1,Rajasthan Royals,Death (15-19),2020,55,2,32,6,8,10.3125,0
1216514,1,Rajasthan Royals,Middle (6-14),2020,61,1,54,5,15,6.777777777777778,0
1216514,1,Rajasthan Royals,Powerplay (0-5),2020,38,3,36,6,19,6.333333333333333,0
1216514,2,Royal Challengers Bangalore,Death (15-19),2020,40,1,25,5,5,9.6,1
1216514,2,Royal Challengers Bangalore,Middle (6-14),2020,68,0,55,6,16,7.418181818181819,1
1216514,2,Royal Challengers Bangalore,Powerplay (0-5),2020,50,1,36,8,15,8.333333333333334,1
1216515,1,Delhi Capitals,Death (15-19),2020,77,2,30,14,6,15.4,1
1216515,1,Delhi Capitals,Middle (6-14),2020,94,1,56,10,7,10.071428571428571,1
1216515,1,Delhi Capitals,Powerplay (0-5),2020,57,1,36,8,10,9.5,1
1216515,2,Kolkata Knight Riders,Death (15-19),2020,73,2,31,11,7,14.129032258064516,0
1216515,2,Kolkata Knight Riders,Middle (6-14),2020,78,5,59,8,19,7.932203389830508,0
1216515,2,Kolkata Knight Riders,Powerplay (0-5),2020,59,1,37,7,13,9.567567567567567,0
1216516,1,Sunrisers Hyderabad,Death (15-19),2020,64,1,34,8,6,11.294117647058822,1
1216516,1,Sunrisers Hyderabad,Middle (6-14),2020,58,3,56,7,22,6.2142857142857135,1
1216516,1,Sunrisers Hyderabad,Powerplay (0-5),2020,42,1,38,6,16,6.631578947368421,1
1216516,2,Chennai Super Kings,Death (15-19),2020,78,1,31,11,5,15.096774193548386,0
1216516,2,Chennai Super Kings,Middle (6-14),2020,43,1,55,3,26,4.690909090909091,0
1216516,2,Chennai Super Kings,Powerplay (0-5),2020,36,3,38,5,21,5.684210526315789,0
1216517,1,Mumbai Indians,Death (15-19),2020,62,2,30,9,7,12.4,0
1216517,1,Mumbai Indians,Middle (6-14),2020,71,1,54,9,23,7.888888888888889,0
1216517,1,Mumbai Indians,Powerplay (0-5),2020,43,3,37,6,19,6.972972972972973,0
1216517,2,Kings XI Punjab,Death (15-19),2020,51,2,31,6,6,9.870967741935484,0
1216517,2,Kings XI Punjab,Middle (6-14),2020,74,3,56,8,20,7.928571428571428,0
1216517,2,Kings XI Punjab,Powerplay (0-5),2020,51,1,37,8,18,8.27027027027027,0
1216517,3,Kings XI Punjab,Powerplay (0-5),2020,5,2,6,0,2,5.0,0
1216517,4,Mumbai Indians,Powerplay (0-5),2020,5,1,6,0,1,5.0,0
1216517,5,Mumbai Indians,Powerplay (0-5),2020,11,1,8,1,1,8.25,0
1216517,6,Kings XI Punjab,Powerplay (0-5),2020,15,0,4,3,0,22.5,0
1216518,1,Rajasthan Royals,Death (15-19),2020,49,3,32,6,9,9.1875,0
1216518,1,Rajasthan Royals,Middle (6-14),2020,58,2,54,3,18,6.444444444444445,0
1216518,1,Rajasthan Royals,Powerplay (0-5),2020,47,1,37,7,14,7.621621621621621,0
1216518,2,Sunrisers Hyderabad,Death (15-19),2020,38,0,20,6,6,11.4,1
1216518,2,Sunrisers Hyderabad,Middle (6-14),2020,60,0,55,5,17,6.545454545454546,1
1216518,2,Sunrisers Hyderabad,Powerplay (0-5),2020,58,2,39,10,22,8.923076923076923,1
1216519,1,Delhi Capitals,Death (15-19),2020,62,1,33,8,7,11.272727272727273,1
1216519,1,Delhi Capitals,Middle (6-14),2020,71,3,57,8,19,7.473684210526316,1
1216519,1,Delhi Capitals,Powerplay (0-5),2020,63,0,36,9,10,10.5,1
1216519,2,Royal Challengers Bangalore,Death (15-19),2020,32,4,31,4,15,6.193548387096774,0
1216519,2,Royal Challengers Bangalore,Middle (6-14),2020,62,2,57,4,17,6.526315789473684,0
1216519,2,Royal Challengers Bangalore,Powerplay (0-5),2020,43,3,38,5,14,6.7894736842105265,0
1216520,1,Kolkata Knight Riders,Death (15-19),2020,35,3,30,5,15,7.0,0
1216520,1,Kolkata Knight Riders,Middle (6-14),2020,60,3,56,6,25,6.428571428571428,0
1216520,1,Kolkata Knight Riders,Powerplay (0-5),2020,54,3,37,9,17,8.756756756756756,0
1216520,2,Kings XI Punjab,Death (15-19),2020,37,1,23,6,9,9.652173913043478,1
1216520,2,Kings XI Punjab,Middle (6-14),2020,77,1,55,10,20,8.4,1
1216520,2,Kings XI Punjab,Powerplay (0-5),2020,36,0,36,5,19,6.0,1
1216521,1,Chennai Super Kings,Death (15-19),2020,43,1,32,6,13,8.0625,0
1216521,1,Chennai Super Kings,Middle (6-14),2020,47,3,55,3,28,5.127272727272728,0
1216521,1,Chennai Super Kings,Powerplay (0-5),2020,24,5,38,3,26,3.7894736842105265,0
1216521,2,Mumbai Indians,Middle (6-14),2020,64,0,38,8,12,10.105263157894738,1
1216521,2,Mumbai Indians,Powerplay (0-5),2020,52,0,36,10,17,8.666666666666666,1
1216522,1,Rajasthan Royals,Death (15-19),2020,58,3,34,7,8,10.235294117647058,0
1216522,1,Rajasthan Royals,Middle (6-14),2020,67,2,55,7,17,7.3090909090909095,0
1216522,1,Rajasthan Royals,Powerplay (0-5),2020,52,1,40,8,16,7.8,0
1216522,2,Royal Challengers Bangalore,Death (15-19),2020,65,0,29,8,5,13.448275862068966,1
1216522,2,Royal Challengers Bangalore,Middle (6-14),2020,67,2,63,2,16,6.380952380952381,1
1216522,2,Royal Challengers Bangalore,Powerplay (0-5),2020,47,1,38,5,16,7.421052631578948,1
1216523,1,Kolkata Knight Riders,Death (15-19),2020,63,3,33,10,8,11.454545454545455,1
1216523,1,Kolkata Knight Riders,Middle (6-14),2020,76,1,55,6,14,8.290909090909091,1
1216523,1,Kolkata Knight Riders,Powerplay (0-5),2020,25,2,36,4,25,4.166666666666667,1
1216523,2,Kings XI Punjab,Death (15-19),2020,45,4,30,6,11,9.0,0
1216523,2,Kings XI Punjab,Middle (6-14),2020,70,1,54,6,10,7.777777777777778,0
1216523,2,Kings XI Punjab,Powerplay (0-5),2020,47,0,36,6,13,7.833333333333333,0
1216524,1,Sunrisers Hyderabad,Death (15-19),2020,44,0,33,5,11,8.0,1
1216524,1,Sunrisers Hyderabad,Middle (6-14),2020,98,2,55,12,12,10.690909090909091,1
1216524,1,Sunrisers Hyderabad,Powerplay (0-5),2020,77,0,36,13,10,12.833333333333334,1
1216524,2,Delhi Capitals,Death (15-19),2020,35,4,24,5,9,8.75,0
1216524,2,Delhi Capitals,Middle (6-14),2020,42,4,56,3,26,4.5,0
1216524,2,Delhi Capitals,Powerplay (0-5),2020,54,2,39,8,15,8.307692307692308,0
1216525,1,Royal Challengers Bangalore,Death (15-19),2020,74,0,35,8,4,12.685714285714287,1
1216525,1,Royal Challengers Bangalore,Middle (6-14),2020,59,3,55,4,17,6.4363636363636365,1
1216525,1,Royal Challengers Bangalore,Powerplay (0-5),2020,36,1,41,3,17,5.2682926829268295,1
1216525,2,Chennai Super Kings,Death (15-19),2020,36,5,30,2,10,7.2,0
1216525,2,Chennai Super Kings,Middle (6-14),2020,70,1,58,8,15,7.241379310344828,0
1216525,2,Chennai Super Kings,Powerplay (0-5),2020,26,2,37,3,23,4.216216216216216,0
1216526,1,Kolkata Knight Riders,Death (15-19),2020,53,0,30,7,8,10.6,0
1216526,1,Kolkata Knight Riders,Middle (6-14),2020,62,3,55,7,26,6.763636363636364,0
1216526,1,Kolkata Knight Riders,Powerplay (0-5),2020,33,2,40,4,20,4.95,0
1216526,2,Mumbai Indians,Death (15-19),2020,23,0,11,4,2,12.545454545454547,1
1216526,2,Mumbai Indians,Middle (6-14),2020,75,2,54,10,22,8.333333333333334,1
1216526,2,Mumbai Indians,Powerplay (0-5),2020,51,0,36,9,18,8.5,1
1216527,1,Kings XI Punjab,Death (15-19),2020,51,2,32,7,9,9.5625,0
1216527,1,Kings XI Punjab,Middle (6-14),2020,112,0,57,15,7,11.789473684210526,0
1216527,1,Kings XI Punjab,Powerplay (0-5),2020,60,0,38,9,14,9.473684210526317,0
1216527,2,Rajasthan Royals,Death (15-19),2020,86,4,27,14,7,19.11111111111111,1
1216527,2,Rajasthan Royals,Middle (6-14),2020,71,1,55,6,16,7.745454545454546,1
1216527,2,Rajasthan Royals,Powerplay (0-5),2020,69,1,41,12,18,10.097560975609756,1
1216528,1,Chennai Super Kings,Death (15-19),2020,51,4,31,7,9,9.870967741935484,1
1216528,1,Chennai Super Kings,Middle (6-14),2020,72,0,54,7,17,8.0,1
1216528,1,Chennai Super Kings,Powerplay (0-5),2020,44,2,37,7,21,7.135135135135135,1
1216528,2,Sunrisers Hyderabad,Death (15-19),2020,46,4,31,6,10,8.903225806451612,0
1216528,2,Sunrisers Hyderabad,Middle (6-14),2020,61,2,57,4,14,6.421052631578948,0
1216528,2,Sunrisers Hyderabad,Powerplay (0-5),2020,40,2,38,5,17,6.315789473684211,0
1216529,1,Delhi Capitals,Death (15-19),2020,51,1,32,5,3,9.5625,0
1216529,1,Delhi Capitals,Middle (6-14),2020,65,1,55,5,11,7.090909090909092,0
1216529,1,Delhi Capitals,Powerplay (0-5),2020,46,2,38,8,19,7.2631578947368425,0
1216529,2,Mumbai Indians,Death (15-19),2020,36,2,29,5,10,7.448275862068966,1
1216529,2,Mumbai Indians,Middle (6-14),2020,86,2,56,11,10,9.214285714285714,1
1216529,2,Mumbai Indians,Powerplay (0-5),2020,44,1,37,5,17,7.135135135135135,1
1216530,1,Kolkata Knight Riders,Death (15-19),2020,59,2,30,8,13,11.8,1
1216530,1,Kolkata Knight Riders,Middle (6-14),2020,77,4,56,10,21,8.25,1
1216530,1,Kolkata Knight Riders,Powerplay (0-5),2020,55,1,36,10,16,9.166666666666666,1
1216530,2,Rajasthan Royals,Death (15-19),2020,24,2,31,2,14,4.64516129032258,0
1216530,2,Rajasthan Royals,Middle (6-14),2020,66,2,54,7,21,7.333333333333333,0
1216530,2,Rajasthan Royals,Powerplay (0-5),2020,41,5,38,6,21,6.473684210526316,0
1216531,1,Royal Challengers Bangalore,Death (15-19),2020,49,3,31,5,8,9.483870967741934,0
1216531,1,Royal Challengers Bangalore,Middle (6-14),2020,65,2,56,4,13,6.9642857142857135,0
1216531,1,Royal Challengers Bangalore,Powerplay (0-5),2020,57,1,38,7,12,9.0,0
1216531,2,Kings XI Punjab,Death (15-19),2020,51,1,34,6,13,9.0,1
1216531,2,Kings XI Punjab,Middle (6-14),2020,70,1,55,6,18,7.636363636363637,1
1216531,2,Kings XI Punjab,Powerplay (0-5),2020,56,0,37,8,15,9.08108108108108,1
1216532,1,Sunrisers Hyderabad,Death (15-19),2020,45,2,30,6,9,9.0,1
1216532,1,Sunrisers Hyderabad,Middle (6-14),2020,79,2,57,6,9,8.31578947368421,1
1216532,1,Sunrisers Hyderabad,Powerplay (0-5),2020,38,0,36,3,15,6.333333333333333,1
1216532,2,Delhi Capitals,Death (15-19),2020,43,4,31,4,9,8.32258064516129,0
1216532,2,Delhi Capitals,Middle (6-14),2020,70,2,57,5,18,7.368421052631579,0
1216532,2,Delhi Capitals,Powerplay (0-5),2020,34,1,36,5,20,5.666666666666667,0
1216533,1,Chennai Super Kings,Death (15-19),2020,36,1,30,3,8,7.2,0
1216533,1,Chennai Super Kings,Middle (6-14),2020,46,2,56,3,26,4.928571428571428,0
1216533,1,Chennai Super Kings,Powerplay (0-5),2020,43,2,36,7,18,7.166666666666667,0
1216533,2,Rajasthan Royals,Death (15-19),2020,18,0,15,2,5,7.2,1
1216533,2,Rajasthan Royals,Middle (6-14),2020,77,0,55,9,18,8.4,1
1216533,2,Rajasthan Royals,Powerplay (0-5),2020,31,3,36,3,25,5.166666666666667,1
1216534,1,Royal Challengers Bangalore,Death (15-19),2020,47,3,30,6,7,9.4,1
1216534,1,Royal Challengers Bangalore,Middle (6-14),2020,63,2,54,3,11,7.0,1
1216534,1,Royal Challengers Bangalore,Powerplay (0-5),2020,53,0,40,8,18,7.949999999999999,1
1216534,2,Sunrisers Hyderabad,Death (15-19),2020,32,8,29,3,11,6.620689655172415,0
1216534,2,Sunrisers Hyderabad,Middle (6-14),2020,73,1,55,7,21,7.963636363636364,0
1216534,2,Sunrisers Hyderabad,Powerplay (0-5),2020,48,1,38,7,16,7.578947368421053,0
1216535,1,Delhi Capitals,Death (15-19),2020,32,3,30,2,15,6.4,0
1216535,1,Delhi Capitals,Middle (6-14),2020,56,4,55,5,23,6.109090909090909,0
1216535,1,Delhi Capitals,Powerplay (0-5),2020,22,2,37,3,24,3.5675675675675675,0
1216535,2,Mumbai Indians,Middle (6-14),2020,73,1,51,9,16,8.588235294117647,1
1216535,2,Mumbai Indians,Powerplay (0-5),2020,38,0,36,5,16,6.333333333333333,1
1216536,1,Kolkata Knight Riders,Death (15-19),2020,66,2,31,10,7,12.774193548387096,0
1216536,1,Kolkata Knight Riders,Middle (6-14),2020,58,3,54,6,18,6.444444444444445,0
1216536,1,Kolkata Knight Riders,Powerplay (0-5),2020,48,0,36,9,17,8.0,0
1216536,2,Chennai Super Kings,Death (15-19),2020,57,1,33,7,7,10.363636363636363,1
1216536,2,Chennai Super Kings,Middle (6-14),2020,77,3,55,9,12,8.4,1
1216536,2,Chennai Super Kings,Powerplay (0-5),2020,44,0,37,6,19,7.135135135135135,1
1216537,1,Kings XI Punjab,Death (15-19),2020,62,2,33,8,11,11.272727272727273,0
1216537,1,Kings XI Punjab,Middle (6-14),2020,70,1,56,7,16,7.499999999999999,0
1216537,1,Kings XI Punjab,Powerplay (0-5),2020,53,1,40,8,21,7.949999999999999,0
1216537,2,Rajasthan Royals,Death (15-19),2020,40,0,17,6,3,14.117647058823529,1
1216537,2,Rajasthan Royals,Middle (6-14),2020,80,2,55,10,15,8.727272727272728,1
1216537,2,Rajasthan Royals,Powerplay (0-5),2020,66,1,36,11,14,11.0,1
1216538,1,Mumbai Indians,Death (15-19),2020,61,1,31,9,9,11.806451612903226,1
1216538,1,Mumbai Indians,Middle (6-14),2020,99,2,55,11,10,10.8,1
1216538,1,Mumbai Indians,Powerplay (0-5),2020,48,2,37,9,19,7.783783783783783,1
1216538,2,Sunrisers Hyderabad,Death (15-19),2020,35,3,31,3,16,6.774193548387096,0
1216538,2,Sunrisers Hyderabad,Middle (6-14),2020,83,3,61,7,11,8.163934426229508,0
1216538,2,Sunrisers Hyderabad,Powerplay (0-5),2020,56,1,37,9,16,9.08108108108108,0
1216539,1,Delhi Capitals,Death (15-19),2020,51,1,31,6,7,9.870967741935484,1
1216539,1,Delhi Capitals,Middle (6-14),2020,88,2,55,12,12,9.600000000000001,1
1216539,1,Delhi Capitals,Powerplay (0-5),2020,36,0,37,4,17,5.837837837837838,1
1216539,2,Chennai Super Kings,Death (15-19),2020,36,4,32,3,10,6.75,0
1216539,2,Chennai Super Kings,Middle (6-14),2020,61,1,55,6,17,6.654545454545455,0
1216539,2,Chennai Super Kings,Powerplay (0-5),2020,34,2,37,4,19,5.513513513513513,0
1216540,1,Royal Challengers Bangalore,Death (15-19),2020,83,0,33,11,6,15.090909090909092,1
1216540,1,Royal Challengers Bangalore,Middle (6-14),2020,64,2,56,4,15,6.857142857142857,1
1216540,1,Royal Challengers Bangalore,Powerplay (0-5),2020,47,0,36,7,14,7.833333333333333,1
1216540,2,Kolkata Knight Riders,Death (15-19),2020,22,2,31,1,15,4.258064516129032,0
1216540,2,Kolkata Knight Riders,Middle (6-14),2020,47,6,54,4,23,5.222222222222222,0
1216540,2,Kolkata Knight Riders,Powerplay (0-5),2020,43,1,38,5,14,6.7894736842105265,0
1216541,1,Mumbai Indians,Death (15-19),2020,79,1,31,12,4,15.29032258064516,0
1216541,1,Mumbai Indians,Middle (6-14),2020,57,3,54,6,20,6.333333333333333,0
1216541,1,Mumbai Indians,Powerplay (0-5),2020,59,1,40,8,16,8.85,0
1216541,2,Rajasthan Royals,Death (15-19),2020,39,0,20,5,3,11.7,1
1216541,2,Rajasthan Royals,Middle (6-14),2020,102,0,60,13,14,10.2,1
1216541,2,Rajasthan Royals,Powerplay (0-5),2020,55,2,37,10,18,8.91891891891892,1
1216542,1,Sunrisers Hyderabad,Death (15-19),2020,41,6,30,5,13,8.2,1
1216542,1,Sunrisers Hyderabad,Middle (6-14),2020,102,0,57,10,11,10.736842105263158,1
1216542,1,Sunrisers Hyderabad,Powerplay (0-5),2020,58,0,38,9,15,9.157894736842106,1
1216542,2,Kings XI Punjab,Death (15-19),2020,6,2,11,1,8,3.272727272727273,0
1216542,2,Kings XI Punjab,Middle (6-14),2020,81,6,56,10,21,8.678571428571429,0
1216542,2,Kings XI Punjab,Powerplay (0-5),2020,45,2,36,5,15,7.5,0
1216543,1,Delhi Capitals,Death (15-19),2020,32,4,30,2,11,6.4,1
1216543,1,Delhi Capitals,Middle (6-14),2020,82,1,57,8,10,8.631578947368421,1
1216543,1,Delhi Capitals,Powerplay (0-5),2020,47,2,41,6,18,6.878048780487805,1
1216543,2,Rajasthan Royals,Death (15-19),2020,25,3,31,2,14,4.838709677419355,0
1216543,2,Rajasthan Royals,Middle (6-14),2020,73,3,57,8,16,7.684210526315789,0
1216543,2,Rajasthan Royals,Powerplay (0-5),2020,50,2,36,8,12,8.333333333333334,0
1216544,1,Royal Challengers Bangalore,Death (15-19),2020,44,4,34,3,6,7.764705882352941,0
1216544,1,Royal Challengers Bangalore,Middle (6-14),2020,55,1,54,4,16,6.111111111111111,0
1216544,1,Royal Challengers Bangalore,Powerplay (0-5),2020,46,1,39,6,15,7.076923076923077,0
1216544,2,Chennai Super Kings,Death (15-19),2020,23,0,22,3,11,6.272727272727273,1
1216544,2,Chennai Super Kings,Middle (6-14),2020,79,1,55,10,14,8.618181818181819,1
1216544,2,Chennai Super Kings,Powerplay (0-5),2020,48,1,36,6,16,8.0,1
1216545,1,Sunrisers Hyderabad,Death (15-19),2020,43,2,32,5,10,8.0625,0
1216545,1,Sunrisers Hyderabad,Middle (6-14),2020,59,1,55,3,16,6.4363636363636365,0
1216545,1,Sunrisers Hyderabad,Powerplay (0-5),2020,40,1,36,4,14,6.666666666666667,0
1216545,2,Kolkata Knight Riders,Death (15-19),2020,32,0,19,4,3,10.105263157894738,1
1216545,2,Kolkata Knight Riders,Middle (6-14),2020,61,1,56,4,13,6.535714285714286,1
1216545,2,Kolkata Knight Riders,Powerplay (0-5),2020,52,2,37,10,20,8.432432432432432,1
1216546,1,Delhi Capitals,Death (15-19),2020,47,2,31,4,5,9.096774193548386,0
1216546,1,Delhi Capitals,Middle (6-14),2020,64,2,54,6,13,7.111111111111111,0
1216546,1,Delhi Capitals,Powerplay (0-5),2020,53,1,38,9,17,8.368421052631579,0
1216546,2,Kings XI Punjab,Death (15-19),2020,26,1,24,3,10,6.5,1
1216546,2,Kings XI Punjab,Middle (6-14),2020,84,1,57,10,15,8.842105263157896,1
1216546,2,Kings XI Punjab,Powerplay (0-5),2020,57,3,39,8,16,8.76923076923077,1
1216547,1,Royal Challengers Bangalore,Death (15-19),2020,78,1,30,12,6,15.6,0
1216547,1,Royal Challengers Bangalore,Middle (6-14),2020,64,2,56,7,19,6.857142857142857,0
1216547,1,Royal Challengers Bangalore,Powerplay (0-5),2020,59,0,37,8,15,9.567567567567567,0
1216547,2,Mumbai Indians,Death (15-19),2020,89,1,31,12,2,17.225806451612904,0
1216547,2,Mumbai Indians,Middle (6-14),2020,77,2,57,6,11,8.105263157894736,0
1216547,2,Mumbai Indians,Powerplay (0-5),2020,35,2,37,4,20,5.675675675675675,0
1216547,3,Mumbai Indians,Powerplay (0-5),2020,7,1,6,1,3,7.0,0
1216547,4,Royal Challengers Bangalore,Powerplay (0-5),2020,11,0,6,2,1,11.0,0
1237177,1,Mumbai Indians,Death (15-19),2020,78,1,30,11,5,15.6,1
1237177,1,Mumbai Indians,Middle (6-14),2020,59,3,54,6,20,6.555555555555555,1
1237177,1,Mumbai Indians,Powerplay (0-5),2020,63,1,37,10,12,10.216216216216216,1
1237177,2,Delhi Capitals,Death (15-19),2020,31,3,34,3,15,5.470588235294118,0
1237177,2,Delhi Capitals,Middle (6-14),2020,80,1,54,10,16,8.88888888888889,0
1237177,2,Delhi Capitals,Powerplay (0-5),2020,32,4,38,6,25,5.052631578947369,0
1237178,1,Royal Challengers Bangalore,Death (15-19),2020,38,3,31,3,8,7.354838709677419,0
1237178,1,Royal Challengers Bangalore,Middle (6-14),2020,61,2,56,5,16,6.535714285714286,0
1237178,1,Royal Challengers Bangalore,Powerplay (0-5),2020,32,2,37,3,16,5.189189189189189,0
1237178,2,Sunrisers Hyderabad,Death (15-19),2020,45,0,28,6,5,9.642857142857142,1
1237178,2,Sunrisers Hyderabad,Middle (6-14),2020,39,2,55,1,26,4.254545454545455,1
1237178,2,Sunrisers Hyderabad,Powerplay (0-5),2020,48,2,40,7,21,7.199999999999999,1
1237180,1,Delhi Capitals,Death (15-19),2020,50,1,31,5,4,9.67741935483871,1
1237180,1,Delhi Capitals,Middle (6-14),2020,74,2,57,5,11,7.7894736842105265,1
1237180,1,Delhi Capitals,Powerplay (0-5),2020,65,0,37,11,12,10.54054054054054,1
1237180,2,Sunrisers Hyderabad,Death (15-19),2020,43,4,31,5,10,8.32258064516129,0
1237180,2,Sunrisers Hyderabad,Middle (6-14),2020,80,1,55,10,16,8.727272727272728,0
1237180,2,Sunrisers Hyderabad,Powerplay (0-5),2020,49,3,39,6,14,7.538461538461538,0
1237181,1,Delhi Capitals,Death (15-19),2020,38,3,30,5,12,7.6,0
1237181,1,Delhi Capitals,Middle (6-14),2020,77,1,57,7,13,8.105263157894736,0
1237181,1,Delhi Capitals,Powerplay (0-5),2020,41,3,36,7,17,6.833333333333333,0
1237181,2,Mumbai Indians,Death (15-19),2020,31,3,22,5,6,8.454545454545455,1
1237181,2,Mumbai Indians,Middle (6-14),2020,65,1,54,7,17,7.222222222222222,1
1237181,2,Mumbai Indians,Powerplay (0-5),2020,61,1,36,9,16,10.166666666666666,1
1254058,1,Mumbai Indians,Death (15-19),2021,31,6,32,4,16,5.8125,0
1254058,1,Mumbai Indians,Middle (6-14),2021,87,2,56,11,14,9.321428571428571,0
1254058,1,Mumbai Indians,Powerplay (0-5),2021,41,1,36,6,20,6.833333333333333,0
1254058,2,Royal Challengers Bangalore,Death (15-19),2021,54,3,30,6,5,10.8,1
1254058,2,Royal Challengers Bangalore,Middle (6-14),2021,60,3,57,5,21,6.315789473684211,1
1254058,2,Royal Challengers Bangalore,Powerplay (0-5),2021,46,2,39,5,18,7.076923076923077,1
1254059,1,Chennai Super Kings,Death (15-19),2021,52,3,31,7,6,10.064516129032258,0
1254059,1,Chennai Super Kings,Middle (6-14),2021,103,2,55,13,16,11.236363636363636,0
1254059,1,Chennai Super Kings,Powerplay (0-5),2021,33,2,37,6,24,5.351351351351351,0
1254059,2,Delhi Capitals,Death (15-19),2021,39,2,25,7,8,9.36,1
1254059,2,Delhi Capitals,Middle (6-14),2021,86,1,55,10,9,9.381818181818183,1
1254059,2,Delhi Capitals,Powerplay (0-5),2021,65,0,36,12,11,10.833333333333334,1
1254060,1,Kolkata Knight Riders,Death (15-19),2021,42,5,33,4,11,7.636363636363637,1
1254060,1,Kolkata Knight Riders,Middle (6-14),2021,95,1,54,12,12,10.555555555555555,1
1254060,1,Kolkata Knight Riders,Powerplay (0-5),2021,50,0,36,10,18,8.333333333333334,1
1254060,2,Sunrisers Hyderabad,Death (15-19),2021,58,2,33,6,7,10.545454545454545,0
1254060,2,Sunrisers Hyderabad,Middle (6-14),2021,84,1,56,10,15,9.0,0
1254060,2,Sunrisers Hyderabad,Powerplay (0-5),2021,35,2,36,3,20,5.833333333333333,0
1254061,1,Punjab Kings,Death (15-19),2021,60,4,33,9,10,10.909090909090908,1
1254061,1,Punjab Kings,Middle (6-14),2021,115,1,54,16,11,12.777777777777779,1
1254061,1,Punjab Kings,Powerplay (0-5),2021,46,1,39,6,15,7.076923076923077,1
1254061,2,Rajasthan Royals,Death (15-19),2021,63,3,33,9,10,11.454545454545455,0
1254061,2,Rajasthan Royals,Middle (6-14),2021,95,2,57,12,13,10.0,0
1254061,2,Rajasthan Royals,Powerplay (0-5),2021,59,2,37,12,17,9.567567567567567,0
1254062,1,Mumbai Indians,Death (15-19),2021,38,7,31,5,15,7.354838709677419,1
1254062,1,Mumbai Indians,Middle (6-14),2021,72,2,54,8,14,8.0,1
1254062,1,Mumbai Indians,Powerplay (0-5),2021,42,1,38,6,16,6.631578947368421,1
1254062,2,Kolkata Knight Riders,Death (15-19),2021,20,3,31,1,16,3.8709677419354835,0
1254062,2,Kolkata Knight Riders,Middle (6-14),2021,77,4,54,8,17,8.555555555555555,0
1254062,2,Kolkata Knight Riders,Powerplay (0-5),2021,45,0,37,8,20,7.297297297297297,0
1254063,1,Royal Challengers Bangalore,Death (15-19),2021,46,4,33,6,11,8.363636363636363,1
1254063,1,Royal Challengers Bangalore,Middle (6-14),2021,56,3,56,6,24,6.0,1
1254063,1,Royal Challengers Bangalore,Powerplay (0-5),2021,47,1,38,6,14,7.421052631578948,1
1254063,2,Sunrisers Hyderabad,Death (15-19),2021,35,7,32,2,14,6.5625,0
1254063,2,Sunrisers Hyderabad,Middle (6-14),2021,58,1,55,6,23,6.327272727272728,0
1254063,2,Sunrisers Hyderabad,Powerplay (0-5),2021,50,1,39,7,20,7.6923076923076925,0
1254064,1,Delhi Capitals,Death (15-19),2021,45,2,31,5,6,8.709677419354838,0
1254064,1,Delhi Capitals,Middle (6-14),2021,66,3,56,10,23,7.071428571428571,0
1254064,1,Delhi Capitals,Powerplay (0-5),2021,36,3,37,5,18,5.837837837837838,0
1254064,2,Rajasthan Royals,Death (15-19),2021,60,1,28,7,6,12.857142857142856,1
1254064,2,Rajasthan Royals,Middle (6-14),2021,64,3,55,8,17,6.981818181818182,1
1254064,2,Rajasthan Royals,Powerplay (0-5),2021,26,3,36,4,24,4.333333333333333,1
1254065,1,Punjab Kings,Death (15-19),2021,33,2,32,3,13,6.1875,0
1254065,1,Punjab Kings,Middle (6-14),2021,47,2,55,5,27,5.127272727272728,0
1254065,1,Punjab Kings,Powerplay (0-5),2021,26,4,37,4,24,4.216216216216216,0
1254065,2,Chennai Super Kings,Death (15-19),2021,5,0,4,1,2,7.5,1
1254065,2,Chennai Super Kings,Middle (6-14),2021,70,3,56,10,24,7.499999999999999,1
1254065,2,Chennai Super Kings,Powerplay (0-5),2021,32,1,36,4,23,5.333333333333333,1
1254066,1,Mumbai Indians,Death (15-19),2021,49,2,32,5,9,9.1875,1
1254066,1,Mumbai Indians,Middle (6-14),2021,48,3,55,4,24,5.236363636363636,1
1254066,1,Mumbai Indians,Powerplay (0-5),2021,53,0,38,7,16,8.368421052631579,1
1254066,2,Sunrisers Hyderabad,Death (15-19),2021,33,5,28,3,11,7.071428571428571,0
1254066,2,Sunrisers Hyderabad,Middle (6-14),2021,47,5,55,3,26,5.127272727272728,0
1254066,2,Sunrisers Hyderabad,Powerplay (0-5),2021,57,0,37,9,17,9.243243243243242,0
1254067,1,Royal Challengers Bangalore,Death (15-19),2021,70,1,32,12,8,13.125,1
1254067,1,Royal Challengers Bangalore,Middle (6-14),2021,89,1,58,11,15,9.206896551724139,1
1254067,1,Royal Challengers Bangalore,Powerplay (0-5),2021,45,2,38,6,16,7.105263157894737,1
1254067,2,Kolkata Knight Riders,Death (15-19),2021,45,3,31,6,10,8.709677419354838,0
1254067,2,Kolkata Knight Riders,Middle (6-14),2021,64,3,55,7,19,6.981818181818182,0
1254067,2,Kolkata Knight Riders,Powerplay (0-5),2021,57,2,37,10,16,9.243243243243242,0
1254068,1,Punjab Kings,Death (15-19),2021,55,3,31,7,8,10.64516129032258,0
1254068,1,Punjab Kings,Middle (6-14),2021,81,1,54,10,15,9.0,0
1254068,1,Punjab Kings,Powerplay (0-5),2021,59,0,37,10,17,9.567567567567567,0
1254068,2,Delhi Capitals,Death (15-19),2021,46,1,23,6,3,12.0,1
1254068,2,Delhi Capitals,Middle (6-14),2021,90,2,56,11,15,9.642857142857142,1
1254068,2,Delhi Capitals,Powerplay (0-5),2021,62,1,36,10,12,10.333333333333334,1
1254069,1,Chennai Super Kings,Death (15-19),2021,61,4,33,7,7,11.090909090909092,1
1254069,1,Chennai Super Kings,Middle (6-14),2021,81,3,60,8,24,8.1,1
1254069,1,Chennai Super Kings,Powerplay (0-5),2021,46,2,36,7,15,7.666666666666667,1
1254069,2,Rajasthan Royals,Death (15-19),2021,46,2,33,5,13,8.363636363636363,0
1254069,2,Rajasthan Royals,Middle (6-14),2021,52,5,59,5,26,5.288135593220339,0
1254069,2,Rajasthan Royals,Powerplay (0-5),2021,45,2,37,6,19,7.297297297297297,0
1254070,1,Mumbai Indians,Death (15-19),2021,36,3,30,3,10,7.2,0
1254070,1,Mumbai Indians,Middle (6-14),2021,46,5,54,3,24,5.111111111111111,0
1254070,1,Mumbai Indians,Powerplay (0-5),2021,55,1,36,8,14,9.166666666666666,0
1254070,2,Delhi Capitals,Death (15-19),2021,37,1,29,4,9,7.655172413793104,1
1254070,2,Delhi Capitals,Middle (6-14),2021,62,2,55,6,20,6.763636363636364,1
1254070,2,Delhi Capitals,Powerplay (0-5),2021,39,1,37,5,17,6.324324324324324,1
1254071,1,Punjab Kings,Death (15-19),2021,26,4,28,1,9,5.571428571428571,0
1254071,1,Punjab Kings,Middle (6-14),2021,62,5,56,5,23,6.642857142857142,0
1254071,1,Punjab Kings,Powerplay (0-5),2021,32,1,36,3,16,5.333333333333333,0
1254071,2,Sunrisers Hyderabad,Death (15-19),2021,26,0,23,2,7,6.782608695652174,1
1254071,2,Sunrisers Hyderabad,Middle (6-14),2021,45,1,55,1,23,4.909090909090909,1
1254071,2,Sunrisers Hyderabad,Powerplay (0-5),2021,50,0,38,7,16,7.894736842105264,1
1254072,1,Chennai Super Kings,Death (15-19),2021,76,2,34,13,11,13.411764705882351,1
1254072,1,Chennai Super Kings,Middle (6-14),2021,90,1,58,10,14,9.310344827586208,1
1254072,1,Chennai Super Kings,Powerplay (0-5),2021,54,0,37,8,14,8.756756756756756,1
1254072,2,Kolkata Knight Riders,Death (15-19),2021,56,3,28,7,11,12.0,0
1254072,2,Kolkata Knight Riders,Middle (6-14),2021,101,2,57,15,19,10.631578947368421,0
1254072,2,Kolkata Knight Riders,Powerplay (0-5),2021,45,5,38,8,22,7.105263157894737,0
1254073,1,Rajasthan Royals,Death (15-19),2021,49,4,34,6,11,8.647058823529411,0
1254073,1,Rajasthan Royals,Middle (6-14),2021,96,2,57,13,15,10.105263157894736,0
1254073,1,Rajasthan Royals,Powerplay (0-5),2021,32,3,37,6,23,5.189189189189189,0
1254073,2,Royal Challengers Bangalore,Death (15-19),2021,19,0,10,2,2,11.4,1
1254073,2,Royal Challengers Bangalore,Middle (6-14),2021,103,0,54,14,8,11.444444444444445,1
1254073,2,Royal Challengers Bangalore,Powerplay (0-5),2021,59,0,37,10,15,9.567567567567567,1
1254074,1,Mumbai Indians,Death (15-19),2021,34,4,31,2,11,6.580645161290322,0
1254074,1,Mumbai Indians,Middle (6-14),2021,76,1,55,9,15,8.290909090909091,0
1254074,1,Mumbai Indians,Powerplay (0-5),2021,21,1,36,1,18,3.5,0
1254074,2,Punjab Kings,Death (15-19),2021,33,0,19,5,5,10.421052631578949,1
1254074,2,Punjab Kings,Middle (6-14),2021,54,1,54,6,24,6.0,1
1254074,2,Punjab Kings,Powerplay (0-5),2021,45,0,37,7,19,7.297297297297297,1
1254075,1,Kolkata Knight Riders,Death (15-19),2021,40,5,34,5,16,7.0588235294117645,0
1254075,1,Kolkata Knight Riders,Middle (6-14),2021,68,3,54,7,18,7.555555555555555,0
1254075,1,Kolkata Knight Riders,Powerplay (0-5),2021,25,1,38,2,22,3.947368421052632,0
1254075,2,Rajasthan Royals,Death (15-19),2021,30,0,25,3,7,7.199999999999999,1
1254075,2,Rajasthan Royals,Middle (6-14),2021,54,2,57,3,22,5.684210526315789,1
1254075,2,Rajasthan Royals,Powerplay (0-5),2021,50,2,38,9,19,7.894736842105264,1
1254076,1,Chennai Super Kings,Death (15-19),2021,74,1,32,10,5,13.875,1
1254076,1,Chennai Super Kings,Middle (6-14),2021,66,3,55,8,25,7.2,1
1254076,1,Chennai Super Kings,Powerplay (0-5),2021,51,0,38,8,14,8.052631578947368,1
1254076,2,Royal Challengers Bangalore,Death (15-19),2021,27,1,30,2,15,5.4,0
1254076,2,Royal Challengers Bangalore,Middle (6-14),2021,30,6,56,2,34,3.214285714285714,0
1254076,2,Royal Challengers Bangalore,Powerplay (0-5),2021,65,2,39,10,14,10.0,0
1254077,1,Delhi Capitals,Death (15-19),2021,43,2,30,6,8,8.6,0
1254077,1,Delhi Capitals,Middle (6-14),2021,65,2,56,6,18,6.9642857142857135,0
1254077,1,Delhi Capitals,Powerplay (0-5),2021,51,0,37,8,13,8.27027027027027,0
1254077,2,Sunrisers Hyderabad,Death (15-19),2021,49,3,33,5,9,8.909090909090908,0
1254077,2,Sunrisers Hyderabad,Middle (6-14),2021,54,2,55,5,23,5.8909090909090915,0
1254077,2,Sunrisers Hyderabad,Powerplay (0-5),2021,56,2,37,9,17,9.08108108108108,0
1254077,3,Sunrisers Hyderabad,Powerplay (0-5),2021,7,0,6,1,3,7.0,0
1254077,4,Delhi Capitals,Powerplay (0-5),2021,8,0,6,1,4,8.0,0
1254078,1,Punjab Kings,Death (15-19),2021,41,3,31,5,14,7.935483870967741,0
1254078,1,Punjab Kings,Middle (6-14),2021,45,5,56,3,26,4.821428571428571,0
1254078,1,Punjab Kings,Powerplay (0-5),2021,37,1,37,5,20,6.0,0
1254078,2,Kolkata Knight Riders,Death (15-19),2021,24,0,10,4,1,14.399999999999999,1
1254078,2,Kolkata Knight Riders,Middle (6-14),2021,60,2,54,7,23,6.666666666666667,1
1254078,2,Kolkata Knight Riders,Powerplay (0-5),2021,42,3,37,8,22,6.8108108108108105,1
1254079,1,Royal Challengers Bangalore,Death (15-19),2021,56,1,31,6,6,10.838709677419354,1
1254079,1,Royal Challengers Bangalore,Middle (6-14),2021,79,2,54,6,10,8.777777777777779,1
1254079,1,Royal Challengers Bangalore,Powerplay (0-5),2021,36,2,37,6,20,5.837837837837838,1
1254079,2,Delhi Capitals,Death (15-19),2021,59,0,30,7,4,11.8,0
1254079,2,Delhi Capitals,Middle (6-14),2021,68,2,56,7,14,7.285714285714286,0
1254079,2,Delhi Capitals,Powerplay (0-5),2021,43,2,36,6,17,7.166666666666667,0
1254080,1,Sunrisers Hyderabad,Death (15-19),2021,58,2,31,9,7,11.225806451612902,0
1254080,1,Sunrisers Hyderabad,Middle (6-14),2021,74,0,57,6,14,7.7894736842105265,0
1254080,1,Sunrisers Hyderabad,Powerplay (0-5),2021,39,1,38,4,15,6.157894736842105,0
1254080,2,Chennai Super Kings,Death (15-19),2021,25,0,22,4,9,6.818181818181818,1
1254080,2,Chennai Super Kings,Middle (6-14),2021,98,3,55,15,10,10.690909090909091,1
1254080,2,Chennai Super Kings,Powerplay (0-5),2021,50,0,37,7,13,8.108108108108107,1
1254081,1,Rajasthan Royals,Death (15-19),2021,45,2,31,5,8,8.709677419354838,0
1254081,1,Rajasthan Royals,Middle (6-14),2021,79,2,57,9,13,8.31578947368421,0
1254081,1,Rajasthan Royals,Powerplay (0-5),2021,47,0,36,7,17,7.833333333333333,0
1254081,2,Mumbai Indians,Death (15-19),2021,41,1,21,6,6,11.714285714285714,1
1254081,2,Mumbai Indians,Middle (6-14),2021,82,1,56,8,13,8.785714285714285,1
1254081,2,Mumbai Indians,Powerplay (0-5),2021,49,1,36,5,16,8.166666666666666,1
1254082,1,Kolkata Knight Riders,Death (15-19),2021,59,1,31,8,11,11.419354838709676,0
1254082,1,Kolkata Knight Riders,Middle (6-14),2021,50,4,54,3,20,5.555555555555555,0
1254082,1,Kolkata Knight Riders,Powerplay (0-5),2021,45,1,36,6,13,7.5,0
1254082,2,Delhi Capitals,Death (15-19),2021,10,2,9,2,6,6.666666666666667,1
1254082,2,Delhi Capitals,Middle (6-14),2021,79,1,57,9,18,8.31578947368421,1
1254082,2,Delhi Capitals,Powerplay (0-5),2021,67,0,38,12,13,10.578947368421053,1
1254083,1,Punjab Kings,Death (15-19),2021,60,0,30,8,4,12.0,1
1254083,1,Punjab Kings,Middle (6-14),2021,70,4,56,8,21,7.499999999999999,1
1254083,1,Punjab Kings,Powerplay (0-5),2021,49,1,38,8,16,7.736842105263158,1
1254083,2,Royal Challengers Bangalore,Death (15-19),2021,53,3,30,7,9,10.6,0
1254083,2,Royal Challengers Bangalore,Middle (6-14),2021,56,4,56,5,26,6.0,0
1254083,2,Royal Challengers Bangalore,Powerplay (0-5),2021,36,1,36,4,16,6.0,0
1254084,1,Chennai Super Kings,Death (15-19),2021,82,0,36,11,1,13.666666666666666,0
1254084,1,Chennai Super Kings,Middle (6-14),2021,87,3,56,11,17,9.321428571428571,0
1254084,1,Chennai Super Kings,Powerplay (0-5),2021,49,1,36,8,19,8.166666666666666,0
1254084,2,Mumbai Indians,Death (15-19),2021,66,3,32,10,10,12.375,1
1254084,2,Mumbai Indians,Middle (6-14),2021,95,3,58,11,14,9.827586206896552,1
1254084,2,Mumbai Indians,Powerplay (0-5),2021,58,0,38,9,12,9.157894736842106,1
1254085,1,Rajasthan Royals,Death (15-19),2021,74,2,34,10,5,13.058823529411764,1
1254085,1,Rajasthan Royals,Middle (6-14),2021,104,0,58,13,12,10.758620689655173,1
1254085,1,Rajasthan Royals,Powerplay (0-5),2021,42,1,36,6,20,7.0,1
1254085,2,Sunrisers Hyderabad,Death (15-19),2021,36,3,33,4,12,6.545454545454546,0
1254085,2,Sunrisers Hyderabad,Middle (6-14),2021,72,5,57,7,15,7.578947368421052,0
1254085,2,Sunrisers Hyderabad,Powerplay (0-5),2021,57,0,37,9,15,9.243243243243242,0
1254086,1,Punjab Kings,Death (15-19),2021,64,2,32,9,5,12.0,0
1254086,1,Punjab Kings,Middle (6-14),2021,63,2,54,5,17,7.0,0
1254086,1,Punjab Kings,Powerplay (0-5),2021,39,2,36,4,14,6.5,0
1254086,2,Delhi Capitals,Death (15-19),2021,28,1,18,3,5,9.333333333333334,1
1254086,2,Delhi Capitals,Middle (6-14),2021,76,2,54,7,14,8.444444444444445,1
1254086,2,Delhi Capitals,Powerplay (0-5),2021,63,0,37,10,12,10.216216216216216,1
1254087,1,Royal Challengers Bangalore,Death (15-19),2021,17,3,24,2,15,4.25,0
1254087,1,Royal Challengers Bangalore,Middle (6-14),2021,34,5,55,1,30,3.7090909090909094,0
1254087,1,Royal Challengers Bangalore,Powerplay (0-5),2021,41,2,39,5,18,6.3076923076923075,0
1254087,2,Kolkata Knight Riders,Middle (6-14),2021,38,1,25,6,8,9.12,1
1254087,2,Kolkata Knight Riders,Powerplay (0-5),2021,56,0,40,9,17,8.4,1
1254088,1,Mumbai Indians,Death (15-19),2021,58,4,31,11,12,11.225806451612902,1
1254088,1,Mumbai Indians,Middle (6-14),2021,94,4,57,12,15,9.894736842105264,1
1254088,1,Mumbai Indians,Powerplay (0-5),2021,83,1,37,15,6,13.45945945945946,1
1254088,2,Sunrisers Hyderabad,Death (15-19),2021,37,4,32,5,11,6.9375,0
1254088,2,Sunrisers Hyderabad,Middle (6-14),2021,86,3,55,9,10,9.381818181818183,0
1254088,2,Sunrisers Hyderabad,Powerplay (0-5),2021,70,1,37,11,11,11.35135135135135,0
1254089,1,Chennai Super Kings,Death (15-19),2021,73,1,33,11,5,13.272727272727273,0
1254089,1,Chennai Super Kings,Middle (6-14),2021,72,3,56,7,14,7.7142857142857135,0
1254089,1,Chennai Super Kings,Powerplay (0-5),2021,44,0,36,6,14,7.333333333333333,0
1254089,2,Rajasthan Royals,Death (15-19),2021,25,1,16,3,5,9.375,1
1254089,2,Rajasthan Royals,Middle (6-14),2021,84,1,59,10,18,8.542372881355933,1
1254089,2,Rajasthan Royals,Powerplay (0-5),2021,81,1,36,14,10,13.5,1
1254090,1,Royal Challengers Bangalore,Death (15-19),2021,55,4,32,7,9,10.3125,1
1254090,1,Royal Challengers Bangalore,Middle (6-14),2021,54,3,54,5,30,6.0,1
1254090,1,Royal Challengers Bangalore,Powerplay (0-5),2021,55,0,39,8,15,8.461538461538462,1
1254090,2,Punjab Kings,Death (15-19),2021,45,4,31,5,10,8.709677419354838,0
1254090,2,Punjab Kings,Middle (6-14),2021,64,2,56,7,19,6.857142857142857,0
1254090,2,Punjab Kings,Powerplay (0-5),2021,49,0,39,5,14,7.538461538461538,0
1254091,1,Sunrisers Hyderabad,Death (15-19),2021,37,3,31,3,8,7.161290322580645,0
1254091,1,Sunrisers Hyderabad,Middle (6-14),2021,56,3,58,3,20,5.793103448275862,0
1254091,1,Sunrisers Hyderabad,Powerplay (0-5),2021,41,1,36,5,19,6.833333333333333,0
1254091,2,Chennai Super Kings,Death (15-19),2021,34,2,29,4,12,7.03448275862069,1
1254091,2,Chennai Super Kings,Middle (6-14),2021,58,2,55,6,22,6.327272727272728,1
1254091,2,Chennai Super Kings,Powerplay (0-5),2021,47,0,37,7,20,7.621621621621621,1
1254092,1,Delhi Capitals,Death (15-19),2021,38,4,33,4,10,6.909090909090909,0
1254092,1,Delhi Capitals,Middle (6-14),2021,50,4,54,4,20,5.555555555555555,0
1254092,1,Delhi Capitals,Powerplay (0-5),2021,39,1,37,6,17,6.324324324324324,0
1254092,2,Kolkata Knight Riders,Death (15-19),2021,32,2,22,4,10,8.727272727272728,1
1254092,2,Kolkata Knight Riders,Middle (6-14),2021,54,3,54,6,28,6.0,1
1254092,2,Kolkata Knight Riders,Powerplay (0-5),2021,44,2,37,5,15,7.135135135135135,1
1254093,1,Rajasthan Royals,Death (15-19),2021,19,3,31,2,22,3.6774193548387095,0
1254093,1,Rajasthan Royals,Middle (6-14),2021,30,4,54,0,25,3.3333333333333335,0
1254093,1,Rajasthan Royals,Powerplay (0-5),2021,41,2,38,7,20,6.473684210526316,0
1254093,2,Mumbai Indians,Middle (6-14),2021,38,0,16,5,5,14.25,1
1254093,2,Mumbai Indians,Powerplay (0-5),2021,56,2,37,9,18,9.08108108108108,1
1254094,1,Chennai Super Kings,Death (15-19),2021,52,1,32,7,8,9.75,0
1254094,1,Chennai Super Kings,Middle (6-14),2021,52,3,58,5,23,5.379310344827586,0
1254094,1,Chennai Super Kings,Powerplay (0-5),2021,30,2,37,3,18,4.864864864864865,0
1254094,2,Punjab Kings,Middle (6-14),2021,88,2,46,10,9,11.478260869565217,1
1254094,2,Punjab Kings,Powerplay (0-5),2021,51,2,37,9,18,8.27027027027027,1
1254095,1,Sunrisers Hyderabad,Death (15-19),2021,34,3,31,4,12,6.580645161290322,1
1254095,1,Sunrisers Hyderabad,Middle (6-14),2021,57,3,54,4,19,6.333333333333333,1
1254095,1,Sunrisers Hyderabad,Powerplay (0-5),2021,50,1,39,8,16,7.6923076923076925,1
1254095,2,Royal Challengers Bangalore,Death (15-19),2021,39,2,30,4,9,7.8,0
1254095,2,Royal Challengers Bangalore,Middle (6-14),2021,61,2,55,6,21,6.654545454545455,0
1254095,2,Royal Challengers Bangalore,Powerplay (0-5),2021,37,2,37,6,22,6.0,0
1254096,1,Mumbai Indians,Death (15-19),2021,49,3,33,6,12,8.909090909090908,0
1254096,1,Mumbai Indians,Middle (6-14),2021,50,3,57,3,20,5.2631578947368425,0
1254096,1,Mumbai Indians,Powerplay (0-5),2021,56,0,38,8,14,8.842105263157896,0
1254096,2,Kolkata Knight Riders,Death (15-19),2021,4,0,1,1,0,24.0,1
1254096,2,Kolkata Knight Riders,Middle (6-14),2021,92,2,55,12,19,10.036363636363637,1
1254096,2,Kolkata Knight Riders,Powerplay (0-5),2021,63,1,37,9,12,10.216216216216216,1
1254097,1,Delhi Capitals,Death (15-19),2021,50,2,34,5,7,8.823529411764705,1
1254097,1,Delhi Capitals,Middle (6-14),2021,68,2,54,5,11,7.555555555555555,1
1254097,1,Delhi Capitals,Powerplay (0-5),2021,36,2,38,3,16,5.684210526315789,1
1254097,2,Rajasthan Royals,Death (15-19),2021,39,1,33,3,9,7.090909090909091,0
1254097,2,Rajasthan Royals,Middle (6-14),2021,61,2,56,7,20,6.535714285714286,0
1254097,2,Rajasthan Royals,Powerplay (0-5),2021,21,3,36,0,21,3.5,0
1254098,1,Kolkata Knight Riders,Death (15-19),2021,53,2,33,7,7,9.636363636363637,0
1254098,1,Kolkata Knight Riders,Middle (6-14),2021,68,2,55,6,15,7.418181818181819,0
1254098,1,Kolkata Knight Riders,Powerplay (0-5),2021,50,2,38,8,15,7.894736842105264,0
1254098,2,Chennai Super Kings,Death (15-19),2021,45,5,32,4,11,8.4375,1
1254098,2,Chennai Super Kings,Middle (6-14),2021,75,3,55,8,14,8.181818181818182,1
1254098,2,Chennai Super Kings,Powerplay (0-5),2021,52,0,36,9,16,8.666666666666666,1
1254099,1,Punjab Kings,Death (15-19),2021,30,2,30,1,12,6.0,0
1254099,1,Punjab Kings,Middle (6-14),2021,67,3,55,7,17,7.3090909090909095,0
1254099,1,Punjab Kings,Powerplay (0-5),2021,38,1,38,4,14,6.0,0
1254099,2,Mumbai Indians,Death (15-19),2021,45,1,25,7,9,10.799999999999999,1
1254099,2,Mumbai Indians,Middle (6-14),2021,62,1,54,6,17,6.888888888888889,1
1254099,2,Mumbai Indians,Powerplay (0-5),2021,30,2,37,3,19,4.864864864864865,1
1254100,1,Rajasthan Royals,Death (15-19),2021,51,2,32,5,7,9.5625,0
1254100,1,Rajasthan Royals,Middle (6-14),2021,64,2,55,6,19,6.981818181818182,0
1254100,1,Rajasthan Royals,Powerplay (0-5),2021,49,1,36,8,12,8.166666666666666,0
1254100,2,Sunrisers Hyderabad,Death (15-19),2021,36,0,25,4,6,8.639999999999999,1
1254100,2,Sunrisers Hyderabad,Middle (6-14),2021,68,2,57,7,17,7.157894736842105,1
1254100,2,Sunrisers Hyderabad,Powerplay (0-5),2021,63,1,37,9,14,10.216216216216216,1
1254101,1,Delhi Capitals,Death (15-19),2021,36,2,33,3,12,6.545454545454546,0
1254101,1,Delhi Capitals,Middle (6-14),2021,73,3,54,8,17,8.11111111111111,0
1254101,1,Delhi Capitals,Powerplay (0-5),2021,55,0,39,7,10,8.461538461538462,0
1254101,2,Royal Challengers Bangalore,Death (15-19),2021,58,0,32,6,4,10.875,1
1254101,2,Royal Challengers Bangalore,Middle (6-14),2021,79,1,55,10,15,8.618181818181819,1
1254101,2,Royal Challengers Bangalore,Powerplay (0-5),2021,29,2,38,2,19,4.578947368421053,1
1254102,1,Kolkata Knight Riders,Death (15-19),2021,44,4,31,3,10,8.516129032258064,0
1254102,1,Kolkata Knight Riders,Middle (6-14),2021,73,2,55,9,14,7.963636363636364,0
1254102,1,Kolkata Knight Riders,Powerplay (0-5),2021,48,1,38,7,14,7.578947368421053,0
1254102,2,Punjab Kings,Death (15-19),2021,47,3,29,6,8,9.724137931034484,1
1254102,2,Punjab Kings,Middle (6-14),2021,75,2,56,5,11,8.035714285714285,1
1254102,2,Punjab Kings,Powerplay (0-5),2021,46,0,36,6,15,7.666666666666667,1
1254103,1,Rajasthan Royals,Death (15-19),2021,29,4,31,2,10,5.612903225806451,0
1254103,1,Rajasthan Royals,Middle (6-14),2021,64,5,56,7,22,6.857142857142857,0
1254103,1,Rajasthan Royals,Powerplay (0-5),2021,56,0,36,8,14,9.333333333333334,0
1254103,2,Royal Challengers Bangalore,Death (15-19),2021,30,1,13,5,2,13.846153846153847,1
1254103,2,Royal Challengers Bangalore,Middle (6-14),2021,69,1,56,7,12,7.392857142857142,1
1254103,2,Royal Challengers Bangalore,Powerplay (0-5),2021,54,1,38,8,17,8.526315789473685,1
1254104,1,Chennai Super Kings,Death (15-19),2021,69,2,31,10,7,13.354838709677418,1
1254104,1,Chennai Super Kings,Middle (6-14),2021,63,0,58,4,21,6.517241379310345,1
1254104,1,Chennai Super Kings,Powerplay (0-5),2021,24,5,36,4,26,4.0,1
1254104,2,Mumbai Indians,Death (15-19),2021,39,2,33,3,8,7.090909090909091,0
1254104,2,Mumbai Indians,Middle (6-14),2021,56,3,55,5,18,6.109090909090909,0
1254104,2,Mumbai Indians,Powerplay (0-5),2021,41,3,36,7,20,6.833333333333333,0
1254105,1,Sunrisers Hyderabad,Death (15-19),2021,44,4,33,6,14,8.0,0
1254105,1,Sunrisers Hyderabad,Middle (6-14),2021,58,3,57,4,19,6.105263157894737,0
1254105,1,Sunrisers Hyderabad,Powerplay (0-5),2021,32,2,36,3,22,5.333333333333333,0
1254105,2,Delhi Capitals,Death (15-19),2021,40,0,20,5,2,12.0,1
1254105,2,Delhi Capitals,Middle (6-14),2021,60,1,55,7,22,6.545454545454546,1
1254105,2,Delhi Capitals,Powerplay (0-5),2021,39,1,36,6,19,6.5,1
1254106,1,Kolkata Knight Riders,Death (15-19),2021,44,2,32,4,13,8.25,1
1254106,1,Kolkata Knight Riders,Middle (6-14),2021,93,2,57,11,10,9.789473684210526,1
1254106,1,Kolkata Knight Riders,Powerplay (0-5),2021,34,0,38,4,20,5.368421052631579,1
1254106,2,Rajasthan Royals,Death (15-19),2021,2,2,7,0,6,1.7142857142857142,0
1254106,2,Rajasthan Royals,Middle (6-14),2021,66,4,54,10,30,7.333333333333333,0
1254106,2,Rajasthan Royals,Powerplay (0-5),2021,17,4,36,1,24,2.8333333333333335,0
1254107,1,Punjab Kings,Death (15-19),2021,32,2,32,2,13,6.0,1
1254107,1,Punjab Kings,Middle (6-14),2021,64,3,55,5,14,6.981818181818182,1
1254107,1,Punjab Kings,Powerplay (0-5),2021,29,2,36,3,21,4.833333333333333,1
1254107,2,Sunrisers Hyderabad,Death (15-19),2021,45,2,31,4,11,8.709677419354838,0
1254107,2,Sunrisers Hyderabad,Middle (6-14),2021,55,3,56,2,18,5.892857142857142,0
1254107,2,Sunrisers Hyderabad,Powerplay (0-5),2021,20,2,36,1,23,3.3333333333333335,0
1254108,1,Royal Challengers Bangalore,Death (15-19),2021,46,4,32,7,12,8.625,1
1254108,1,Royal Challengers Bangalore,Middle (6-14),2021,71,1,58,7,24,7.344827586206897,1
1254108,1,Royal Challengers Bangalore,Powerplay (0-5),2021,48,1,37,7,19,7.783783783783783,1
1254108,2,Mumbai Indians,Death (15-19),2021,12,5,20,1,12,3.5999999999999996,0
1254108,2,Mumbai Indians,Middle (6-14),2021,43,5,56,2,24,4.607142857142857,0
1254108,2,Mumbai Indians,Powerplay (0-5),2021,56,0,38,9,15,8.842105263157896,0
1254109,1,Sunrisers Hyderabad,Death (15-19),2021,36,3,30,4,10,7.2,0
1254109,1,Sunrisers Hyderabad,Middle (6-14),2021,44,3,54,2,23,4.888888888888889,0
1254109,1,Sunrisers Hyderabad,Powerplay (0-5),2021,35,2,37,6,24,5.675675675675675,0
1254109,2,Kolkata Knight Riders,Death (15-19),2021,35,2,28,5,9,7.499999999999999,1
1254109,2,Kolkata Knight Riders,Middle (6-14),2021,48,1,56,7,31,5.142857142857142,1
1254109,2,Kolkata Knight Riders,Powerplay (0-5),2021,36,1,36,5,19,6.0,1
1254110,1,Chennai Super Kings,Death (15-19),2021,43,1,31,5,10,8.32258064516129,0
1254110,1,Chennai Super Kings,Middle (6-14),2021,45,2,56,2,19,4.821428571428571,0
1254110,1,Chennai Super Kings,Powerplay (0-5),2021,48,2,39,5,17,7.384615384615385,0
1254110,2,Delhi Capitals,Death (15-19),2021,40,1,31,4,9,7.741935483870967,1
1254110,2,Delhi Capitals,Middle (6-14),2021,48,4,55,4,27,5.236363636363636,1
1254110,2,Delhi Capitals,Powerplay (0-5),2021,51,2,38,8,17,8.052631578947368,1
1254111,1,Rajasthan Royals,Death (15-19),2021,45,6,32,5,12,8.4375,1
1254111,1,Rajasthan Royals,Middle (6-14),2021,83,3,56,10,17,8.892857142857142,1
1254111,1,Rajasthan Royals,Powerplay (0-5),2021,57,1,37,11,17,9.243243243243242,1
1254111,2,Punjab Kings,Death (15-19),2021,35,2,31,3,11,6.774193548387096,0
1254111,2,Punjab Kings,Middle (6-14),2021,99,2,59,13,10,10.067796610169491,0
1254111,2,Punjab Kings,Powerplay (0-5),2021,49,0,38,5,11,7.736842105263158,0
1254112,1,Mumbai Indians,Death (15-19),2021,42,3,31,6,13,8.129032258064516,0
1254112,1,Mumbai Indians,Middle (6-14),2021,52,4,58,4,21,5.379310344827586,0
1254112,1,Mumbai Indians,Powerplay (0-5),2021,35,1,37,4,20,5.675675675675675,0
1254112,2,Delhi Capitals,Death (15-19),2021,32,0,26,3,7,7.384615384615385,1
1254112,2,Delhi Capitals,Middle (6-14),2021,54,3,57,3,20,5.684210526315789,1
1254112,2,Delhi Capitals,Powerplay (0-5),2021,46,3,36,7,18,7.666666666666667,1
1254113,1,Royal Challengers Bangalore,Death (15-19),2021,38,5,30,3,12,7.6,0
1254113,1,Royal Challengers Bangalore,Middle (6-14),2021,63,1,55,6,17,6.872727272727273,0
1254113,1,Royal Challengers Bangalore,Powerplay (0-5),2021,55,0,37,8,11,8.91891891891892,0
1254113,2,Chennai Super Kings,Death (15-19),2021,32,1,20,6,8,9.6,1
1254113,2,Chennai Super Kings,Middle (6-14),2021,66,3,56,6,17,7.071428571428571,1
1254113,2,Chennai Super Kings,Powerplay (0-5),2021,59,0,37,8,12,9.567567567567567,1
1254114,1,Delhi Capitals,Death (15-19),2021,58,1,34,7,6,10.235294117647058,0
1254114,1,Delhi Capitals,Middle (6-14),2021,63,2,56,5,12,6.75,0
1254114,1,Delhi Capitals,Powerplay (0-5),2021,51,2,36,9,18,8.5,0
1254114,2,Chennai Super Kings,Death (15-19),2021,52,2,29,9,7,10.758620689655173,1
1254114,2,Chennai Super Kings,Middle (6-14),2021,62,3,55,4,13,6.763636363636364,1
1254114,2,Chennai Super Kings,Powerplay (0-5),2021,59,1,37,9,13,9.567567567567567,1
1254115,1,Royal Challengers Bangalore,Death (15-19),2021,30,3,32,2,13,5.625,0
1254115,1,Royal Challengers Bangalore,Middle (6-14),2021,55,3,56,4,17,5.892857142857142,0
1254115,1,Royal Challengers Bangalore,Powerplay (0-5),2021,53,1,38,6,10,8.368421052631579,0
1254115,2,Kolkata Knight Riders,Death (15-19),2021,27,2,28,2,9,5.785714285714286,1
1254115,2,Kolkata Knight Riders,Middle (6-14),2021,64,3,57,5,17,6.7368421052631575,1
1254115,2,Kolkata Knight Riders,Powerplay (0-5),2021,48,1,36,6,11,8.0,1
1254116,1,Delhi Capitals,Death (15-19),2021,45,2,32,4,9,8.4375,0
1254116,1,Delhi Capitals,Middle (6-14),2021,52,2,56,3,18,5.571428571428571,0
1254116,1,Delhi Capitals,Powerplay (0-5),2021,38,1,36,5,19,6.333333333333333,0
1254116,2,Kolkata Knight Riders,Death (15-19),2021,23,6,29,2,17,4.758620689655173,1
1254116,2,Kolkata Knight Riders,Middle (6-14),2021,62,1,57,4,19,6.526315789473684,1
1254116,2,Kolkata Knight Riders,Powerplay (0-5),2021,51,0,38,5,11,8.052631578947368,1
1254117,1,Chennai Super Kings,Death (15-19),2021,61,1,31,8,6,11.806451612903226,1
1254117,1,Chennai Super Kings,Middle (6-14),2021,81,2,56,7,12,8.678571428571429,1
1254117,1,Chennai Super Kings,Powerplay (0-5),2021,50,0,37,7,14,8.108108108108107,1
1254117,2,Kolkata Knight Riders,Death (15-19),2021,45,3,34,5,14,7.941176470588235,0
1254117,2,Kolkata Knight Riders,Middle (6-14),2021,65,6,57,6,21,6.842105263157895,0
1254117,2,Kolkata Knight Riders,Powerplay (0-5),2021,55,0,38,9,14,8.68421052631579,0
1304047,1,Chennai Super Kings,Death (15-19),2022,58,0,32,9,7,10.875,0
1304047,1,Chennai Super Kings,Middle (6-14),2022,38,3,55,1,25,4.1454545454545455,0
1304047,1,Chennai Super Kings,Powerplay (0-5),2022,35,2,39,5,24,5.384615384615385,0
1304047,2,Kolkata Knight Riders,Death (15-19),2022,29,1,21,3,5,8.285714285714286,1
1304047,2,Kolkata Knight Riders,Middle (6-14),2022,61,3,54,5,18,6.777777777777778,1
1304047,2,Kolkata Knight Riders,Powerplay (0-5),2022,43,0,36,7,20,7.166666666666667,1
1304048,1,Mumbai Indians,Death (15-19),2022,59,2,31,8,5,11.419354838709676,0
1304048,1,Mumbai Indians,Middle (6-14),2022,65,3,54,7,15,7.222222222222222,0
1304048,1,Mumbai Indians,Powerplay (0-5),2022,53,0,37,9,18,8.594594594594595,0
1304048,2,Delhi Capitals,Death (15-19),2022,57,0,22,8,2,15.545454545454547,1
1304048,2,Delhi Capitals,Middle (6-14),2022,76,3,56,10,17,8.142857142857142,1
1304048,2,Delhi Capitals,Powerplay (0-5),2022,46,3,39,7,20,7.076923076923077,1
1304049,1,Royal Challengers Bangalore,Death (15-19),2022,63,1,30,9,7,12.6,0
1304049,1,Royal Challengers Bangalore,Middle (6-14),2022,101,1,58,9,14,10.448275862068966,0
1304049,1,Royal Challengers Bangalore,Powerplay (0-5),2022,41,0,39,4,23,6.3076923076923075,0
1304049,2,Punjab Kings,Death (15-19),2022,52,0,29,7,11,10.758620689655173,1
1304049,2,Punjab Kings,Middle (6-14),2022,93,5,59,10,17,9.457627118644067,1
1304049,2,Punjab Kings,Powerplay (0-5),2022,63,0,38,8,13,9.947368421052632,1
1304050,1,Lucknow Super Giants,Death (15-19),2022,49,2,31,7,8,9.483870967741934,0
1304050,1,Lucknow Super Giants,Middle (6-14),2022,77,0,54,11,18,8.555555555555555,0
1304050,1,Lucknow Super Giants,Powerplay (0-5),2022,32,4,39,4,21,4.923076923076923,0
1304050,2,Gujarat Titans,Death (15-19),2022,70,1,29,13,7,14.482758620689657,1
1304050,2,Gujarat Titans,Middle (6-14),2022,47,2,54,3,22,5.222222222222222,1
1304050,2,Gujarat Titans,Powerplay (0-5),2022,44,2,38,7,22,6.947368421052632,1
1304051,1,Rajasthan Royals,Death (15-19),2022,62,3,32,9,10,11.625,1
1304051,1,Rajasthan Royals,Middle (6-14),2022,90,3,57,12,20,9.473684210526315,1
1304051,1,Rajasthan Royals,Powerplay (0-5),2022,58,0,41,9,22,8.487804878048781,1
1304051,2,Sunrisers Hyderabad,Death (15-19),2022,72,2,33,11,5,13.090909090909092,0
1304051,2,Sunrisers Hyderabad,Middle (6-14),2022,63,2,55,5,17,6.872727272727273,0
1304051,2,Sunrisers Hyderabad,Powerplay (0-5),2022,14,3,37,1,31,2.27027027027027,0
1304052,1,Kolkata Knight Riders,Death (15-19),2022,27,1,23,5,13,7.0434782608695645,0
1304052,1,Kolkata Knight Riders,Middle (6-14),2022,57,6,55,7,34,6.218181818181819,0
1304052,1,Kolkata Knight Riders,Powerplay (0-5),2022,44,3,37,6,19,7.135135135135135,0
1304052,2,Royal Challengers Bangalore,Death (15-19),2022,39,3,27,6,10,8.666666666666666,1
1304052,2,Royal Challengers Bangalore,Middle (6-14),2022,57,1,57,6,28,6.0,1
1304052,2,Royal Challengers Bangalore,Powerplay (0-5),2022,36,3,37,4,24,5.837837837837838,1
1304053,1,Chennai Super Kings,Death (15-19),2022,63,4,30,9,9,12.6,0
1304053,1,Chennai Super Kings,Middle (6-14),2022,74,2,56,10,19,7.928571428571428,0
1304053,1,Chennai Super Kings,Powerplay (0-5),2022,73,1,37,13,16,11.837837837837837,0
1304053,2,Lucknow Super Giants,Death (15-19),2022,67,1,33,9,8,12.181818181818182,1
1304053,2,Lucknow Super Giants,Middle (6-14),2022,89,3,59,9,11,9.050847457627118,1
1304053,2,Lucknow Super Giants,Powerplay (0-5),2022,55,0,37,9,17,8.91891891891892,1
1304054,1,Punjab Kings,Death (15-19),2022,35,2,23,6,11,9.130434782608695,0
1304054,1,Punjab Kings,Middle (6-14),2022,40,5,57,4,34,4.2105263157894735,0
1304054,1,Punjab Kings,Powerplay (0-5),2022,62,3,38,9,17,9.789473684210527,0
1304054,2,Kolkata Knight Riders,Middle (6-14),2022,90,2,55,11,21,9.818181818181818,1
1304054,2,Kolkata Knight Riders,Powerplay (0-5),2022,51,2,37,9,17,8.27027027027027,1
1304055,1,Rajasthan Royals,Death (15-19),2022,55,5,33,7,11,10.0,1
1304055,1,Rajasthan Royals,Middle (6-14),2022,90,1,57,13,16,9.473684210526315,1
1304055,1,Rajasthan Royals,Powerplay (0-5),2022,48,2,36,8,21,8.0,1
1304055,2,Mumbai Indians,Death (15-19),2022,34,4,36,5,21,5.666666666666667,0
1304055,2,Mumbai Indians,Middle (6-14),2022,86,2,56,9,13,9.214285714285714,0
1304055,2,Mumbai Indians,Powerplay (0-5),2022,50,2,38,7,17,7.894736842105264,0
1304056,1,Gujarat Titans,Death (15-19),2022,51,3,32,5,7,9.5625,1
1304056,1,Gujarat Titans,Middle (6-14),2022,76,2,54,10,17,8.444444444444445,1
1304056,1,Gujarat Titans,Powerplay (0-5),2022,44,1,38,4,13,6.947368421052632,1
1304056,2,Delhi Capitals,Death (15-19),2022,31,3,31,2,13,6.0,0
1304056,2,Delhi Capitals,Middle (6-14),2022,83,3,55,12,18,9.054545454545455,0
1304056,2,Delhi Capitals,Powerplay (0-5),2022,43,3,37,7,18,6.972972972972973,0
1304057,1,Punjab Kings,Death (15-19),2022,33,3,34,3,15,5.823529411764706,1
1304057,1,Punjab Kings,Middle (6-14),2022,75,3,59,8,22,7.627118644067796,1
1304057,1,Punjab Kings,Powerplay (0-5),2022,72,2,40,12,18,10.799999999999999,1
1304057,2,Chennai Super Kings,Death (15-19),2022,28,3,19,3,7,8.842105263157896,0
1304057,2,Chennai Super Kings,Middle (6-14),2022,71,3,56,9,22,7.607142857142857,0
1304057,2,Chennai Super Kings,Powerplay (0-5),2022,27,4,37,4,23,4.378378378378378,0
1304058,1,Lucknow Super Giants,Death (15-19),2022,55,4,31,7,7,10.64516129032258,1
1304058,1,Lucknow Super Giants,Middle (6-14),2022,82,0,54,9,12,9.11111111111111,1
1304058,1,Lucknow Super Giants,Powerplay (0-5),2022,32,3,36,4,19,5.333333333333333,1
1304058,2,Sunrisers Hyderabad,Death (15-19),2022,37,5,32,4,12,6.9375,0
1304058,2,Sunrisers Hyderabad,Middle (6-14),2022,80,2,57,9,14,8.421052631578947,0
1304058,2,Sunrisers Hyderabad,Powerplay (0-5),2022,40,2,37,4,17,6.486486486486486,0
1304059,1,Rajasthan Royals,Death (15-19),2022,66,0,32,8,5,12.375,0
1304059,1,Rajasthan Royals,Middle (6-14),2022,68,2,56,7,23,7.285714285714286,0
1304059,1,Rajasthan Royals,Powerplay (0-5),2022,35,1,37,2,16,5.675675675675675,0
1304059,2,Royal Challengers Bangalore,Death (15-19),2022,48,1,26,7,6,11.076923076923078,1
1304059,2,Royal Challengers Bangalore,Middle (6-14),2022,77,5,59,10,21,7.830508474576271,1
1304059,2,Royal Challengers Bangalore,Powerplay (0-5),2022,48,0,37,8,15,7.783783783783783,1
1304060,1,Mumbai Indians,Death (15-19),2022,76,1,31,12,6,14.709677419354838,0
1304060,1,Mumbai Indians,Middle (6-14),2022,50,2,54,4,22,5.555555555555555,0
1304060,1,Mumbai Indians,Powerplay (0-5),2022,35,1,36,4,18,5.833333333333333,0
1304060,2,Kolkata Knight Riders,Death (15-19),2022,35,0,7,6,0,29.999999999999996,1
1304060,2,Kolkata Knight Riders,Middle (6-14),2022,92,3,54,13,20,10.222222222222221,1
1304060,2,Kolkata Knight Riders,Powerplay (0-5),2022,35,2,36,5,18,5.833333333333333,1
1304061,1,Delhi Capitals,Death (15-19),2022,50,0,32,6,7,9.375,0
1304061,1,Delhi Capitals,Middle (6-14),2022,47,3,54,4,25,5.222222222222222,0
1304061,1,Delhi Capitals,Powerplay (0-5),2022,52,0,38,9,18,8.210526315789474,0
1304061,2,Lucknow Super Giants,Death (15-19),2022,44,2,29,5,9,9.10344827586207,1
1304061,2,Lucknow Super Giants,Middle (6-14),2022,63,2,55,5,20,6.872727272727273,1
1304061,2,Lucknow Super Giants,Powerplay (0-5),2022,48,0,38,6,12,7.578947368421053,1
1304062,1,Punjab Kings,Death (15-19),2022,37,4,31,4,12,7.161290322580645,0
1304062,1,Punjab Kings,Middle (6-14),2022,109,3,56,15,14,11.678571428571427,0
1304062,1,Punjab Kings,Powerplay (0-5),2022,43,2,36,8,19,7.166666666666667,0
1304062,2,Gujarat Titans,Death (15-19),2022,56,2,33,8,9,10.181818181818182,1
1304062,2,Gujarat Titans,Middle (6-14),2022,81,1,54,9,13,9.0,1
1304062,2,Gujarat Titans,Powerplay (0-5),2022,53,1,37,9,12,8.594594594594595,1
1304063,1,Chennai Super Kings,Death (15-19),2022,46,3,35,4,8,7.885714285714286,0
1304063,1,Chennai Super Kings,Middle (6-14),2022,67,2,54,8,17,7.444444444444445,0
1304063,1,Chennai Super Kings,Powerplay (0-5),2022,41,2,36,5,19,6.833333333333333,0
1304063,2,Sunrisers Hyderabad,Death (15-19),2022,34,1,19,5,3,10.736842105263158,1
1304063,2,Sunrisers Hyderabad,Middle (6-14),2022,84,1,55,9,12,9.163636363636364,1
1304063,2,Sunrisers Hyderabad,Powerplay (0-5),2022,37,0,36,5,18,6.166666666666667,1
1304064,1,Mumbai Indians,Death (15-19),2022,59,0,31,8,12,11.419354838709676,0
1304064,1,Mumbai Indians,Middle (6-14),2022,43,6,54,5,29,4.777777777777778,0
1304064,1,Mumbai Indians,Powerplay (0-5),2022,49,0,37,8,19,7.945945945945946,0
1304064,2,Royal Challengers Bangalore,Death (15-19),2022,41,2,22,5,6,11.181818181818182,1
1304064,2,Royal Challengers Bangalore,Middle (6-14),2022,81,1,55,10,13,8.836363636363638,1
1304064,2,Royal Challengers Bangalore,Powerplay (0-5),2022,30,0,37,2,22,4.864864864864865,1
1304065,1,Delhi Capitals,Death (15-19),2022,54,2,31,7,11,10.451612903225806,1
1304065,1,Delhi Capitals,Middle (6-14),2022,93,3,57,10,15,9.789473684210526,1
1304065,1,Delhi Capitals,Powerplay (0-5),2022,68,0,37,12,14,11.027027027027026,1
1304065,2,Kolkata Knight Riders,Death (15-19),2022,34,5,29,5,14,7.03448275862069,0
1304065,2,Kolkata Knight Riders,Middle (6-14),2022,94,3,56,11,14,10.071428571428571,0
1304065,2,Kolkata Knight Riders,Powerplay (0-5),2022,43,2,36,6,18,7.166666666666667,0
1304066,1,Rajasthan Royals,Death (15-19),2022,73,2,31,9,5,14.129032258064516,1
1304066,1,Rajasthan Royals,Middle (6-14),2022,48,3,56,4,25,5.142857142857142,1
1304066,1,Rajasthan Royals,Powerplay (0-5),2022,44,1,39,7,20,6.769230769230769,1
1304066,2,Lucknow Super Giants,Death (15-19),2022,65,3,33,9,10,11.818181818181818,0
1304066,2,Lucknow Super Giants,Middle (6-14),2022,66,2,54,6,13,7.333333333333333,0
1304066,2,Lucknow Super Giants,Powerplay (0-5),2022,31,3,37,4,22,5.027027027027027,0
1304067,1,Gujarat Titans,Death (15-19),2022,44,3,32,5,8,8.25,0
1304067,1,Gujarat Titans,Middle (6-14),2022,67,2,57,6,17,7.052631578947368,0
1304067,1,Gujarat Titans,Powerplay (0-5),2022,51,2,39,7,18,7.846153846153846,0
1304067,2,Sunrisers Hyderabad,Death (15-19),2022,52,1,27,7,5,11.555555555555555,1
1304067,2,Sunrisers Hyderabad,Middle (6-14),2022,74,2,55,6,17,8.072727272727274,1
1304067,2,Sunrisers Hyderabad,Powerplay (0-5),2022,42,0,36,6,16,7.0,1
1304068,1,Chennai Super Kings,Death (15-19),2022,83,2,36,11,9,13.833333333333334,1
1304068,1,Chennai Super Kings,Middle (6-14),2022,98,1,55,13,17,10.690909090909091,1
1304068,1,Chennai Super Kings,Powerplay (0-5),2022,35,1,36,5,20,5.833333333333333,1
1304068,2,Royal Challengers Bangalore,Death (15-19),2022,53,3,35,7,12,9.085714285714285,0
1304068,2,Royal Challengers Bangalore,Middle (6-14),2022,98,3,58,13,11,10.13793103448276,0
1304068,2,Royal Challengers Bangalore,Powerplay (0-5),2022,42,3,36,4,17,7.0,0
1304069,1,Punjab Kings,Death (15-19),2022,66,2,33,8,6,12.0,1
1304069,1,Punjab Kings,Middle (6-14),2022,67,3,54,6,15,7.444444444444445,1
1304069,1,Punjab Kings,Powerplay (0-5),2022,65,0,40,9,13,9.75,1
1304069,2,Mumbai Indians,Death (15-19),2022,40,5,32,4,13,7.5,0
1304069,2,Mumbai Indians,Middle (6-14),2022,104,2,56,15,18,11.142857142857142,0
1304069,2,Mumbai Indians,Powerplay (0-5),2022,42,2,37,7,21,6.8108108108108105,0
1304070,1,Gujarat Titans,Death (15-19),2022,62,1,33,10,10,11.272727272727273,1
1304070,1,Gujarat Titans,Middle (6-14),2022,88,1,54,12,13,9.777777777777779,1
1304070,1,Gujarat Titans,Powerplay (0-5),2022,42,2,37,7,17,6.8108108108108105,1
1304070,2,Rajasthan Royals,Death (15-19),2022,25,3,30,2,15,5.0,0
1304070,2,Rajasthan Royals,Middle (6-14),2022,65,3,56,5,19,6.9642857142857135,0
1304070,2,Rajasthan Royals,Powerplay (0-5),2022,65,3,36,12,16,10.833333333333334,0
1304071,1,Kolkata Knight Riders,Death (15-19),2022,55,3,31,9,14,10.64516129032258,0
1304071,1,Kolkata Knight Riders,Middle (6-14),2022,82,2,55,10,21,8.945454545454545,0
1304071,1,Kolkata Knight Riders,Powerplay (0-5),2022,38,3,37,5,23,6.162162162162162,0
1304071,2,Sunrisers Hyderabad,Death (15-19),2022,36,0,17,5,2,12.705882352941176,1
1304071,2,Sunrisers Hyderabad,Middle (6-14),2022,94,1,55,12,15,10.254545454545456,1
1304071,2,Sunrisers Hyderabad,Powerplay (0-5),2022,46,2,39,6,18,7.076923076923077,1
1304072,1,Lucknow Super Giants,Death (15-19),2022,49,2,34,5,6,8.647058823529411,1
1304072,1,Lucknow Super Giants,Middle (6-14),2022,93,1,54,13,15,10.333333333333334,1
1304072,1,Lucknow Super Giants,Powerplay (0-5),2022,57,1,36,10,15,9.5,1
1304072,2,Mumbai Indians,Death (15-19),2022,56,5,30,8,12,11.2,0
1304072,2,Mumbai Indians,Middle (6-14),2022,68,2,56,5,12,7.285714285714286,0
1304072,2,Mumbai Indians,Powerplay (0-5),2022,57,2,39,10,18,8.76923076923077,0
1304073,1,Royal Challengers Bangalore,Death (15-19),2022,74,0,33,11,6,13.454545454545455,1
1304073,1,Royal Challengers Bangalore,Middle (6-14),2022,75,3,56,9,20,8.035714285714285,1
1304073,1,Royal Challengers Bangalore,Powerplay (0-5),2022,40,2,37,7,19,6.486486486486486,1
1304073,2,Delhi Capitals,Death (15-19),2022,58,2,31,8,9,11.225806451612902,0
1304073,2,Delhi Capitals,Middle (6-14),2022,58,4,55,5,20,6.327272727272728,0
1304073,2,Delhi Capitals,Powerplay (0-5),2022,57,1,38,8,14,9.0,0
1304074,1,Punjab Kings,Death (15-19),2022,29,6,34,2,17,5.117647058823529,0
1304074,1,Punjab Kings,Middle (6-14),2022,74,2,56,10,22,7.928571428571428,0
1304074,1,Punjab Kings,Powerplay (0-5),2022,48,2,36,8,18,8.0,0
1304074,2,Sunrisers Hyderabad,Death (15-19),2022,41,0,24,5,5,10.25,1
1304074,2,Sunrisers Hyderabad,Middle (6-14),2022,72,2,56,5,15,7.7142857142857135,1
1304074,2,Sunrisers Hyderabad,Powerplay (0-5),2022,39,1,36,6,18,6.5,1
1304075,1,Chennai Super Kings,Death (15-19),2022,44,2,30,4,6,8.8,0
1304075,1,Chennai Super Kings,Middle (6-14),2022,86,1,55,11,14,9.381818181818183,0
1304075,1,Chennai Super Kings,Powerplay (0-5),2022,39,2,40,5,21,5.85,0
1304075,2,Gujarat Titans,Death (15-19),2022,62,2,30,8,8,12.4,1
1304075,2,Gujarat Titans,Middle (6-14),2022,71,2,55,9,19,7.745454545454546,1
1304075,2,Gujarat Titans,Powerplay (0-5),2022,37,3,36,4,17,6.166666666666667,1
1304076,1,Rajasthan Royals,Death (15-19),2022,54,4,35,7,9,9.257142857142858,1
1304076,1,Rajasthan Royals,Middle (6-14),2022,103,1,55,13,13,11.236363636363636,1
1304076,1,Rajasthan Royals,Powerplay (0-5),2022,60,0,37,9,18,9.72972972972973,1
1304076,2,Kolkata Knight Riders,Death (15-19),2022,43,6,30,4,8,8.6,0
1304076,2,Kolkata Knight Riders,Middle (6-14),2022,110,3,64,13,11,10.3125,0
1304076,2,Kolkata Knight Riders,Powerplay (0-5),2022,57,1,37,10,14,9.243243243243242,0
1304077,1,Royal Challengers Bangalore,Death (15-19),2022,51,2,32,5,4,9.5625,1
1304077,1,Royal Challengers Bangalore,Middle (6-14),2022,83,1,58,9,13,8.586206896551724,1
1304077,1,Royal Challengers Bangalore,Powerplay (0-5),2022,47,3,37,7,17,7.621621621621621,1
1304077,2,Lucknow Super Giants,Death (15-19),2022,46,3,33,5,10,8.363636363636363,0
1304077,2,Lucknow Super Giants,Middle (6-14),2022,73,3,57,9,26,7.684210526315789,0
1304077,2,Lucknow Super Giants,Powerplay (0-5),2022,44,2,37,6,14,7.135135135135135,0
1304078,1,Punjab Kings,Death (15-19),2022,19,2,30,3,22,3.8,0
1304078,1,Punjab Kings,Middle (6-14),2022,49,5,54,6,25,5.444444444444445,0
1304078,1,Punjab Kings,Powerplay (0-5),2022,47,3,37,7,16,7.621621621621621,0
1304078,2,Delhi Capitals,Middle (6-14),2022,38,1,28,5,8,8.142857142857142,1
1304078,2,Delhi Capitals,Powerplay (0-5),2022,81,0,41,15,9,11.853658536585366,1
1304079,1,Mumbai Indians,Death (15-19),2022,55,2,32,6,7,10.3125,0
1304079,1,Mumbai Indians,Middle (6-14),2022,58,2,54,6,22,6.444444444444445,0
1304079,1,Mumbai Indians,Powerplay (0-5),2022,42,3,37,5,17,6.8108108108108105,0
1304079,2,Chennai Super Kings,Death (15-19),2022,53,2,33,7,7,9.636363636363637,1
1304079,2,Chennai Super Kings,Middle (6-14),2022,57,3,56,5,23,6.107142857142857,1
1304079,2,Chennai Super Kings,Powerplay (0-5),2022,46,2,38,7,21,7.2631578947368425,1
1304080,1,Rajasthan Royals,Death (15-19),2022,67,2,33,10,7,12.181818181818182,1
1304080,1,Rajasthan Royals,Middle (6-14),2022,111,0,55,18,14,12.10909090909091,1
1304080,1,Rajasthan Royals,Powerplay (0-5),2022,44,0,36,7,20,7.333333333333333,1
1304080,2,Delhi Capitals,Death (15-19),2022,58,3,32,8,13,10.875,0
1304080,2,Delhi Capitals,Middle (6-14),2022,94,3,60,10,13,9.4,0
1304080,2,Delhi Capitals,Powerplay (0-5),2022,55,2,36,11,16,9.166666666666666,0
1304081,1,Gujarat Titans,Death (15-19),2022,29,7,32,2,12,5.4375,1
1304081,1,Gujarat Titans,Middle (6-14),2022,80,1,57,8,18,8.421052631578947,1
1304081,1,Gujarat Titans,Powerplay (0-5),2022,47,1,38,5,13,7.421052631578948,1
1304081,2,Kolkata Knight Riders,Death (15-19),2022,41,2,30,5,14,8.2,0
1304081,2,Kolkata Knight Riders,Middle (6-14),2022,73,3,58,10,25,7.551724137931035,0
1304081,2,Kolkata Knight Riders,Powerplay (0-5),2022,34,3,38,5,24,5.368421052631579,0
1304082,1,Royal Challengers Bangalore,Death (15-19),2022,3,2,7,0,4,2.571428571428571,0
1304082,1,Royal Challengers Bangalore,Middle (6-14),2022,34,4,58,2,38,3.517241379310345,0
1304082,1,Royal Challengers Bangalore,Powerplay (0-5),2022,31,4,40,4,25,4.6499999999999995,0
1304082,2,Sunrisers Hyderabad,Middle (6-14),2022,16,1,12,2,4,8.0,1
1304082,2,Sunrisers Hyderabad,Powerplay (0-5),2022,56,0,37,10,16,9.08108108108108,1
1304083,1,Lucknow Super Giants,Death (15-19),2022,52,2,31,8,9,10.064516129032258,1
1304083,1,Lucknow Super Giants,Middle (6-14),2022,84,3,58,8,14,8.689655172413794,1
1304083,1,Lucknow Super Giants,Powerplay (0-5),2022,32,1,36,4,20,5.333333333333333,1
1304083,2,Mumbai Indians,Death (15-19),2022,34,4,34,3,12,6.0,0
1304083,2,Mumbai Indians,Middle (6-14),2022,55,4,56,3,21,5.892857142857142,0
1304083,2,Mumbai Indians,Powerplay (0-5),2022,43,0,38,6,19,6.7894736842105265,0
1304084,1,Punjab Kings,Death (15-19),2022,64,3,33,9,6,11.636363636363637,1
1304084,1,Punjab Kings,Middle (6-14),2022,86,0,62,9,10,8.32258064516129,1
1304084,1,Punjab Kings,Powerplay (0-5),2022,37,1,38,3,15,5.842105263157895,1
1304084,2,Chennai Super Kings,Death (15-19),2022,58,2,31,8,9,11.225806451612902,0
1304084,2,Chennai Super Kings,Middle (6-14),2022,86,2,56,12,17,9.214285714285714,0
1304084,2,Chennai Super Kings,Powerplay (0-5),2022,32,2,39,3,23,4.923076923076923,0
1304085,1,Rajasthan Royals,Death (15-19),2022,44,3,30,5,10,8.8,1
1304085,1,Rajasthan Royals,Middle (6-14),2022,57,2,56,4,18,6.107142857142857,1
1304085,1,Rajasthan Royals,Powerplay (0-5),2022,43,3,37,8,23,6.972972972972973,1
1304085,2,Royal Challengers Bangalore,Death (15-19),2022,25,4,29,3,17,5.172413793103448,0
1304085,2,Royal Challengers Bangalore,Middle (6-14),2022,53,5,57,4,27,5.578947368421052,0
1304085,2,Royal Challengers Bangalore,Powerplay (0-5),2022,37,1,37,6,23,6.0,0
1304086,1,Sunrisers Hyderabad,Death (15-19),2022,55,4,31,6,7,10.64516129032258,0
1304086,1,Sunrisers Hyderabad,Middle (6-14),2022,87,0,56,9,11,9.321428571428571,0
1304086,1,Sunrisers Hyderabad,Powerplay (0-5),2022,53,2,39,8,20,8.153846153846153,0
1304086,2,Gujarat Titans,Death (15-19),2022,64,2,32,8,7,12.0,1
1304086,2,Gujarat Titans,Middle (6-14),2022,76,3,56,10,15,8.142857142857142,1
1304086,2,Gujarat Titans,Powerplay (0-5),2022,59,0,37,9,12,9.567567567567567,1
1304087,1,Kolkata Knight Riders,Death (15-19),2022,57,3,32,8,9,10.6875,0
1304087,1,Kolkata Knight Riders,Middle (6-14),2022,60,4,55,5,14,6.545454545454546,0
1304087,1,Kolkata Knight Riders,Powerplay (0-5),2022,29,2,37,1,17,4.702702702702703,0
1304087,2,Delhi Capitals,Death (15-19),2022,37,0,25,4,8,8.879999999999999,1
1304087,2,Delhi Capitals,Middle (6-14),2022,66,4,55,8,20,7.2,1
1304087,2,Delhi Capitals,Powerplay (0-5),2022,47,2,37,7,18,7.621621621621621,1
1304088,1,Lucknow Super Giants,Death (15-19),2022,44,3,30,5,10,8.8,1
1304088,1,Lucknow Super Giants,Middle (6-14),2022,70,4,57,8,21,7.368421052631579,1
1304088,1,Lucknow Super Giants,Powerplay (0-5),2022,39,1,37,3,20,6.324324324324324,1
1304088,2,Punjab Kings,Death (15-19),2022,30,3,33,5,20,5.454545454545454,0
1304088,2,Punjab Kings,Middle (6-14),2022,57,4,59,6,28,5.796610169491525,0
1304088,2,Punjab Kings,Powerplay (0-5),2022,46,1,37,6,19,7.459459459459459,0
1304089,1,Royal Challengers Bangalore,Death (15-19),2022,53,4,31,7,10,10.258064516129032,0
1304089,1,Royal Challengers Bangalore,Middle (6-14),2022,74,1,54,8,16,8.222222222222221,0
1304089,1,Royal Challengers Bangalore,Powerplay (0-5),2022,43,1,37,7,18,6.972972972972973,0
1304089,2,Gujarat Titans,Death (15-19),2022,61,0,29,8,4,12.620689655172415,1
1304089,2,Gujarat Titans,Middle (6-14),2022,67,4,55,8,19,7.3090909090909095,1
1304089,2,Gujarat Titans,Powerplay (0-5),2022,46,0,38,6,12,7.2631578947368425,1
1304090,1,Rajasthan Royals,Death (15-19),2022,56,3,32,8,11,10.5,0
1304090,1,Rajasthan Royals,Middle (6-14),2022,62,2,57,5,21,6.526315789473684,0
1304090,1,Rajasthan Royals,Powerplay (0-5),2022,40,1,38,6,21,6.315789473684211,0
1304090,2,Mumbai Indians,Death (15-19),2022,39,2,28,4,9,8.357142857142856,1
1304090,2,Mumbai Indians,Middle (6-14),2022,81,1,55,8,16,8.836363636363638,1
1304090,2,Mumbai Indians,Powerplay (0-5),2022,41,2,37,7,20,6.648648648648648,1
1304091,1,Lucknow Super Giants,Death (15-19),2022,50,1,35,4,6,8.571428571428571,1
1304091,1,Lucknow Super Giants,Middle (6-14),2022,88,1,58,10,12,9.10344827586207,1
1304091,1,Lucknow Super Giants,Powerplay (0-5),2022,57,1,39,8,12,8.76923076923077,1
1304091,2,Delhi Capitals,Death (15-19),2022,54,2,32,6,7,10.125,0
1304091,2,Delhi Capitals,Middle (6-14),2022,69,3,55,8,21,7.527272727272727,0
1304091,2,Delhi Capitals,Powerplay (0-5),2022,66,2,36,12,16,11.0,0
1304092,1,Chennai Super Kings,Death (15-19),2022,49,2,31,5,5,9.483870967741934,1
1304092,1,Chennai Super Kings,Middle (6-14),2022,113,0,56,16,12,12.107142857142856,1
1304092,1,Chennai Super Kings,Powerplay (0-5),2022,40,0,36,4,18,6.666666666666667,1
1304092,2,Sunrisers Hyderabad,Death (15-19),2022,58,2,32,8,10,10.875,0
1304092,2,Sunrisers Hyderabad,Middle (6-14),2022,73,2,54,6,15,8.11111111111111,0
1304092,2,Sunrisers Hyderabad,Powerplay (0-5),2022,58,2,37,8,11,9.405405405405405,0
1304093,1,Rajasthan Royals,Death (15-19),2022,47,2,34,4,12,8.294117647058822,0
1304093,1,Rajasthan Royals,Middle (6-14),2022,67,2,55,8,17,7.3090909090909095,0
1304093,1,Rajasthan Royals,Powerplay (0-5),2022,38,1,38,6,22,6.0,0
1304093,2,Kolkata Knight Riders,Death (15-19),2022,51,0,29,7,8,10.551724137931036,1
1304093,2,Kolkata Knight Riders,Middle (6-14),2022,75,1,56,8,15,8.035714285714285,1
1304093,2,Kolkata Knight Riders,Powerplay (0-5),2022,32,2,39,3,19,4.923076923076923,1
1304094,1,Gujarat Titans,Death (15-19),2022,45,4,34,4,9,7.941176470588235,0
1304094,1,Gujarat Titans,Middle (6-14),2022,56,2,57,3,16,5.894736842105263,0
1304094,1,Gujarat Titans,Powerplay (0-5),2022,42,2,38,6,22,6.631578947368421,0
1304094,2,Punjab Kings,Death (15-19),2022,28,0,6,5,0,28.0,1
1304094,2,Punjab Kings,Middle (6-14),2022,74,1,57,7,19,7.7894736842105265,1
1304094,2,Punjab Kings,Powerplay (0-5),2022,43,1,37,8,21,6.972972972972973,1
1304095,1,Royal Challengers Bangalore,Death (15-19),2022,50,5,32,6,11,9.375,1
1304095,1,Royal Challengers Bangalore,Middle (6-14),2022,66,3,57,5,16,6.947368421052632,1
1304095,1,Royal Challengers Bangalore,Powerplay (0-5),2022,57,0,38,8,14,9.0,1
1304095,2,Chennai Super Kings,Death (15-19),2022,42,4,30,4,12,8.4,0
1304095,2,Chennai Super Kings,Middle (6-14),2022,67,4,54,8,18,7.444444444444445,0
1304095,2,Chennai Super Kings,Powerplay (0-5),2022,51,0,36,8,14,8.5,0
1304096,1,Delhi Capitals,Death (15-19),2022,70,0,32,12,10,13.125,1
1304096,1,Delhi Capitals,Middle (6-14),2022,87,1,56,10,17,9.321428571428571,1
1304096,1,Delhi Capitals,Powerplay (0-5),2022,50,2,39,8,20,7.6923076923076925,1
1304096,2,Sunrisers Hyderabad,Death (15-19),2022,52,3,31,8,12,10.064516129032258,0
1304096,2,Sunrisers Hyderabad,Middle (6-14),2022,99,3,58,14,21,10.241379310344827,0
1304096,2,Sunrisers Hyderabad,Powerplay (0-5),2022,35,2,37,5,21,5.675675675675675,0
1304097,1,Mumbai Indians,Death (15-19),2022,57,2,32,7,10,10.6875,1
1304097,1,Mumbai Indians,Middle (6-14),2022,57,4,56,5,24,6.107142857142857,1
1304097,1,Mumbai Indians,Powerplay (0-5),2022,63,0,37,10,12,10.216216216216216,1
1304097,2,Gujarat Titans,Death (15-19),2022,42,3,30,5,10,8.4,0
1304097,2,Gujarat Titans,Middle (6-14),2022,76,2,54,10,14,8.444444444444445,0
1304097,2,Gujarat Titans,Powerplay (0-5),2022,54,0,37,9,17,8.756756756756756,0
1304098,1,Punjab Kings,Death (15-19),2022,67,1,34,10,7,11.823529411764705,0
1304098,1,Punjab Kings,Middle (6-14),2022,74,3,58,9,17,7.655172413793104,0
1304098,1,Punjab Kings,Powerplay (0-5),2022,48,1,39,8,19,7.384615384615385,0
1304098,2,Rajasthan Royals,Death (15-19),2022,47,1,31,7,9,9.096774193548386,1
1304098,2,Rajasthan Royals,Middle (6-14),2022,76,2,57,9,14,8.0,1
1304098,2,Rajasthan Royals,Powerplay (0-5),2022,67,1,36,13,13,11.166666666666666,1
1304099,1,Lucknow Super Giants,Death (15-19),2022,53,3,32,6,10,9.9375,1
1304099,1,Lucknow Super Giants,Middle (6-14),2022,57,3,54,4,19,6.333333333333333,1
1304099,1,Lucknow Super Giants,Powerplay (0-5),2022,66,1,36,11,15,11.0,1
1304099,2,Kolkata Knight Riders,Middle (6-14),2022,76,7,52,12,27,8.76923076923077,0
1304099,2,Kolkata Knight Riders,Powerplay (0-5),2022,25,3,37,2,22,4.0540540540540535,0
1304100,1,Royal Challengers Bangalore,Death (15-19),2022,67,1,31,9,7,12.96774193548387,1
1304100,1,Royal Challengers Bangalore,Middle (6-14),2022,78,1,56,11,19,8.357142857142856,1
1304100,1,Royal Challengers Bangalore,Powerplay (0-5),2022,47,1,39,6,16,7.230769230769231,1
1304100,2,Sunrisers Hyderabad,Death (15-19),2022,14,5,27,1,16,3.111111111111111,0
1304100,2,Sunrisers Hyderabad,Middle (6-14),2022,72,3,57,9,21,7.578947368421052,0
1304100,2,Sunrisers Hyderabad,Powerplay (0-5),2022,39,2,36,5,18,6.5,0
1304101,1,Chennai Super Kings,Death (15-19),2022,60,5,34,9,11,10.588235294117647,1
1304101,1,Chennai Super Kings,Middle (6-14),2022,91,1,58,12,11,9.413793103448276,1
1304101,1,Chennai Super Kings,Powerplay (0-5),2022,57,0,39,7,11,8.76923076923077,1
1304101,2,Delhi Capitals,Death (15-19),2022,18,3,17,3,10,6.352941176470588,0
1304101,2,Delhi Capitals,Middle (6-14),2022,40,5,55,3,30,4.363636363636364,0
1304101,2,Delhi Capitals,Powerplay (0-5),2022,59,2,36,11,18,9.833333333333334,0
1304102,1,Kolkata Knight Riders,Death (15-19),2022,25,4,31,3,18,4.838709677419355,1
1304102,1,Kolkata Knight Riders,Middle (6-14),2022,76,4,56,10,23,8.142857142857142,1
1304102,1,Kolkata Knight Riders,Powerplay (0-5),2022,64,1,39,9,17,9.846153846153847,1
1304102,2,Mumbai Indians,Death (15-19),2022,11,3,16,0,8,4.125,0
1304102,2,Mumbai Indians,Middle (6-14),2022,65,5,54,7,19,7.222222222222222,0
1304102,2,Mumbai Indians,Powerplay (0-5),2022,37,2,37,4,19,6.0,0
1304103,1,Gujarat Titans,Death (15-19),2022,52,1,35,7,7,8.914285714285715,1
1304103,1,Gujarat Titans,Middle (6-14),2022,57,1,55,3,12,6.218181818181819,1
1304103,1,Gujarat Titans,Powerplay (0-5),2022,35,2,36,6,19,5.833333333333333,1
1304103,2,Lucknow Super Giants,Middle (6-14),2022,45,7,49,4,20,5.510204081632653,0
1304103,2,Lucknow Super Giants,Powerplay (0-5),2022,37,3,37,6,21,6.0,0
1304104,1,Rajasthan Royals,Death (15-19),2022,44,3,33,5,9,8.0,0
1304104,1,Rajasthan Royals,Middle (6-14),2022,73,2,54,8,13,8.11111111111111,0
1304104,1,Rajasthan Royals,Powerplay (0-5),2022,43,1,38,7,20,6.7894736842105265,0
1304104,2,Delhi Capitals,Death (15-19),2022,47,1,20,7,4,14.1,1
1304104,2,Delhi Capitals,Middle (6-14),2022,76,0,56,9,18,8.142857142857142,1
1304104,2,Delhi Capitals,Powerplay (0-5),2022,38,1,38,4,19,6.0,1
1304105,1,Chennai Super Kings,Death (15-19),2022,10,1,6,2,4,10.0,0
1304105,1,Chennai Super Kings,Middle (6-14),2022,55,4,57,6,34,5.7894736842105265,0
1304105,1,Chennai Super Kings,Powerplay (0-5),2022,32,5,41,4,24,4.682926829268293,0
1304105,2,Mumbai Indians,Middle (6-14),2022,67,1,55,8,21,7.3090909090909095,1
1304105,2,Mumbai Indians,Powerplay (0-5),2022,36,4,39,5,24,5.538461538461538,1
1304106,1,Punjab Kings,Death (15-19),2022,57,5,32,8,9,10.6875,1
1304106,1,Punjab Kings,Middle (6-14),2022,69,3,54,9,19,7.666666666666667,1
1304106,1,Punjab Kings,Powerplay (0-5),2022,83,1,38,13,14,13.105263157894738,1
1304106,2,Royal Challengers Bangalore,Death (15-19),2022,35,3,32,4,13,6.5625,0
1304106,2,Royal Challengers Bangalore,Middle (6-14),2022,76,3,57,8,17,8.0,0
1304106,2,Royal Challengers Bangalore,Powerplay (0-5),2022,44,3,39,6,20,6.769230769230769,0
1304107,1,Kolkata Knight Riders,Death (15-19),2022,58,1,33,8,10,10.545454545454545,1
1304107,1,Kolkata Knight Riders,Middle (6-14),2022,64,4,57,6,22,6.7368421052631575,1
1304107,1,Kolkata Knight Riders,Powerplay (0-5),2022,55,1,38,7,17,8.68421052631579,1
1304107,2,Sunrisers Hyderabad,Death (15-19),2022,23,3,31,2,16,4.451612903225806,0
1304107,2,Sunrisers Hyderabad,Middle (6-14),2022,69,4,55,7,19,7.527272727272727,0
1304107,2,Sunrisers Hyderabad,Powerplay (0-5),2022,31,1,37,4,20,5.027027027027027,0
1304108,1,Chennai Super Kings,Death (15-19),2022,24,3,33,0,12,4.363636363636363,0
1304108,1,Chennai Super Kings,Middle (6-14),2022,62,1,55,6,17,6.763636363636364,0
1304108,1,Chennai Super Kings,Powerplay (0-5),2022,47,1,37,5,16,7.621621621621621,0
1304108,2,Gujarat Titans,Death (15-19),2022,29,0,26,2,5,6.6923076923076925,1
1304108,2,Gujarat Titans,Middle (6-14),2022,55,3,56,3,18,5.892857142857142,1
1304108,2,Gujarat Titans,Powerplay (0-5),2022,53,0,37,11,19,8.594594594594595,1
1304109,1,Rajasthan Royals,Death (15-19),2022,48,2,31,5,7,9.29032258064516,1
1304109,1,Rajasthan Royals,Middle (6-14),2022,79,3,54,11,18,8.777777777777779,1
1304109,1,Rajasthan Royals,Powerplay (0-5),2022,51,1,38,10,21,8.052631578947368,1
1304109,2,Lucknow Super Giants,Death (15-19),2022,47,4,36,5,11,7.833333333333333,0
1304109,2,Lucknow Super Giants,Middle (6-14),2022,73,1,55,6,13,7.963636363636364,0
1304109,2,Lucknow Super Giants,Powerplay (0-5),2022,34,3,37,4,24,5.513513513513513,0
1304110,1,Delhi Capitals,Death (15-19),2022,43,2,31,5,11,8.32258064516129,1
1304110,1,Delhi Capitals,Middle (6-14),2022,57,3,55,4,20,6.218181818181819,1
1304110,1,Delhi Capitals,Powerplay (0-5),2022,59,2,37,9,15,9.567567567567567,1
1304110,2,Punjab Kings,Death (15-19),2022,41,2,33,5,14,7.454545454545454,0
1304110,2,Punjab Kings,Middle (6-14),2022,47,4,55,4,28,5.127272727272728,0
1304110,2,Punjab Kings,Powerplay (0-5),2022,54,3,38,9,14,8.526315789473685,0
1304111,1,Sunrisers Hyderabad,Death (15-19),2022,45,4,32,5,11,8.4375,1
1304111,1,Sunrisers Hyderabad,Middle (6-14),2022,91,1,57,11,11,9.578947368421053,1
1304111,1,Sunrisers Hyderabad,Powerplay (0-5),2022,57,1,36,9,16,9.5,1
1304111,2,Mumbai Indians,Death (15-19),2022,63,3,33,9,11,11.454545454545455,0
1304111,2,Mumbai Indians,Middle (6-14),2022,76,4,59,7,19,7.728813559322034,0
1304111,2,Mumbai Indians,Powerplay (0-5),2022,51,0,38,7,15,8.052631578947368,0
1304112,1,Lucknow Super Giants,Death (15-19),2022,88,0,31,14,2,17.032258064516128,1
1304112,1,Lucknow Super Giants,Middle (6-14),2022,78,0,55,7,12,8.50909090909091,1
1304112,1,Lucknow Super Giants,Powerplay (0-5),2022,44,0,36,6,16,7.333333333333333,1
1304112,2,Kolkata Knight Riders,Death (15-19),2022,74,4,32,10,7,13.875,0
1304112,2,Kolkata Knight Riders,Middle (6-14),2022,74,2,57,8,20,7.7894736842105265,0
1304112,2,Kolkata Knight Riders,Powerplay (0-5),2022,60,2,38,13,19,9.473684210526317,0
1304113,1,Gujarat Titans,Death (15-19),2022,50,2,30,6,6,10.0,0
1304113,1,Gujarat Titans,Middle (6-14),2022,80,1,56,8,17,8.571428571428571,0
1304113,1,Gujarat Titans,Powerplay (0-5),2022,38,2,36,7,23,6.333333333333333,0
1304113,2,Royal Challengers Bangalore,Death (15-19),2022,49,1,23,8,5,12.782608695652174,1
1304113,2,Royal Challengers Bangalore,Middle (6-14),2022,66,1,54,5,13,7.333333333333333,1
1304113,2,Royal Challengers Bangalore,Powerplay (0-5),2022,55,0,38,9,15,8.68421052631579,1
1304114,1,Chennai Super Kings,Death (15-19),2022,33,2,31,3,13,6.387096774193548,0
1304114,1,Chennai Super Kings,Middle (6-14),2022,42,3,58,2,22,4.344827586206897,0
1304114,1,Chennai Super Kings,Powerplay (0-5),2022,75,1,36,15,16,12.5,0
1304114,2,Rajasthan Royals,Death (15-19),2022,47,1,30,6,9,9.4,1
1304114,2,Rajasthan Royals,Middle (6-14),2022,52,3,56,3,24,5.571428571428571,1
1304114,2,Rajasthan Royals,Powerplay (0-5),2022,52,1,36,9,18,8.666666666666666,1
1304115,1,Delhi Capitals,Death (15-19),2022,53,3,34,6,10,9.352941176470587,0
1304115,1,Delhi Capitals,Middle (6-14),2022,69,1,58,6,21,7.137931034482759,0
1304115,1,Delhi Capitals,Powerplay (0-5),2022,37,3,36,5,21,6.166666666666667,0
1304115,2,Mumbai Indians,Death (15-19),2022,59,2,27,9,7,13.11111111111111,1
1304115,2,Mumbai Indians,Middle (6-14),2022,74,2,55,8,18,8.072727272727274,1
1304115,2,Mumbai Indians,Powerplay (0-5),2022,27,1,37,4,26,4.378378378378378,1
1304116,1,Sunrisers Hyderabad,Death (15-19),2022,61,3,33,8,11,11.090909090909092,0
1304116,1,Sunrisers Hyderabad,Middle (6-14),2022,53,4,55,4,21,5.781818181818182,0
1304116,1,Sunrisers Hyderabad,Powerplay (0-5),2022,43,1,37,7,19,6.972972972972973,0
1304116,2,Punjab Kings,Death (15-19),2022,4,0,1,1,0,24.0,1
1304116,2,Punjab Kings,Middle (6-14),2022,94,4,58,13,18,9.724137931034484,1
1304116,2,Punjab Kings,Powerplay (0-5),2022,62,1,36,10,12,10.333333333333334,1
1312197,1,Rajasthan Royals,Death (15-19),2022,64,3,33,10,7,11.636363636363637,0
1312197,1,Rajasthan Royals,Middle (6-14),2022,69,2,56,7,15,7.392857142857142,0
1312197,1,Rajasthan Royals,Powerplay (0-5),2022,55,1,38,9,22,8.68421052631579,0
1312197,2,Gujarat Titans,Death (15-19),2022,52,0,27,6,3,11.555555555555555,1
1312197,2,Gujarat Titans,Middle (6-14),2022,75,2,60,8,15,7.5,1
1312197,2,Gujarat Titans,Powerplay (0-5),2022,64,1,38,11,15,10.105263157894738,1
1312198,1,Royal Challengers Bangalore,Death (15-19),2022,84,0,32,14,8,15.75,1
1312198,1,Royal Challengers Bangalore,Middle (6-14),2022,71,3,57,7,17,7.473684210526316,1
1312198,1,Royal Challengers Bangalore,Powerplay (0-5),2022,52,1,37,9,17,8.432432432432432,1
1312198,2,Lucknow Super Giants,Death (15-19),2022,50,3,37,5,13,8.108108108108107,0
1312198,2,Lucknow Super Giants,Middle (6-14),2022,81,1,56,7,12,8.678571428571429,0
1312198,2,Lucknow Super Giants,Powerplay (0-5),2022,62,2,37,8,18,10.054054054054054,0
1312199,1,Royal Challengers Bangalore,Death (15-19),2022,34,5,32,3,13,6.375,0
1312199,1,Royal Challengers Bangalore,Middle (6-14),2022,77,2,59,6,12,7.830508474576271,0
1312199,1,Royal Challengers Bangalore,Powerplay (0-5),2022,46,1,36,7,22,7.666666666666667,0
1312199,2,Rajasthan Royals,Death (15-19),2022,35,1,19,4,4,11.052631578947368,1
1312199,2,Rajasthan Royals,Middle (6-14),2022,59,1,54,7,21,6.555555555555555,1
1312199,2,Rajasthan Royals,Powerplay (0-5),2022,67,1,36,11,16,11.166666666666666,1
1312200,1,Rajasthan Royals,Death (15-19),2022,36,4,30,3,9,7.2,0
1312200,1,Rajasthan Royals,Middle (6-14),2022,50,4,54,6,25,5.555555555555555,0
1312200,1,Rajasthan Royals,Powerplay (0-5),2022,44,1,36,6,18,7.333333333333333,0
1312200,2,Gujarat Titans,Death (15-19),2022,36,0,20,4,4,10.799999999999999,1
1312200,2,Gujarat Titans,Middle (6-14),2022,66,1,54,6,16,7.333333333333333,1
1312200,2,Gujarat Titans,Powerplay (0-5),2022,31,2,39,4,27,4.769230769230769,1
1359475,1,Chennai Super Kings,Death (15-19),2023,45,3,30,4,9,9.0,0
1359475,1,Chennai Super Kings,Middle (6-14),2023,82,2,54,10,22,9.11111111111111,0
1359475,1,Chennai Super Kings,Powerplay (0-5),2023,51,2,37,9,19,8.27027027027027,0
1359475,2,Gujarat Titans,Death (15-19),2023,44,1,27,6,11,9.777777777777779,1
1359475,2,Gujarat Titans,Middle (6-14),2023,73,3,56,7,16,7.821428571428571,1
1359475,2,Gujarat Titans,Powerplay (0-5),2023,65,1,39,10,14,10.0,1
1359476,1,Punjab Kings,Death (15-19),2023,48,1,31,5,8,9.29032258064516,1
1359476,1,Punjab Kings,Middle (6-14),2023,87,3,56,11,17,9.321428571428571,1
1359476,1,Punjab Kings,Powerplay (0-5),2023,56,1,36,10,18,9.333333333333334,1
1359476,2,Kolkata Knight Riders,Death (15-19),2023,10,1,6,1,1,10.0,0
1359476,2,Kolkata Knight Riders,Middle (6-14),2023,90,3,56,11,18,9.642857142857142,0
1359476,2,Kolkata Knight Riders,Powerplay (0-5),2023,46,3,37,8,18,7.459459459459459,0
1359477,1,Lucknow Super Giants,Death (15-19),2023,66,2,35,8,9,11.314285714285715,1
1359477,1,Lucknow Super Giants,Middle (6-14),2023,97,3,54,11,15,10.777777777777779,1
1359477,1,Lucknow Super Giants,Powerplay (0-5),2023,30,1,36,2,19,5.0,1
1359477,2,Delhi Capitals,Death (15-19),2023,33,4,31,3,15,6.387096774193548,0
1359477,2,Delhi Capitals,Middle (6-14),2023,63,3,55,6,18,6.872727272727273,0
1359477,2,Delhi Capitals,Powerplay (0-5),2023,47,2,40,8,20,7.05,0
1359478,1,Rajasthan Royals,Death (15-19),2023,43,2,30,4,10,8.6,1
1359478,1,Rajasthan Royals,Middle (6-14),2023,75,2,55,9,17,8.181818181818182,1
1359478,1,Rajasthan Royals,Powerplay (0-5),2023,85,1,37,16,12,13.783783783783782,1
1359478,2,Sunrisers Hyderabad,Death (15-19),2023,46,1,31,6,12,8.903225806451612,0
1359478,2,Sunrisers Hyderabad,Middle (6-14),2023,55,5,59,3,25,5.59322033898305,0
1359478,2,Sunrisers Hyderabad,Powerplay (0-5),2023,30,2,36,4,21,5.0,0
1359479,1,Mumbai Indians,Death (15-19),2023,69,2,38,9,8,10.894736842105264,0
1359479,1,Mumbai Indians,Middle (6-14),2023,73,2,55,9,18,7.963636363636364,0
1359479,1,Mumbai Indians,Powerplay (0-5),2023,29,3,37,4,23,4.702702702702703,0
1359479,2,Royal Challengers Bangalore,Death (15-19),2023,24,1,9,4,3,16.0,1
1359479,2,Royal Challengers Bangalore,Middle (6-14),2023,95,1,54,12,17,10.555555555555555,1
1359479,2,Royal Challengers Bangalore,Powerplay (0-5),2023,53,0,39,8,18,8.153846153846153,1
1359480,1,Chennai Super Kings,Death (15-19),2023,53,4,31,7,9,10.258064516129032,1
1359480,1,Chennai Super Kings,Middle (6-14),2023,85,3,55,11,19,9.272727272727273,1
1359480,1,Chennai Super Kings,Powerplay (0-5),2023,79,0,38,10,9,12.473684210526317,1
1359480,2,Lucknow Super Giants,Death (15-19),2023,55,2,38,3,8,8.68421052631579,0
1359480,2,Lucknow Super Giants,Middle (6-14),2023,70,4,55,7,20,7.636363636363637,0
1359480,2,Lucknow Super Giants,Powerplay (0-5),2023,80,1,43,12,13,11.162790697674419,0
1359481,1,Delhi Capitals,Death (15-19),2023,41,3,30,5,12,8.2,0
1359481,1,Delhi Capitals,Middle (6-14),2023,69,3,55,8,20,7.527272727272727,0
1359481,1,Delhi Capitals,Powerplay (0-5),2023,52,2,40,7,22,7.8,0
1359481,2,Gujarat Titans,Death (15-19),2023,46,0,21,6,1,13.142857142857142,1
1359481,2,Gujarat Titans,Middle (6-14),2023,63,1,56,4,13,6.75,1
1359481,2,Gujarat Titans,Powerplay (0-5),2023,54,3,38,10,21,8.526315789473685,1
1359482,1,Punjab Kings,Death (15-19),2023,45,3,33,5,10,8.181818181818182,1
1359482,1,Punjab Kings,Middle (6-14),2023,89,2,55,10,10,9.709090909090909,1
1359482,1,Punjab Kings,Powerplay (0-5),2023,63,0,39,11,15,9.692307692307692,1
1359482,2,Rajasthan Royals,Death (15-19),2023,68,1,31,9,3,13.161290322580644,0
1359482,2,Rajasthan Royals,Middle (6-14),2023,67,3,56,5,19,7.178571428571428,0
1359482,2,Rajasthan Royals,Powerplay (0-5),2023,57,3,38,9,18,9.0,0
1359483,1,Kolkata Knight Riders,Death (15-19),2023,64,2,34,10,11,11.294117647058822,1
1359483,1,Kolkata Knight Riders,Middle (6-14),2023,93,3,55,12,14,10.145454545454546,1
1359483,1,Kolkata Knight Riders,Powerplay (0-5),2023,47,2,40,5,24,7.05,1
1359483,2,Royal Challengers Bangalore,Death (15-19),2023,21,1,16,3,7,7.875,0
1359483,2,Royal Challengers Bangalore,Middle (6-14),2023,52,7,55,5,26,5.672727272727273,0
1359483,2,Royal Challengers Bangalore,Powerplay (0-5),2023,50,2,36,8,17,8.333333333333334,0
1359484,1,Sunrisers Hyderabad,Death (15-19),2023,38,4,30,5,14,7.6,0
1359484,1,Sunrisers Hyderabad,Middle (6-14),2023,40,3,55,2,22,4.363636363636364,0
1359484,1,Sunrisers Hyderabad,Powerplay (0-5),2023,43,1,37,6,16,6.972972972972973,0
1359484,2,Lucknow Super Giants,Death (15-19),2023,9,0,6,1,2,9.0,1
1359484,2,Lucknow Super Giants,Middle (6-14),2023,73,3,57,9,26,7.684210526315789,1
1359484,2,Lucknow Super Giants,Powerplay (0-5),2023,45,2,38,6,19,7.105263157894737,1
1359485,1,Rajasthan Royals,Death (15-19),2023,69,1,31,10,7,13.354838709677418,1
1359485,1,Rajasthan Royals,Middle (6-14),2023,62,3,55,6,19,6.763636363636364,1
1359485,1,Rajasthan Royals,Powerplay (0-5),2023,68,0,38,14,14,10.736842105263158,1
1359485,2,Delhi Capitals,Death (15-19),2023,29,4,31,2,14,5.612903225806451,0
1359485,2,Delhi Capitals,Middle (6-14),2023,75,2,58,7,10,7.758620689655173,0
1359485,2,Delhi Capitals,Powerplay (0-5),2023,38,3,39,6,21,5.846153846153846,0
1359486,1,Mumbai Indians,Death (15-19),2023,48,2,32,6,8,9.0,0
1359486,1,Mumbai Indians,Middle (6-14),2023,48,5,56,3,20,5.142857142857142,0
1359486,1,Mumbai Indians,Powerplay (0-5),2023,61,1,37,10,11,9.891891891891891,0
1359486,2,Chennai Super Kings,Death (15-19),2023,25,0,21,3,7,7.142857142857143,1
1359486,2,Chennai Super Kings,Middle (6-14),2023,66,2,54,7,17,7.333333333333333,1
1359486,2,Chennai Super Kings,Powerplay (0-5),2023,68,1,39,9,11,10.461538461538462,1
1359487,1,Gujarat Titans,Death (15-19),2023,72,1,31,9,4,13.935483870967742,0
1359487,1,Gujarat Titans,Middle (6-14),2023,78,2,55,9,14,8.50909090909091,0
1359487,1,Gujarat Titans,Powerplay (0-5),2023,54,1,41,7,16,7.902439024390244,0
1359487,2,Kolkata Knight Riders,Death (15-19),2023,58,4,32,8,10,10.875,1
1359487,2,Kolkata Knight Riders,Middle (6-14),2023,106,1,55,16,14,11.563636363636364,1
1359487,2,Kolkata Knight Riders,Powerplay (0-5),2023,43,2,36,6,19,7.166666666666667,1
1359488,1,Punjab Kings,Death (15-19),2023,55,0,31,9,15,10.64516129032258,0
1359488,1,Punjab Kings,Middle (6-14),2023,47,6,55,7,31,5.127272727272728,0
1359488,1,Punjab Kings,Powerplay (0-5),2023,41,3,39,7,23,6.3076923076923075,0
1359488,2,Sunrisers Hyderabad,Death (15-19),2023,27,0,13,5,2,12.461538461538462,1
1359488,2,Sunrisers Hyderabad,Middle (6-14),2023,84,1,54,14,20,9.333333333333334,1
1359488,2,Sunrisers Hyderabad,Powerplay (0-5),2023,34,1,36,6,20,5.666666666666667,1
1359489,1,Royal Challengers Bangalore,Death (15-19),2023,75,1,33,11,7,13.636363636363637,0
1359489,1,Royal Challengers Bangalore,Middle (6-14),2023,81,1,55,8,15,8.836363636363638,0
1359489,1,Royal Challengers Bangalore,Powerplay (0-5),2023,56,0,36,8,13,9.333333333333334,0
1359489,2,Lucknow Super Giants,Death (15-19),2023,42,4,34,4,9,7.411764705882352,1
1359489,2,Lucknow Super Giants,Middle (6-14),2023,134,2,57,21,11,14.105263157894736,1
1359489,2,Lucknow Super Giants,Powerplay (0-5),2023,37,3,38,4,19,5.842105263157895,1
1359490,1,Delhi Capitals,Death (15-19),2023,49,5,30,7,10,9.8,0
1359490,1,Delhi Capitals,Middle (6-14),2023,72,4,57,8,19,7.578947368421052,0
1359490,1,Delhi Capitals,Powerplay (0-5),2023,51,1,37,10,16,8.27027027027027,0
1359490,2,Mumbai Indians,Death (15-19),2023,50,3,30,7,12,10.0,1
1359490,2,Mumbai Indians,Middle (6-14),2023,55,1,55,4,23,6.0,1
1359490,2,Mumbai Indians,Powerplay (0-5),2023,68,0,37,13,14,11.027027027027026,1
1359491,1,Rajasthan Royals,Death (15-19),2023,40,4,31,4,9,7.741935483870967,1
1359491,1,Rajasthan Royals,Middle (6-14),2023,78,3,59,5,15,7.932203389830508,1
1359491,1,Rajasthan Royals,Powerplay (0-5),2023,57,1,36,9,10,9.5,1
1359491,2,Chennai Super Kings,Death (15-19),2023,59,0,33,7,6,10.727272727272727,0
1359491,2,Chennai Super Kings,Middle (6-14),2023,68,5,58,5,15,7.03448275862069,0
1359491,2,Chennai Super Kings,Powerplay (0-5),2023,45,1,36,6,16,7.5,0
1359492,1,Punjab Kings,Death (15-19),2023,54,4,33,6,8,9.818181818181818,0
1359492,1,Punjab Kings,Middle (6-14),2023,47,2,55,6,27,5.127272727272728,0
1359492,1,Punjab Kings,Powerplay (0-5),2023,52,2,41,9,21,7.609756097560976,0
1359492,2,Gujarat Titans,Death (15-19),2023,43,1,29,5,8,8.896551724137932,1
1359492,2,Gujarat Titans,Middle (6-14),2023,55,2,54,4,18,6.111111111111111,1
1359492,2,Gujarat Titans,Powerplay (0-5),2023,56,1,36,9,13,9.333333333333334,1
1359493,1,Sunrisers Hyderabad,Death (15-19),2023,71,1,33,11,3,12.909090909090908,1
1359493,1,Sunrisers Hyderabad,Middle (6-14),2023,92,1,56,12,16,9.857142857142856,1
1359493,1,Sunrisers Hyderabad,Powerplay (0-5),2023,65,2,39,9,11,10.0,1
1359493,2,Kolkata Knight Riders,Death (15-19),2023,63,2,34,9,10,11.117647058823529,0
1359493,2,Kolkata Knight Riders,Middle (6-14),2023,80,2,57,9,18,8.421052631578947,0
1359493,2,Kolkata Knight Riders,Powerplay (0-5),2023,62,3,37,11,16,10.054054054054054,0
1359494,1,Royal Challengers Bangalore,Death (15-19),2023,40,0,32,4,9,7.5,1
1359494,1,Royal Challengers Bangalore,Middle (6-14),2023,87,5,55,10,19,9.490909090909092,1
1359494,1,Royal Challengers Bangalore,Powerplay (0-5),2023,47,1,37,7,14,7.621621621621621,1
1359494,2,Delhi Capitals,Death (15-19),2023,43,2,32,6,11,8.0625,0
1359494,2,Delhi Capitals,Middle (6-14),2023,76,3,55,9,15,8.290909090909091,0
1359494,2,Delhi Capitals,Powerplay (0-5),2023,32,4,36,5,20,5.333333333333333,0
1359495,1,Lucknow Super Giants,Death (15-19),2023,48,4,33,4,9,8.727272727272727,0
1359495,1,Lucknow Super Giants,Middle (6-14),2023,62,4,57,6,23,6.526315789473684,0
1359495,1,Lucknow Super Giants,Powerplay (0-5),2023,49,0,37,7,16,7.945945945945946,0
1359495,2,Punjab Kings,Death (15-19),2023,46,3,31,6,10,8.903225806451612,1
1359495,2,Punjab Kings,Middle (6-14),2023,70,2,55,8,21,7.636363636363637,1
1359495,2,Punjab Kings,Powerplay (0-5),2023,45,3,36,8,21,7.5,1
1359496,1,Kolkata Knight Riders,Death (15-19),2023,45,2,33,7,12,8.181818181818182,0
1359496,1,Kolkata Knight Riders,Middle (6-14),2023,83,2,55,9,14,9.054545454545455,0
1359496,1,Kolkata Knight Riders,Powerplay (0-5),2023,57,2,40,6,18,8.549999999999999,0
1359496,2,Mumbai Indians,Death (15-19),2023,23,2,17,3,3,8.117647058823529,1
1359496,2,Mumbai Indians,Middle (6-14),2023,91,2,55,13,21,9.927272727272728,1
1359496,2,Mumbai Indians,Powerplay (0-5),2023,72,1,37,12,14,11.675675675675675,1
1359497,1,Gujarat Titans,Death (15-19),2023,58,4,31,7,5,11.225806451612902,0
1359497,1,Gujarat Titans,Middle (6-14),2023,77,1,55,7,11,8.4,0
1359497,1,Gujarat Titans,Powerplay (0-5),2023,42,2,38,6,17,6.631578947368421,0
1359497,2,Rajasthan Royals,Death (15-19),2023,65,2,27,10,7,14.444444444444445,1
1359497,2,Rajasthan Royals,Middle (6-14),2023,88,3,54,11,14,9.777777777777779,1
1359497,2,Rajasthan Royals,Powerplay (0-5),2023,26,2,37,4,28,4.216216216216216,1
1359498,1,Chennai Super Kings,Death (15-19),2023,61,4,34,7,8,10.76470588235294,1
1359498,1,Chennai Super Kings,Middle (6-14),2023,112,1,56,15,12,12.0,1
1359498,1,Chennai Super Kings,Powerplay (0-5),2023,53,1,36,7,13,8.833333333333334,1
1359498,2,Royal Challengers Bangalore,Death (15-19),2023,49,4,35,5,10,8.4,0
1359498,2,Royal Challengers Bangalore,Middle (6-14),2023,94,2,55,11,12,10.254545454545456,0
1359498,2,Royal Challengers Bangalore,Powerplay (0-5),2023,75,2,36,12,15,12.5,0
1359499,1,Mumbai Indians,Death (15-19),2023,62,2,31,9,6,12.0,1
1359499,1,Mumbai Indians,Middle (6-14),2023,77,2,54,10,19,8.555555555555555,1
1359499,1,Mumbai Indians,Powerplay (0-5),2023,53,1,37,9,16,8.594594594594595,1
1359499,2,Sunrisers Hyderabad,Death (15-19),2023,45,4,32,6,13,8.4375,0
1359499,2,Sunrisers Hyderabad,Middle (6-14),2023,91,4,57,11,13,9.578947368421053,0
1359499,2,Sunrisers Hyderabad,Powerplay (0-5),2023,42,2,38,5,15,6.631578947368421,0
1359500,1,Lucknow Super Giants,Death (15-19),2023,45,3,30,5,7,9.0,1
1359500,1,Lucknow Super Giants,Middle (6-14),2023,72,4,55,8,19,7.854545454545455,1
1359500,1,Lucknow Super Giants,Powerplay (0-5),2023,37,0,37,5,22,6.0,1
1359500,2,Rajasthan Royals,Death (15-19),2023,40,3,30,6,12,8.0,0
1359500,2,Rajasthan Royals,Middle (6-14),2023,57,3,56,4,20,6.107142857142857,0
1359500,2,Rajasthan Royals,Powerplay (0-5),2023,47,0,37,7,19,7.621621621621621,0
1359501,1,Royal Challengers Bangalore,Death (15-19),2023,44,4,31,4,13,8.516129032258064,1
1359501,1,Royal Challengers Bangalore,Middle (6-14),2023,71,0,56,6,11,7.607142857142857,1
1359501,1,Royal Challengers Bangalore,Powerplay (0-5),2023,59,0,36,8,13,9.833333333333334,1
1359501,2,Punjab Kings,Death (15-19),2023,25,3,21,2,6,7.142857142857143,0
1359501,2,Punjab Kings,Middle (6-14),2023,76,3,55,9,22,8.290909090909091,0
1359501,2,Punjab Kings,Powerplay (0-5),2023,49,4,37,8,18,7.945945945945946,0
1359502,1,Kolkata Knight Riders,Death (15-19),2023,33,2,35,4,21,5.6571428571428575,0
1359502,1,Kolkata Knight Riders,Middle (6-14),2023,59,5,57,6,24,6.2105263157894735,0
1359502,1,Kolkata Knight Riders,Powerplay (0-5),2023,35,3,38,6,22,5.526315789473684,0
1359502,2,Delhi Capitals,Death (15-19),2023,24,2,29,0,10,4.9655172413793105,1
1359502,2,Delhi Capitals,Middle (6-14),2023,43,3,54,5,27,4.777777777777778,1
1359502,2,Delhi Capitals,Powerplay (0-5),2023,61,1,38,12,15,9.631578947368421,1
1359503,1,Sunrisers Hyderabad,Death (15-19),2023,32,2,31,3,10,6.193548387096774,0
1359503,1,Sunrisers Hyderabad,Middle (6-14),2023,57,4,54,4,14,6.333333333333333,0
1359503,1,Sunrisers Hyderabad,Powerplay (0-5),2023,45,1,37,6,17,7.297297297297297,0
1359503,2,Chennai Super Kings,Death (15-19),2023,27,1,22,4,8,7.363636363636364,1
1359503,2,Chennai Super Kings,Middle (6-14),2023,51,2,54,3,17,5.666666666666667,1
1359503,2,Chennai Super Kings,Powerplay (0-5),2023,60,0,36,10,14,10.0,1
1359504,1,Gujarat Titans,Death (15-19),2023,43,2,30,4,9,8.6,1
1359504,1,Gujarat Titans,Middle (6-14),2023,52,3,54,4,19,5.777777777777778,1
1359504,1,Gujarat Titans,Powerplay (0-5),2023,40,1,36,5,18,6.666666666666667,1
1359504,2,Lucknow Super Giants,Death (15-19),2023,22,5,30,0,12,4.4,0
1359504,2,Lucknow Super Giants,Middle (6-14),2023,53,2,55,5,25,5.781818181818182,0
1359504,2,Lucknow Super Giants,Powerplay (0-5),2023,53,0,36,9,13,8.833333333333334,0
1359505,1,Punjab Kings,Death (15-19),2023,96,4,32,17,7,18.0,1
1359505,1,Punjab Kings,Middle (6-14),2023,60,3,58,6,26,6.206896551724138,1
1359505,1,Punjab Kings,Powerplay (0-5),2023,58,1,39,7,13,8.923076923076923,1
1359505,2,Mumbai Indians,Death (15-19),2023,52,4,30,6,8,10.4,0
1359505,2,Mumbai Indians,Middle (6-14),2023,95,1,54,14,10,10.555555555555555,0
1359505,2,Mumbai Indians,Powerplay (0-5),2023,54,1,39,8,15,8.307692307692308,0
1359506,1,Royal Challengers Bangalore,Death (15-19),2023,33,5,32,3,11,6.1875,1
1359506,1,Royal Challengers Bangalore,Middle (6-14),2023,94,2,57,10,12,9.894736842105264,1
1359506,1,Royal Challengers Bangalore,Powerplay (0-5),2023,62,2,36,11,14,10.333333333333334,1
1359506,2,Rajasthan Royals,Death (15-19),2023,61,3,35,7,6,10.457142857142857,0
1359506,2,Rajasthan Royals,Middle (6-14),2023,74,2,55,8,15,8.072727272727274,0
1359506,2,Rajasthan Royals,Powerplay (0-5),2023,47,1,36,9,18,7.833333333333333,0
1359507,1,Chennai Super Kings,Death (15-19),2023,75,2,33,10,8,13.636363636363637,1
1359507,1,Chennai Super Kings,Middle (6-14),2023,101,2,54,14,13,11.222222222222221,1
1359507,1,Chennai Super Kings,Powerplay (0-5),2023,59,0,36,8,14,9.833333333333334,1
1359507,2,Kolkata Knight Riders,Death (15-19),2023,49,3,35,6,14,8.4,0
1359507,2,Kolkata Knight Riders,Middle (6-14),2023,99,3,56,14,13,10.607142857142856,0
1359507,2,Kolkata Knight Riders,Powerplay (0-5),2023,38,2,38,6,23,6.0,0
1359508,1,Delhi Capitals,Death (15-19),2023,38,4,30,4,8,7.6,1
1359508,1,Delhi Capitals,Middle (6-14),2023,57,3,55,5,17,6.218181818181819,1
1359508,1,Delhi Capitals,Powerplay (0-5),2023,49,2,36,8,19,8.166666666666666,1
1359508,2,Sunrisers Hyderabad,Death (15-19),2023,48,1,30,6,6,9.6,0
1359508,2,Sunrisers Hyderabad,Middle (6-14),2023,53,4,55,2,15,5.781818181818182,0
1359508,2,Sunrisers Hyderabad,Powerplay (0-5),2023,36,1,36,6,19,6.0,0
1359509,1,Gujarat Titans,Death (15-19),2023,77,2,32,10,5,14.4375,1
1359509,1,Gujarat Titans,Middle (6-14),2023,80,3,55,10,16,8.727272727272728,1
1359509,1,Gujarat Titans,Powerplay (0-5),2023,50,1,38,6,14,7.894736842105264,1
1359509,2,Mumbai Indians,Death (15-19),2023,40,3,30,4,10,8.0,0
1359509,2,Mumbai Indians,Middle (6-14),2023,83,5,54,11,19,9.222222222222221,0
1359509,2,Mumbai Indians,Powerplay (0-5),2023,29,1,37,2,22,4.702702702702703,0
1359510,1,Kolkata Knight Riders,Death (15-19),2023,69,3,30,11,8,13.8,1
1359510,1,Kolkata Knight Riders,Middle (6-14),2023,65,2,58,5,12,6.724137931034483,1
1359510,1,Kolkata Knight Riders,Powerplay (0-5),2023,66,0,37,12,17,10.702702702702702,1
1359510,2,Royal Challengers Bangalore,Death (15-19),2023,41,2,31,3,9,7.935483870967741,0
1359510,2,Royal Challengers Bangalore,Middle (6-14),2023,80,3,55,7,11,8.727272727272728,0
1359510,2,Royal Challengers Bangalore,Powerplay (0-5),2023,58,3,36,9,11,9.666666666666666,0
1359511,1,Rajasthan Royals,Death (15-19),2023,63,2,31,10,8,12.193548387096774,1
1359511,1,Rajasthan Royals,Middle (6-14),2023,75,3,57,5,14,7.894736842105263,1
1359511,1,Rajasthan Royals,Powerplay (0-5),2023,64,0,36,12,15,10.666666666666666,1
1359511,2,Chennai Super Kings,Death (15-19),2023,45,1,30,6,6,9.0,0
1359511,2,Chennai Super Kings,Middle (6-14),2023,83,4,55,9,14,9.054545454545455,0
1359511,2,Chennai Super Kings,Powerplay (0-5),2023,42,1,36,5,15,7.0,0
1359512,1,Lucknow Super Giants,Death (15-19),2023,73,2,33,11,8,13.272727272727273,1
1359512,1,Lucknow Super Giants,Middle (6-14),2023,110,1,56,16,13,11.785714285714285,1
1359512,1,Lucknow Super Giants,Powerplay (0-5),2023,74,2,40,14,20,11.1,1
1359512,2,Punjab Kings,Death (15-19),2023,49,6,33,5,15,8.909090909090908,0
1359512,2,Punjab Kings,Middle (6-14),2023,97,2,55,13,13,10.581818181818182,0
1359512,2,Punjab Kings,Powerplay (0-5),2023,55,2,40,8,16,8.25,0
1359513,1,Kolkata Knight Riders,Death (15-19),2023,45,3,30,6,12,9.0,0
1359513,1,Kolkata Knight Riders,Middle (6-14),2023,73,2,56,8,21,7.821428571428571,0
1359513,1,Kolkata Knight Riders,Powerplay (0-5),2023,61,2,37,10,16,9.891891891891891,0
1359513,2,Gujarat Titans,Death (15-19),2023,51,0,19,6,2,16.105263157894736,1
1359513,2,Gujarat Titans,Middle (6-14),2023,77,2,54,8,14,8.555555555555555,1
1359513,2,Gujarat Titans,Powerplay (0-5),2023,52,1,37,9,13,8.432432432432432,1
1359514,1,Sunrisers Hyderabad,Death (15-19),2023,62,1,33,7,6,11.272727272727273,1
1359514,1,Sunrisers Hyderabad,Middle (6-14),2023,73,3,57,8,17,7.684210526315789,1
1359514,1,Sunrisers Hyderabad,Powerplay (0-5),2023,62,2,39,11,15,9.538461538461538,1
1359514,2,Delhi Capitals,Death (15-19),2023,50,2,33,5,5,9.090909090909092,0
1359514,2,Delhi Capitals,Middle (6-14),2023,81,3,54,9,11,9.0,0
1359514,2,Delhi Capitals,Powerplay (0-5),2023,57,1,36,8,11,9.5,0
1359515,1,Chennai Super Kings,Death (15-19),2023,54,2,32,7,8,10.125,0
1359515,1,Chennai Super Kings,Middle (6-14),2023,89,2,56,12,13,9.535714285714285,0
1359515,1,Chennai Super Kings,Powerplay (0-5),2023,57,0,39,10,15,8.76923076923077,0
1359515,2,Punjab Kings,Death (15-19),2023,72,3,33,8,7,13.090909090909092,1
1359515,2,Punjab Kings,Middle (6-14),2023,67,2,55,5,17,7.3090909090909095,1
1359515,2,Punjab Kings,Powerplay (0-5),2023,62,1,37,9,11,10.054054054054054,1
1359516,1,Rajasthan Royals,Death (15-19),2023,69,3,33,11,8,12.545454545454545,0
1359516,1,Rajasthan Royals,Middle (6-14),2023,78,4,58,11,25,8.068965517241379,0
1359516,1,Rajasthan Royals,Powerplay (0-5),2023,65,0,42,10,22,9.285714285714286,0
1359516,2,Mumbai Indians,Death (15-19),2023,64,1,30,9,6,12.8,1
1359516,2,Mumbai Indians,Middle (6-14),2023,92,2,56,14,17,9.857142857142856,1
1359516,2,Mumbai Indians,Powerplay (0-5),2023,58,1,39,8,9,8.923076923076923,1
1359517,1,Royal Challengers Bangalore,Death (15-19),2023,34,5,30,3,9,6.8,1
1359517,1,Royal Challengers Bangalore,Middle (6-14),2023,50,4,56,1,18,5.357142857142857,1
1359517,1,Royal Challengers Bangalore,Powerplay (0-5),2023,42,0,36,4,11,7.0,1
1359517,2,Lucknow Super Giants,Death (15-19),2023,30,2,32,4,19,5.625,0
1359517,2,Lucknow Super Giants,Middle (6-14),2023,44,4,54,3,23,4.888888888888889,0
1359517,2,Lucknow Super Giants,Powerplay (0-5),2023,34,4,38,5,24,5.368421052631579,0
1359518,1,Delhi Capitals,Death (15-19),2023,52,2,30,7,8,10.4,1
1359518,1,Delhi Capitals,Middle (6-14),2023,50,1,57,4,27,5.2631578947368425,1
1359518,1,Delhi Capitals,Powerplay (0-5),2023,28,5,37,3,24,4.54054054054054,1
1359518,2,Gujarat Titans,Death (15-19),2023,46,2,31,4,7,8.903225806451612,0
1359518,2,Gujarat Titans,Middle (6-14),2023,48,1,56,3,21,5.142857142857142,0
1359518,2,Gujarat Titans,Powerplay (0-5),2023,31,3,37,6,26,5.027027027027027,0
1359519,1,Lucknow Super Giants,Death (15-19),2023,52,2,28,5,7,11.142857142857142,0
1359519,1,Lucknow Super Giants,Middle (6-14),2023,42,2,54,1,20,4.666666666666667,0
1359519,1,Lucknow Super Giants,Powerplay (0-5),2023,31,3,36,4,19,5.166666666666667,0
1359520,1,Punjab Kings,Death (15-19),2023,69,0,32,8,5,12.9375,0
1359520,1,Punjab Kings,Middle (6-14),2023,95,2,60,11,11,9.5,0
1359520,1,Punjab Kings,Powerplay (0-5),2023,50,1,36,8,16,8.333333333333334,0
1359520,2,Mumbai Indians,Death (15-19),2023,46,2,23,7,6,12.0,1
1359520,2,Mumbai Indians,Middle (6-14),2023,116,0,56,17,6,12.428571428571427,1
1359520,2,Mumbai Indians,Powerplay (0-5),2023,54,2,37,8,16,8.756756756756756,1
1359521,1,Kolkata Knight Riders,Death (15-19),2023,42,4,31,4,8,8.129032258064516,1
1359521,1,Kolkata Knight Riders,Middle (6-14),2023,80,2,56,10,19,8.571428571428571,1
1359521,1,Kolkata Knight Riders,Powerplay (0-5),2023,49,3,40,8,20,7.35,1
1359521,2,Sunrisers Hyderabad,Death (15-19),2023,32,3,32,3,15,6.0,0
1359521,2,Sunrisers Hyderabad,Middle (6-14),2023,81,2,56,9,12,8.678571428571429,0
1359521,2,Sunrisers Hyderabad,Powerplay (0-5),2023,53,3,39,8,21,8.153846153846153,0
1359522,1,Rajasthan Royals,Death (15-19),2023,18,2,20,1,7,5.3999999999999995,0
1359522,1,Rajasthan Royals,Middle (6-14),2023,50,6,57,4,21,5.2631578947368425,0
1359522,1,Rajasthan Royals,Powerplay (0-5),2023,50,2,37,7,16,8.108108108108107,0
1359522,2,Gujarat Titans,Middle (6-14),2023,70,1,47,8,11,8.936170212765958,1
1359522,2,Gujarat Titans,Powerplay (0-5),2023,49,0,37,9,18,7.945945945945946,1
1359523,1,Mumbai Indians,Death (15-19),2023,46,4,31,6,9,8.903225806451612,0
1359523,1,Mumbai Indians,Middle (6-14),2023,59,1,55,6,22,6.4363636363636365,0
1359523,1,Mumbai Indians,Powerplay (0-5),2023,34,3,36,4,18,5.666666666666667,0
1359523,2,Chennai Super Kings,Death (15-19),2023,17,1,16,1,4,6.375,1
1359523,2,Chennai Super Kings,Middle (6-14),2023,68,2,54,6,16,7.555555555555555,1
1359523,2,Chennai Super Kings,Powerplay (0-5),2023,55,1,39,9,19,8.461538461538462,1
1359524,1,Royal Challengers Bangalore,Death (15-19),2023,55,2,34,7,8,9.705882352941176,0
1359524,1,Royal Challengers Bangalore,Middle (6-14),2023,75,2,55,7,11,8.181818181818182,0
1359524,1,Royal Challengers Bangalore,Powerplay (0-5),2023,51,0,36,8,14,8.5,0
1359524,2,Delhi Capitals,Death (15-19),2023,21,1,10,3,2,12.6,1
1359524,2,Delhi Capitals,Middle (6-14),2023,96,1,56,12,18,10.285714285714285,1
1359524,2,Delhi Capitals,Powerplay (0-5),2023,70,1,37,12,15,11.35135135135135,1
1359525,1,Gujarat Titans,Death (15-19),2023,51,1,30,6,5,10.2,1
1359525,1,Gujarat Titans,Middle (6-14),2023,98,1,57,11,8,10.31578947368421,1
1359525,1,Gujarat Titans,Powerplay (0-5),2023,78,0,38,12,12,12.31578947368421,1
1359525,2,Lucknow Super Giants,Death (15-19),2023,41,4,31,5,14,7.935483870967741,0
1359525,2,Lucknow Super Giants,Middle (6-14),2023,58,3,55,4,15,6.327272727272728,0
1359525,2,Lucknow Super Giants,Powerplay (0-5),2023,72,0,39,14,16,11.076923076923077,0
1359526,1,Rajasthan Royals,Death (15-19),2023,60,1,32,8,6,11.25,0
1359526,1,Rajasthan Royals,Middle (6-14),2023,93,0,55,12,14,10.145454545454546,0
1359526,1,Rajasthan Royals,Powerplay (0-5),2023,61,1,38,10,16,9.631578947368421,0
1359526,2,Sunrisers Hyderabad,Death (15-19),2023,71,4,32,10,10,13.3125,1
1359526,2,Sunrisers Hyderabad,Middle (6-14),2023,94,1,57,10,10,9.894736842105264,1
1359526,2,Sunrisers Hyderabad,Powerplay (0-5),2023,52,1,36,8,12,8.666666666666666,1
1359527,1,Punjab Kings,Death (15-19),2023,55,2,32,8,10,10.3125,0
1359527,1,Punjab Kings,Middle (6-14),2023,66,2,56,8,25,7.071428571428571,0
1359527,1,Punjab Kings,Powerplay (0-5),2023,58,3,38,11,18,9.157894736842106,0
1359527,2,Kolkata Knight Riders,Death (15-19),2023,60,2,31,8,7,11.61290322580645,1
1359527,2,Kolkata Knight Riders,Middle (6-14),2023,70,2,55,9,15,7.636363636363637,1
1359527,2,Kolkata Knight Riders,Powerplay (0-5),2023,52,1,37,9,17,8.432432432432432,1
1359528,1,Royal Challengers Bangalore,Death (15-19),2023,47,1,30,7,10,9.4,0
1359528,1,Royal Challengers Bangalore,Middle (6-14),2023,96,3,57,11,12,10.105263157894736,0
1359528,1,Royal Challengers Bangalore,Powerplay (0-5),2023,56,2,36,11,15,9.333333333333334,0
1359528,2,Mumbai Indians,Death (15-19),2023,26,2,10,4,3,15.6,1
1359528,2,Mumbai Indians,Middle (6-14),2023,112,0,58,15,12,11.586206896551724,1
1359528,2,Mumbai Indians,Powerplay (0-5),2023,62,2,38,10,18,9.789473684210527,1
1359529,1,Chennai Super Kings,Death (15-19),2023,50,3,35,5,11,8.571428571428571,1
1359529,1,Chennai Super Kings,Middle (6-14),2023,68,4,56,5,14,7.285714285714286,1
1359529,1,Chennai Super Kings,Powerplay (0-5),2023,49,1,39,7,15,7.538461538461538,1
1359529,2,Delhi Capitals,Death (15-19),2023,49,3,34,6,11,8.647058823529411,0
1359529,2,Delhi Capitals,Middle (6-14),2023,44,2,54,3,26,4.888888888888889,0
1359529,2,Delhi Capitals,Powerplay (0-5),2023,47,3,37,7,18,7.621621621621621,0
1359530,1,Kolkata Knight Riders,Death (15-19),2023,33,4,30,3,13,6.6,0
1359530,1,Kolkata Knight Riders,Middle (6-14),2023,79,2,55,8,12,8.618181818181819,0
1359530,1,Kolkata Knight Riders,Powerplay (0-5),2023,37,2,36,5,23,6.166666666666667,0
1359530,2,Rajasthan Royals,Middle (6-14),2023,73,0,43,10,14,10.186046511627907,1
1359530,2,Rajasthan Royals,Powerplay (0-5),2023,78,1,39,15,16,12.0,1
1359531,1,Mumbai Indians,Death (15-19),2023,67,2,30,11,8,13.4,1
1359531,1,Mumbai Indians,Middle (6-14),2023,90,3,54,13,17,10.0,1
1359531,1,Mumbai Indians,Powerplay (0-5),2023,61,0,36,10,16,10.166666666666666,1
1359531,2,Gujarat Titans,Death (15-19),2023,61,0,32,10,16,11.4375,0
1359531,2,Gujarat Titans,Middle (6-14),2023,82,5,55,10,15,8.945454545454545,0
1359531,2,Gujarat Titans,Powerplay (0-5),2023,48,3,36,8,15,8.0,0
1359532,1,Sunrisers Hyderabad,Death (15-19),2023,52,1,31,7,12,10.064516129032258,0
1359532,1,Sunrisers Hyderabad,Middle (6-14),2023,74,3,54,9,17,8.222222222222221,0
1359532,1,Sunrisers Hyderabad,Powerplay (0-5),2023,56,2,38,10,16,8.842105263157896,0
1359532,2,Lucknow Super Giants,Death (15-19),2023,71,1,27,11,5,15.777777777777779,1
1359532,2,Lucknow Super Giants,Middle (6-14),2023,84,1,57,10,11,8.842105263157896,1
1359532,2,Lucknow Super Giants,Powerplay (0-5),2023,30,1,37,4,21,4.864864864864865,1
1359533,1,Punjab Kings,Death (15-19),2023,50,3,31,7,9,9.67741935483871,1
1359533,1,Punjab Kings,Middle (6-14),2023,71,1,57,7,19,7.473684210526316,1
1359533,1,Punjab Kings,Powerplay (0-5),2023,46,3,39,7,23,7.076923076923077,1
1359533,2,Delhi Capitals,Death (15-19),2023,21,2,31,0,10,4.064516129032258,0
1359533,2,Delhi Capitals,Middle (6-14),2023,50,6,56,7,31,5.357142857142857,0
1359533,2,Delhi Capitals,Powerplay (0-5),2023,65,0,36,12,11,10.833333333333334,0
1359534,1,Royal Challengers Bangalore,Death (15-19),2023,51,3,30,7,8,10.2,1
1359534,1,Royal Challengers Bangalore,Middle (6-14),2023,78,2,56,8,13,8.357142857142856,1
1359534,1,Royal Challengers Bangalore,Powerplay (0-5),2023,42,0,38,4,10,6.631578947368421,1
1359534,2,Rajasthan Royals,Middle (6-14),2023,31,5,27,4,15,6.888888888888889,0
1359534,2,Rajasthan Royals,Powerplay (0-5),2023,28,5,38,4,25,4.421052631578948,0
1359535,1,Chennai Super Kings,Death (15-19),2023,52,1,35,4,9,8.914285714285715,0
1359535,1,Chennai Super Kings,Middle (6-14),2023,40,4,54,1,21,4.444444444444445,0
1359535,1,Chennai Super Kings,Powerplay (0-5),2023,52,1,36,7,11,8.666666666666666,0
1359535,2,Kolkata Knight Riders,Death (15-19),2023,30,1,24,2,7,7.5,1
1359535,2,Kolkata Knight Riders,Middle (6-14),2023,71,0,55,9,18,7.745454545454546,1
1359535,2,Kolkata Knight Riders,Powerplay (0-5),2023,46,3,39,6,17,7.076923076923077,1
1359536,1,Gujarat Titans,Death (15-19),2023,34,7,31,3,9,6.580645161290322,1
1359536,1,Gujarat Titans,Middle (6-14),2023,89,1,57,11,10,9.368421052631579,1
1359536,1,Gujarat Titans,Powerplay (0-5),2023,65,1,40,10,16,9.75,1
1359536,2,Sunrisers Hyderabad,Death (15-19),2023,43,2,32,5,11,8.0625,0
1359536,2,Sunrisers Hyderabad,Middle (6-14),2023,66,3,56,7,19,7.071428571428571,0
1359536,2,Sunrisers Hyderabad,Powerplay (0-5),2023,45,4,37,6,18,7.297297297297297,0
1359537,1,Lucknow Super Giants,Death (15-19),2023,69,1,32,10,9,12.9375,1
1359537,1,Lucknow Super Giants,Middle (6-14),2023,73,1,57,4,13,7.684210526315789,1
1359537,1,Lucknow Super Giants,Powerplay (0-5),2023,35,2,36,3,20,5.833333333333333,1
1359537,2,Mumbai Indians,Death (15-19),2023,47,2,35,3,14,8.057142857142857,0
1359537,2,Mumbai Indians,Middle (6-14),2023,67,3,56,9,21,7.178571428571428,0
1359537,2,Mumbai Indians,Powerplay (0-5),2023,58,0,39,7,11,8.923076923076923,0
1359538,1,Delhi Capitals,Death (15-19),2023,65,0,32,9,5,12.1875,1
1359538,1,Delhi Capitals,Middle (6-14),2023,87,2,56,12,17,9.321428571428571,1
1359538,1,Delhi Capitals,Powerplay (0-5),2023,61,0,37,10,14,9.891891891891891,1
1359538,2,Punjab Kings,Death (15-19),2023,70,5,33,11,17,12.727272727272727,0
1359538,2,Punjab Kings,Middle (6-14),2023,81,2,55,9,11,8.836363636363638,0
1359538,2,Punjab Kings,Powerplay (0-5),2023,47,1,36,8,22,7.833333333333333,0
1359539,1,Sunrisers Hyderabad,Death (15-19),2023,53,2,32,6,6,9.9375,0
1359539,1,Sunrisers Hyderabad,Middle (6-14),2023,84,1,55,8,10,9.163636363636364,0
1359539,1,Sunrisers Hyderabad,Powerplay (0-5),2023,49,2,37,9,18,7.945945945945946,0
1359539,2,Royal Challengers Bangalore,Death (15-19),2023,37,2,28,4,9,7.928571428571428,1
1359539,2,Royal Challengers Bangalore,Middle (6-14),2023,86,0,56,11,16,9.214285714285714,1
1359539,2,Royal Challengers Bangalore,Powerplay (0-5),2023,64,0,37,11,10,10.378378378378377,1
1359540,1,Punjab Kings,Death (15-19),2023,70,0,31,11,4,13.548387096774192,0
1359540,1,Punjab Kings,Middle (6-14),2023,69,2,57,7,19,7.2631578947368425,0
1359540,1,Punjab Kings,Powerplay (0-5),2023,48,3,38,8,20,7.578947368421053,0
1359540,2,Rajasthan Royals,Death (15-19),2023,48,2,31,7,13,9.29032258064516,1
1359540,2,Rajasthan Royals,Middle (6-14),2023,84,3,58,10,17,8.689655172413794,1
1359540,2,Rajasthan Royals,Powerplay (0-5),2023,57,1,37,10,16,9.243243243243242,1
1359541,1,Chennai Super Kings,Death (15-19),2023,75,2,37,11,8,12.162162162162161,1
1359541,1,Chennai Super Kings,Middle (6-14),2023,96,1,55,12,11,10.472727272727273,1
1359541,1,Chennai Super Kings,Powerplay (0-5),2023,52,0,37,8,14,8.432432432432432,1
1359541,2,Delhi Capitals,Death (15-19),2023,30,4,33,3,16,5.454545454545454,0
1359541,2,Delhi Capitals,Middle (6-14),2023,82,2,58,9,14,8.482758620689655,0
1359541,2,Delhi Capitals,Powerplay (0-5),2023,34,3,36,5,22,5.666666666666667,0
1359542,1,Lucknow Super Giants,Death (15-19),2023,57,3,35,7,9,9.771428571428572,1
1359542,1,Lucknow Super Giants,Middle (6-14),2023,65,4,55,8,25,7.090909090909092,1
1359542,1,Lucknow Super Giants,Powerplay (0-5),2023,54,1,37,7,17,8.756756756756756,1
1359542,2,Kolkata Knight Riders,Death (15-19),2023,61,3,33,9,12,11.090909090909092,0
1359542,2,Kolkata Knight Riders,Middle (6-14),2023,53,3,55,4,21,5.781818181818182,0
1359542,2,Kolkata Knight Riders,Powerplay (0-5),2023,61,1,37,11,14,9.891891891891891,0
1359543,1,Sunrisers Hyderabad,Death (15-19),2023,43,4,31,4,9,8.32258064516129,0
1359543,1,Sunrisers Hyderabad,Middle (6-14),2023,104,1,57,14,10,10.947368421052632,0
1359543,1,Sunrisers Hyderabad,Powerplay (0-5),2023,53,0,38,9,15,8.368421052631579,0
1359543,2,Mumbai Indians,Death (15-19),2023,41,0,19,7,2,12.947368421052632,1
1359543,2,Mumbai Indians,Middle (6-14),2023,100,1,57,14,16,10.526315789473685,1
1359543,2,Mumbai Indians,Powerplay (0-5),2023,60,1,37,10,15,9.72972972972973,1
1359544,1,Royal Challengers Bangalore,Death (15-19),2023,61,0,31,8,1,11.806451612903226,0
1359544,1,Royal Challengers Bangalore,Middle (6-14),2023,74,5,57,9,17,7.7894736842105265,0
1359544,1,Royal Challengers Bangalore,Powerplay (0-5),2023,62,0,37,11,11,10.054054054054054,0
1359544,2,Gujarat Titans,Death (15-19),2023,50,2,31,5,9,9.67741935483871,1
1359544,2,Gujarat Titans,Middle (6-14),2023,97,1,55,12,15,10.581818181818182,1
1359544,2,Gujarat Titans,Powerplay (0-5),2023,51,1,37,8,18,8.27027027027027,1
1370350,1,Chennai Super Kings,Death (15-19),2023,47,4,31,4,6,9.096774193548386,1
1370350,1,Chennai Super Kings,Middle (6-14),2023,76,3,54,7,11,8.444444444444445,1
1370350,1,Chennai Super Kings,Powerplay (0-5),2023,49,0,37,7,19,7.945945945945946,1
1370350,2,Gujarat Titans,Death (15-19),2023,55,4,35,8,13,9.428571428571429,0
1370350,2,Gujarat Titans,Middle (6-14),2023,61,4,61,4,21,6.0,0
1370350,2,Gujarat Titans,Powerplay (0-5),2023,41,2,36,6,16,6.833333333333333,0
1370351,1,Mumbai Indians,Death (15-19),2023,51,4,35,6,16,8.742857142857144,1
1370351,1,Mumbai Indians,Middle (6-14),2023,69,2,55,6,13,7.527272727272727,1
1370351,1,Mumbai Indians,Powerplay (0-5),2023,62,2,36,11,17,10.333333333333334,1
1370351,2,Lucknow Super Giants,Death (15-19),2023,1,1,9,0,8,0.6666666666666666,0
1370351,2,Lucknow Super Giants,Middle (6-14),2023,46,7,56,3,26,4.928571428571428,0
1370351,2,Lucknow Super Giants,Powerplay (0-5),2023,54,2,37,8,16,8.756756756756756,0
1370352,1,Gujarat Titans,Death (15-19),2023,67,2,35,10,6,11.485714285714286,1
1370352,1,Gujarat Titans,Middle (6-14),2023,116,1,55,14,8,12.654545454545456,1
1370352,1,Gujarat Titans,Powerplay (0-5),2023,50,0,37,7,13,8.108108108108107,1
1370352,2,Mumbai Indians,Death (15-19),2023,15,4,21,1,11,4.285714285714286,0
1370352,2,Mumbai Indians,Middle (6-14),2023,84,3,57,10,18,8.842105263157896,0
1370352,2,Mumbai Indians,Powerplay (0-5),2023,72,3,37,13,12,11.675675675675675,0
1370353,1,Gujarat Titans,Death (15-19),2023,71,2,30,11,7,14.2,0
1370353,1,Gujarat Titans,Middle (6-14),2023,81,2,56,8,11,8.678571428571429,0
1370353,1,Gujarat Titans,Powerplay (0-5),2023,62,0,36,10,9,10.333333333333334,0
1370353,2,Chennai Super Kings,Middle (6-14),2023,99,5,56,11,11,10.607142857142856,1
1370353,2,Chennai Super Kings,Powerplay (0-5),2023,72,0,38,10,8,11.368421052631579,1
1422119,1,Royal Challengers Bengaluru,Death (15-19),2024,71,1,37,10,9,11.513513513513512,0
1422119,1,Royal Challengers Bengaluru,Middle (6-14),2024,60,2,54,4,14,6.666666666666667,0
1422119,1,Royal Challengers Bengaluru,Powerplay (0-5),2024,42,3,38,8,21,6.631578947368421,0
1422119,2,Chennai Super Kings,Death (15-19),2024,48,0,26,5,7,11.076923076923078,1
1422119,2,Chennai Super Kings,Middle (6-14),2024,66,3,56,5,20,7.071428571428571,1
1422119,2,Chennai Super Kings,Powerplay (0-5),2024,62,1,38,9,14,9.789473684210527,1
1422120,1,Delhi Capitals,Death (15-19),2024,50,4,31,7,10,9.67741935483871,0
1422120,1,Delhi Capitals,Middle (6-14),2024,70,4,54,9,18,7.777777777777778,0
1422120,1,Delhi Capitals,Powerplay (0-5),2024,54,1,39,8,22,8.307692307692308,0
1422120,2,Punjab Kings,Death (15-19),2024,47,2,28,6,7,10.071428571428571,1
1422120,2,Punjab Kings,Middle (6-14),2024,70,2,55,7,13,7.636363636363637,1
1422120,2,Punjab Kings,Powerplay (0-5),2024,60,2,39,11,14,9.23076923076923,1
1422121,1,Kolkata Knight Riders,Death (15-19),2024,85,1,34,13,5,15.0,1
1422121,1,Kolkata Knight Riders,Middle (6-14),2024,80,3,55,9,17,8.727272727272728,1
1422121,1,Kolkata Knight Riders,Powerplay (0-5),2024,43,3,39,5,19,6.615384615384615,1
1422121,2,Sunrisers Hyderabad,Death (15-19),2024,76,3,31,11,8,14.709677419354838,0
1422121,2,Sunrisers Hyderabad,Middle (6-14),2024,63,3,54,6,20,7.0,0
1422121,2,Sunrisers Hyderabad,Powerplay (0-5),2024,65,1,37,10,15,10.54054054054054,0
1422122,1,Rajasthan Royals,Death (15-19),2024,50,1,33,4,8,9.090909090909092,1
1422122,1,Rajasthan Royals,Middle (6-14),2024,89,1,57,9,11,9.368421052631579,1
1422122,1,Rajasthan Royals,Powerplay (0-5),2024,54,2,37,8,13,8.756756756756756,1
1422122,2,Lucknow Super Giants,Death (15-19),2024,39,2,32,4,10,7.3125,0
1422122,2,Lucknow Super Giants,Middle (6-14),2024,87,1,55,9,9,9.490909090909092,0
1422122,2,Lucknow Super Giants,Powerplay (0-5),2024,47,3,37,6,21,7.621621621621621,0
1422123,1,Gujarat Titans,Death (15-19),2024,44,3,32,4,9,8.25,1
1422123,1,Gujarat Titans,Middle (6-14),2024,77,2,56,6,14,8.25,1
1422123,1,Gujarat Titans,Powerplay (0-5),2024,47,1,36,8,18,7.833333333333333,1
1422123,2,Mumbai Indians,Death (15-19),2024,36,6,31,4,14,6.967741935483871,0
1422123,2,Mumbai Indians,Middle (6-14),2024,74,1,54,8,15,8.222222222222221,0
1422123,2,Mumbai Indians,Powerplay (0-5),2024,52,2,38,10,20,8.210526315789474,0
1422124,1,Punjab Kings,Death (15-19),2024,48,2,33,6,11,8.727272727272727,0
1422124,1,Punjab Kings,Middle (6-14),2024,88,3,56,10,15,9.428571428571429,0
1422124,1,Punjab Kings,Powerplay (0-5),2024,40,1,36,7,20,6.666666666666667,0
1422124,2,Royal Challengers Bengaluru,Death (15-19),2024,60,2,29,10,8,12.413793103448276,1
1422124,2,Royal Challengers Bengaluru,Middle (6-14),2024,68,2,56,5,21,7.285714285714286,1
1422124,2,Royal Challengers Bengaluru,Powerplay (0-5),2024,50,2,38,9,19,7.894736842105264,1
1422125,1,Chennai Super Kings,Death (15-19),2024,51,3,30,6,8,10.2,1
1422125,1,Chennai Super Kings,Middle (6-14),2024,86,2,57,10,13,9.052631578947368,1
1422125,1,Chennai Super Kings,Powerplay (0-5),2024,69,1,38,12,13,10.894736842105264,1
1422125,2,Gujarat Titans,Death (15-19),2024,29,3,31,4,18,5.612903225806451,0
1422125,2,Gujarat Titans,Middle (6-14),2024,71,3,59,6,15,7.220338983050847,0
1422125,2,Gujarat Titans,Powerplay (0-5),2024,43,2,38,6,17,6.7894736842105265,0
1422126,1,Sunrisers Hyderabad,Death (15-19),2024,75,0,36,9,4,12.5,1
1422126,1,Sunrisers Hyderabad,Middle (6-14),2024,121,2,56,14,8,12.964285714285714,1
1422126,1,Sunrisers Hyderabad,Powerplay (0-5),2024,81,1,38,14,10,12.789473684210527,1
1422126,2,Mumbai Indians,Death (15-19),2024,61,1,32,8,6,11.4375,0
1422126,2,Mumbai Indians,Middle (6-14),2024,109,2,58,13,12,11.275862068965518,0
1422126,2,Mumbai Indians,Powerplay (0-5),2024,76,2,36,11,14,12.666666666666666,0
1422127,1,Rajasthan Royals,Death (15-19),2024,77,1,31,13,6,14.903225806451612,1
1422127,1,Rajasthan Royals,Middle (6-14),2024,77,2,56,8,15,8.25,1
1422127,1,Rajasthan Royals,Powerplay (0-5),2024,31,2,38,4,20,4.894736842105264,1
1422127,2,Delhi Capitals,Death (15-19),2024,53,1,32,5,5,9.9375,0
1422127,2,Delhi Capitals,Middle (6-14),2024,61,2,56,6,17,6.535714285714286,0
1422127,2,Delhi Capitals,Powerplay (0-5),2024,59,2,36,11,17,9.833333333333334,0
1422128,1,Royal Challengers Bengaluru,Death (15-19),2024,48,3,32,5,10,9.0,0
1422128,1,Royal Challengers Bengaluru,Middle (6-14),2024,73,2,54,8,18,8.11111111111111,0
1422128,1,Royal Challengers Bengaluru,Powerplay (0-5),2024,61,1,37,9,13,9.891891891891891,0
1422128,2,Kolkata Knight Riders,Death (15-19),2024,19,1,12,2,2,9.5,1
1422128,2,Kolkata Knight Riders,Middle (6-14),2024,82,2,56,9,16,8.785714285714285,1
1422128,2,Kolkata Knight Riders,Powerplay (0-5),2024,85,0,37,11,12,13.783783783783782,1
1422129,1,Lucknow Super Giants,Death (15-19),2024,53,4,33,6,10,9.636363636363637,1
1422129,1,Lucknow Super Giants,Middle (6-14),2024,92,2,55,11,10,10.036363636363637,1
1422129,1,Lucknow Super Giants,Powerplay (0-5),2024,54,2,37,8,16,8.756756756756756,1
1422129,2,Punjab Kings,Death (15-19),2024,42,3,31,5,11,8.129032258064516,0
1422129,2,Punjab Kings,Middle (6-14),2024,75,2,55,10,21,8.181818181818182,0
1422129,2,Punjab Kings,Powerplay (0-5),2024,61,0,36,10,12,10.166666666666666,0
1422130,1,Sunrisers Hyderabad,Death (15-19),2024,40,3,31,3,7,7.741935483870967,0
1422130,1,Sunrisers Hyderabad,Middle (6-14),2024,66,4,54,7,19,7.333333333333333,0
1422130,1,Sunrisers Hyderabad,Powerplay (0-5),2024,56,1,37,8,16,9.08108108108108,0
1422130,2,Gujarat Titans,Death (15-19),2024,54,1,27,9,7,12.0,1
1422130,2,Gujarat Titans,Middle (6-14),2024,62,1,56,4,11,6.642857142857142,1
1422130,2,Gujarat Titans,Powerplay (0-5),2024,52,1,36,6,10,8.666666666666666,1
1422131,1,Delhi Capitals,Death (15-19),2024,57,1,33,7,6,10.363636363636363,1
1422131,1,Delhi Capitals,Middle (6-14),2024,72,4,57,8,21,7.578947368421052,1
1422131,1,Delhi Capitals,Powerplay (0-5),2024,62,0,37,10,15,10.054054054054054,1
1422131,2,Chennai Super Kings,Death (15-19),2024,58,1,35,8,8,9.942857142857143,0
1422131,2,Chennai Super Kings,Middle (6-14),2024,81,3,56,8,14,8.678571428571429,0
1422131,2,Chennai Super Kings,Powerplay (0-5),2024,32,2,38,4,22,5.052631578947369,0
1422132,1,Mumbai Indians,Death (15-19),2024,23,2,31,2,17,4.451612903225806,0
1422132,1,Mumbai Indians,Middle (6-14),2024,56,3,56,4,22,6.0,0
1422132,1,Mumbai Indians,Powerplay (0-5),2024,46,4,37,7,22,7.459459459459459,0
1422132,2,Rajasthan Royals,Death (15-19),2024,16,0,3,3,0,32.0,1
1422132,2,Rajasthan Royals,Middle (6-14),2024,65,2,55,7,19,7.090909090909092,1
1422132,2,Rajasthan Royals,Powerplay (0-5),2024,46,2,41,7,22,6.731707317073171,1
1422133,1,Lucknow Super Giants,Death (15-19),2024,50,2,31,8,15,9.67741935483871,1
1422133,1,Lucknow Super Giants,Middle (6-14),2024,77,2,58,8,20,7.9655172413793105,1
1422133,1,Lucknow Super Giants,Powerplay (0-5),2024,54,1,37,8,16,8.756756756756756,1
1422133,2,Royal Challengers Bengaluru,Death (15-19),2024,49,4,30,7,13,9.8,0
1422133,2,Royal Challengers Bengaluru,Middle (6-14),2024,56,3,56,5,28,6.0,0
1422133,2,Royal Challengers Bengaluru,Powerplay (0-5),2024,48,3,36,7,13,8.0,0
1422134,1,Kolkata Knight Riders,Death (15-19),2024,77,4,37,10,9,12.486486486486486,1
1422134,1,Kolkata Knight Riders,Middle (6-14),2024,107,2,59,14,12,10.88135593220339,1
1422134,1,Kolkata Knight Riders,Powerplay (0-5),2024,88,1,38,16,15,13.894736842105264,1
1422134,2,Delhi Capitals,Death (15-19),2024,7,3,15,0,9,2.8,0
1422134,2,Delhi Capitals,Middle (6-14),2024,108,3,57,15,21,11.368421052631579,0
1422134,2,Delhi Capitals,Powerplay (0-5),2024,51,4,38,8,20,8.052631578947368,0
1422135,1,Gujarat Titans,Death (15-19),2024,65,1,33,7,1,11.818181818181818,0
1422135,1,Gujarat Titans,Middle (6-14),2024,82,2,54,11,12,9.11111111111111,0
1422135,1,Gujarat Titans,Powerplay (0-5),2024,52,1,37,8,18,8.432432432432432,0
1422135,2,Punjab Kings,Death (15-19),2024,62,2,30,8,7,12.4,1
1422135,2,Punjab Kings,Middle (6-14),2024,84,3,57,9,18,8.842105263157896,1
1422135,2,Punjab Kings,Powerplay (0-5),2024,54,2,36,9,14,9.0,1
1422136,1,Chennai Super Kings,Death (15-19),2024,38,1,30,4,6,7.6,0
1422136,1,Chennai Super Kings,Middle (6-14),2024,79,3,55,8,16,8.618181818181819,0
1422136,1,Chennai Super Kings,Powerplay (0-5),2024,48,1,36,8,17,8.0,0
1422136,2,Sunrisers Hyderabad,Death (15-19),2024,31,1,19,4,7,9.789473684210527,1
1422136,2,Sunrisers Hyderabad,Middle (6-14),2024,57,2,55,2,16,6.218181818181819,1
1422136,2,Sunrisers Hyderabad,Powerplay (0-5),2024,78,1,37,14,15,12.648648648648647,1
1422137,1,Royal Challengers Bengaluru,Death (15-19),2024,54,1,31,8,8,10.451612903225806,0
1422137,1,Royal Challengers Bengaluru,Middle (6-14),2024,76,2,56,6,12,8.142857142857142,0
1422137,1,Royal Challengers Bengaluru,Powerplay (0-5),2024,53,0,38,7,13,8.368421052631579,0
1422137,2,Rajasthan Royals,Death (15-19),2024,37,2,26,4,7,8.538461538461538,1
1422137,2,Rajasthan Royals,Middle (6-14),2024,98,1,56,12,10,10.5,1
1422137,2,Rajasthan Royals,Powerplay (0-5),2024,54,1,36,10,16,9.0,1
1422138,1,Mumbai Indians,Death (15-19),2024,96,1,37,14,5,15.567567567567567,1
1422138,1,Mumbai Indians,Middle (6-14),2024,63,4,54,7,20,7.0,1
1422138,1,Mumbai Indians,Powerplay (0-5),2024,75,0,38,12,12,11.842105263157896,1
1422138,2,Delhi Capitals,Death (15-19),2024,61,5,31,8,9,11.806451612903226,0
1422138,2,Delhi Capitals,Middle (6-14),2024,98,2,54,13,8,10.88888888888889,0
1422138,2,Delhi Capitals,Powerplay (0-5),2024,46,1,37,8,21,7.459459459459459,0
1422139,1,Lucknow Super Giants,Death (15-19),2024,49,1,31,6,8,9.483870967741934,1
1422139,1,Lucknow Super Giants,Middle (6-14),2024,67,2,54,5,11,7.444444444444445,1
1422139,1,Lucknow Super Giants,Powerplay (0-5),2024,47,2,36,6,19,7.833333333333333,1
1422139,2,Gujarat Titans,Death (15-19),2024,37,3,27,5,11,8.222222222222221,0
1422139,2,Gujarat Titans,Middle (6-14),2024,39,6,55,2,27,4.254545454545455,0
1422139,2,Gujarat Titans,Powerplay (0-5),2024,54,1,40,6,14,8.1,0
1426260,1,Kolkata Knight Riders,Death (15-19),2024,38,4,34,4,15,6.705882352941176,0
1426260,1,Kolkata Knight Riders,Middle (6-14),2024,43,4,56,2,24,4.607142857142857,0
1426260,1,Kolkata Knight Riders,Powerplay (0-5),2024,56,1,38,9,19,8.842105263157896,0
1426260,2,Chennai Super Kings,Death (15-19),2024,26,1,16,4,8,9.75,1
1426260,2,Chennai Super Kings,Middle (6-14),2024,63,1,55,5,17,6.872727272727273,1
1426260,2,Chennai Super Kings,Powerplay (0-5),2024,52,1,38,9,15,8.210526315789474,1
1426261,1,Sunrisers Hyderabad,Death (15-19),2024,49,4,32,6,10,9.1875,1
1426261,1,Sunrisers Hyderabad,Middle (6-14),2024,93,2,55,13,16,10.145454545454546,1
1426261,1,Sunrisers Hyderabad,Powerplay (0-5),2024,40,3,38,7,23,6.315789473684211,1
1426261,2,Punjab Kings,Death (15-19),2024,75,1,36,11,5,12.5,0
1426261,2,Punjab Kings,Middle (6-14),2024,78,2,54,10,17,8.666666666666666,0
1426261,2,Punjab Kings,Powerplay (0-5),2024,27,3,36,4,24,4.5,0
1426262,1,Rajasthan Royals,Death (15-19),2024,62,1,35,7,4,10.62857142857143,0
1426262,1,Rajasthan Royals,Middle (6-14),2024,91,0,56,10,13,9.75,0
1426262,1,Rajasthan Royals,Powerplay (0-5),2024,43,2,36,7,17,7.166666666666667,0
1426262,2,Gujarat Titans,Death (15-19),2024,75,3,36,11,3,12.5,1
1426262,2,Gujarat Titans,Middle (6-14),2024,80,4,56,8,10,8.571428571428571,1
1426262,2,Gujarat Titans,Powerplay (0-5),2024,44,0,36,5,15,7.333333333333333,1
1426263,1,Royal Challengers Bengaluru,Death (15-19),2024,66,4,34,10,9,11.647058823529411,0
1426263,1,Royal Challengers Bengaluru,Middle (6-14),2024,86,2,58,8,16,8.896551724137932,0
1426263,1,Royal Challengers Bengaluru,Powerplay (0-5),2024,44,2,36,8,20,7.333333333333333,0
1426263,2,Mumbai Indians,Death (15-19),2024,11,0,3,2,0,22.0,1
1426263,2,Mumbai Indians,Middle (6-14),2024,116,3,55,19,15,12.654545454545456,1
1426263,2,Mumbai Indians,Powerplay (0-5),2024,72,0,38,12,14,11.368421052631579,1
1426264,1,Lucknow Super Giants,Death (15-19),2024,53,0,32,6,8,9.9375,0
1426264,1,Lucknow Super Giants,Middle (6-14),2024,57,5,56,4,17,6.107142857142857,0
1426264,1,Lucknow Super Giants,Powerplay (0-5),2024,57,2,39,9,14,8.76923076923077,0
1426264,2,Delhi Capitals,Death (15-19),2024,25,1,19,2,6,7.894736842105264,1
1426264,2,Delhi Capitals,Middle (6-14),2024,83,2,56,10,19,8.892857142857142,1
1426264,2,Delhi Capitals,Powerplay (0-5),2024,62,1,37,10,16,10.054054054054054,1
1426265,1,Punjab Kings,Death (15-19),2024,61,3,31,8,9,11.806451612903226,0
1426265,1,Punjab Kings,Middle (6-14),2024,48,4,56,3,20,5.142857142857142,0
1426265,1,Punjab Kings,Powerplay (0-5),2024,38,1,38,4,14,6.0,0
1426265,2,Rajasthan Royals,Death (15-19),2024,53,4,29,7,8,10.965517241379311,1
1426265,2,Rajasthan Royals,Middle (6-14),2024,56,3,55,4,18,6.109090909090909,1
1426265,2,Rajasthan Royals,Powerplay (0-5),2024,43,0,38,6,17,6.7894736842105265,1
1426266,1,Lucknow Super Giants,Death (15-19),2024,48,2,32,6,11,9.0,0
1426266,1,Lucknow Super Giants,Middle (6-14),2024,64,3,56,6,18,6.857142857142857,0
1426266,1,Lucknow Super Giants,Powerplay (0-5),2024,49,2,39,8,18,7.538461538461538,0
1426266,2,Kolkata Knight Riders,Death (15-19),2024,6,0,4,1,2,9.0,1
1426266,2,Kolkata Knight Riders,Middle (6-14),2024,98,0,61,15,18,9.639344262295083,1
1426266,2,Kolkata Knight Riders,Powerplay (0-5),2024,58,2,40,9,22,8.7,1
1426267,1,Chennai Super Kings,Death (15-19),2024,57,2,32,7,7,10.6875,1
1426267,1,Chennai Super Kings,Middle (6-14),2024,101,1,55,15,17,11.01818181818182,1
1426267,1,Chennai Super Kings,Powerplay (0-5),2024,48,1,38,8,18,7.578947368421053,1
1426267,2,Mumbai Indians,Death (15-19),2024,54,3,34,6,9,9.529411764705882,0
1426267,2,Mumbai Indians,Middle (6-14),2024,69,3,54,10,20,7.666666666666667,0
1426267,2,Mumbai Indians,Powerplay (0-5),2024,63,0,36,11,14,10.5,0
1426268,1,Sunrisers Hyderabad,Death (15-19),2024,82,1,33,12,5,14.909090909090908,1
1426268,1,Sunrisers Hyderabad,Middle (6-14),2024,129,2,62,18,11,12.483870967741934,1
1426268,1,Sunrisers Hyderabad,Powerplay (0-5),2024,76,0,37,11,9,12.324324324324325,1
1426268,2,Royal Challengers Bengaluru,Death (15-19),2024,75,1,36,10,6,12.5,0
1426268,2,Royal Challengers Bengaluru,Middle (6-14),2024,108,6,61,15,13,10.622950819672132,0
1426268,2,Royal Challengers Bengaluru,Powerplay (0-5),2024,79,0,36,15,11,13.166666666666666,0
1426269,1,Kolkata Knight Riders,Death (15-19),2024,62,3,32,10,9,11.625,0
1426269,1,Kolkata Knight Riders,Middle (6-14),2024,105,2,61,15,16,10.327868852459018,0
1426269,1,Kolkata Knight Riders,Powerplay (0-5),2024,56,1,36,8,16,9.333333333333334,0
1426269,2,Rajasthan Royals,Death (15-19),2024,79,2,32,11,9,14.8125,1
1426269,2,Rajasthan Royals,Middle (6-14),2024,69,4,57,8,21,7.2631578947368425,1
1426269,2,Rajasthan Royals,Powerplay (0-5),2024,76,2,41,13,11,11.121951219512196,1
1426270,1,Gujarat Titans,Death (15-19),2024,11,2,15,1,9,4.4,0
1426270,1,Gujarat Titans,Middle (6-14),2024,48,4,58,4,29,4.9655172413793105,0
1426270,1,Gujarat Titans,Powerplay (0-5),2024,30,4,39,4,27,4.615384615384615,0
1426270,2,Delhi Capitals,Middle (6-14),2024,25,0,17,4,8,8.823529411764705,1
1426270,2,Delhi Capitals,Powerplay (0-5),2024,67,4,38,11,18,10.578947368421053,1
1426271,1,Mumbai Indians,Death (15-19),2024,62,5,33,8,12,11.272727272727273,1
1426271,1,Mumbai Indians,Middle (6-14),2024,76,1,56,7,12,8.142857142857142,1
1426271,1,Mumbai Indians,Powerplay (0-5),2024,54,1,36,9,13,9.0,1
1426271,2,Punjab Kings,Death (15-19),2024,42,3,30,4,14,8.4,0
1426271,2,Punjab Kings,Middle (6-14),2024,101,3,58,13,16,10.448275862068966,0
1426271,2,Punjab Kings,Powerplay (0-5),2024,40,4,39,5,20,6.153846153846154,0
1426272,1,Chennai Super Kings,Death (15-19),2024,71,1,33,10,7,12.909090909090908,0
1426272,1,Chennai Super Kings,Middle (6-14),2024,54,3,54,4,18,6.0,0
1426272,1,Chennai Super Kings,Powerplay (0-5),2024,51,2,36,7,12,8.5,0
1426272,2,Lucknow Super Giants,Death (15-19),2024,46,1,28,6,7,9.857142857142856,1
1426272,2,Lucknow Super Giants,Middle (6-14),2024,80,1,59,9,12,8.135593220338983,1
1426272,2,Lucknow Super Giants,Powerplay (0-5),2024,54,0,37,8,15,8.756756756756756,1
1426273,1,Sunrisers Hyderabad,Death (15-19),2024,61,3,30,8,8,12.2,1
1426273,1,Sunrisers Hyderabad,Middle (6-14),2024,80,4,57,8,14,8.421052631578947,1
1426273,1,Sunrisers Hyderabad,Powerplay (0-5),2024,125,0,36,24,6,20.833333333333332,1
1426273,2,Delhi Capitals,Death (15-19),2024,33,4,26,4,9,7.615384615384616,0
1426273,2,Delhi Capitals,Middle (6-14),2024,78,4,56,10,19,8.357142857142856,0
1426273,2,Delhi Capitals,Powerplay (0-5),2024,88,2,40,17,13,13.2,0
1426274,1,Kolkata Knight Riders,Death (15-19),2024,73,1,37,10,6,11.837837837837837,1
1426274,1,Kolkata Knight Riders,Middle (6-14),2024,74,2,56,10,18,7.928571428571428,1
1426274,1,Kolkata Knight Riders,Powerplay (0-5),2024,75,3,36,14,17,12.5,1
1426274,2,Royal Challengers Bengaluru,Death (15-19),2024,47,4,31,7,13,9.096774193548386,0
1426274,2,Royal Challengers Bengaluru,Middle (6-14),2024,100,4,56,14,21,10.714285714285714,0
1426274,2,Royal Challengers Bengaluru,Powerplay (0-5),2024,74,2,37,12,15,12.0,0
1426275,1,Punjab Kings,Death (15-19),2024,45,4,31,5,9,8.709677419354838,0
1426275,1,Punjab Kings,Middle (6-14),2024,41,5,54,3,26,4.555555555555555,0
1426275,1,Punjab Kings,Powerplay (0-5),2024,56,1,38,9,17,8.842105263157896,0
1426275,2,Gujarat Titans,Death (15-19),2024,45,3,25,7,7,10.799999999999999,1
1426275,2,Gujarat Titans,Middle (6-14),2024,57,3,55,5,20,6.218181818181819,1
1426275,2,Gujarat Titans,Powerplay (0-5),2024,44,1,36,6,12,7.333333333333333,1
1426276,1,Mumbai Indians,Death (15-19),2024,48,5,33,5,11,8.727272727272727,0
1426276,1,Mumbai Indians,Middle (6-14),2024,86,1,57,11,13,9.052631578947368,0
1426276,1,Mumbai Indians,Powerplay (0-5),2024,45,3,38,6,16,7.105263157894737,0
1426276,2,Rajasthan Royals,Death (15-19),2024,32,0,23,4,7,8.347826086956522,1
1426276,2,Rajasthan Royals,Middle (6-14),2024,90,1,56,11,16,9.642857142857142,1
1426276,2,Rajasthan Royals,Powerplay (0-5),2024,61,0,38,11,13,9.631578947368421,1
1426277,1,Chennai Super Kings,Death (15-19),2024,75,1,31,12,10,14.516129032258064,0
1426277,1,Chennai Super Kings,Middle (6-14),2024,86,1,55,10,12,9.381818181818183,0
1426277,1,Chennai Super Kings,Powerplay (0-5),2024,49,2,36,7,12,8.166666666666666,0
1426277,2,Lucknow Super Giants,Death (15-19),2024,76,1,28,13,6,16.285714285714285,1
1426277,2,Lucknow Super Giants,Middle (6-14),2024,92,1,59,9,10,9.35593220338983,1
1426277,2,Lucknow Super Giants,Powerplay (0-5),2024,45,2,36,7,17,7.5,1
1426278,1,Delhi Capitals,Death (15-19),2024,97,1,31,15,4,18.774193548387096,1
1426278,1,Delhi Capitals,Middle (6-14),2024,83,0,55,12,18,9.054545454545455,1
1426278,1,Delhi Capitals,Powerplay (0-5),2024,44,3,37,7,18,7.135135135135135,1
1426278,2,Gujarat Titans,Death (15-19),2024,73,3,32,11,10,13.6875,0
1426278,2,Gujarat Titans,Middle (6-14),2024,80,4,55,9,12,8.727272727272728,0
1426278,2,Gujarat Titans,Powerplay (0-5),2024,67,1,37,12,11,10.864864864864865,0
1426279,1,Royal Challengers Bengaluru,Death (15-19),2024,64,3,33,10,5,11.636363636363637,1
1426279,1,Royal Challengers Bengaluru,Middle (6-14),2024,81,3,56,7,9,8.678571428571429,1
1426279,1,Royal Challengers Bengaluru,Powerplay (0-5),2024,61,1,36,9,9,10.166666666666666,1
1426279,2,Sunrisers Hyderabad,Death (15-19),2024,39,1,33,4,13,7.090909090909091,0
1426279,2,Sunrisers Hyderabad,Middle (6-14),2024,70,3,57,7,18,7.368421052631579,0
1426279,2,Sunrisers Hyderabad,Powerplay (0-5),2024,62,4,39,8,13,9.538461538461538,0
1426280,1,Kolkata Knight Riders,Death (15-19),2024,71,4,34,10,9,12.529411764705882,0
1426280,1,Kolkata Knight Riders,Middle (6-14),2024,114,2,58,17,17,11.793103448275863,0
1426280,1,Kolkata Knight Riders,Powerplay (0-5),2024,76,0,39,13,11,11.692307692307692,0
1426280,2,Punjab Kings,Death (15-19),2024,61,0,23,9,4,15.91304347826087,1
1426280,2,Punjab Kings,Middle (6-14),2024,108,1,56,14,15,11.571428571428571,1
1426280,2,Punjab Kings,Powerplay (0-5),2024,93,1,37,16,10,15.08108108108108,1
1426281,1,Delhi Capitals,Death (15-19),2024,67,1,32,10,4,12.5625,1
1426281,1,Delhi Capitals,Middle (6-14),2024,98,3,56,12,17,10.5,1
1426281,1,Delhi Capitals,Powerplay (0-5),2024,92,0,39,17,10,14.153846153846153,1
1426281,2,Mumbai Indians,Death (15-19),2024,74,4,33,10,6,13.454545454545455,0
1426281,2,Mumbai Indians,Middle (6-14),2024,108,2,56,15,8,11.571428571428571,0
1426281,2,Mumbai Indians,Powerplay (0-5),2024,65,3,39,10,17,10.0,0
1426282,1,Lucknow Super Giants,Death (15-19),2024,46,2,33,2,6,8.363636363636363,0
1426282,1,Lucknow Super Giants,Middle (6-14),2024,104,1,59,12,9,10.576271186440678,0
1426282,1,Lucknow Super Giants,Powerplay (0-5),2024,46,2,36,8,17,7.666666666666667,0
1426282,2,Rajasthan Royals,Death (15-19),2024,55,0,24,8,4,13.75,1
1426282,2,Rajasthan Royals,Middle (6-14),2024,84,2,56,11,13,9.0,1
1426282,2,Rajasthan Royals,Powerplay (0-5),2024,60,1,36,9,13,10.0,1
1426283,1,Gujarat Titans,Death (15-19),2024,62,0,34,8,6,10.941176470588236,0
1426283,1,Gujarat Titans,Middle (6-14),2024,96,2,56,12,13,10.285714285714285,0
1426283,1,Gujarat Titans,Powerplay (0-5),2024,42,1,40,5,15,6.3,0
1426283,2,Royal Challengers Bengaluru,Death (15-19),2024,29,0,6,5,0,29.0,1
1426283,2,Royal Challengers Bengaluru,Middle (6-14),2024,114,0,56,15,10,12.214285714285714,1
1426283,2,Royal Challengers Bengaluru,Powerplay (0-5),2024,63,1,38,8,15,9.947368421052632,1
1426284,1,Chennai Super Kings,Death (15-19),2024,64,1,33,8,6,11.636363636363637,1
1426284,1,Chennai Super Kings,Middle (6-14),2024,98,1,56,12,8,10.5,1
1426284,1,Chennai Super Kings,Powerplay (0-5),2024,50,1,37,8,13,8.108108108108107,1
1426284,2,Sunrisers Hyderabad,Death (15-19),2024,25,5,23,3,10,6.521739130434782,0
1426284,2,Sunrisers Hyderabad,Middle (6-14),2024,56,2,57,3,17,5.894736842105263,0
1426284,2,Sunrisers Hyderabad,Powerplay (0-5),2024,53,3,36,7,10,8.833333333333334,0
1426285,1,Delhi Capitals,Death (15-19),2024,41,1,32,5,15,7.6875,0
1426285,1,Delhi Capitals,Middle (6-14),2024,45,5,54,5,27,5.0,0
1426285,1,Delhi Capitals,Powerplay (0-5),2024,67,3,40,11,16,10.049999999999999,0
1426285,2,Kolkata Knight Riders,Death (15-19),2024,16,0,9,2,3,10.666666666666666,1
1426285,2,Kolkata Knight Riders,Middle (6-14),2024,62,3,54,7,21,6.888888888888889,1
1426285,2,Kolkata Knight Riders,Powerplay (0-5),2024,79,0,38,14,14,12.473684210526317,1
1426286,1,Mumbai Indians,Death (15-19),2024,48,2,31,5,8,9.29032258064516,0
1426286,1,Mumbai Indians,Middle (6-14),2024,68,1,58,8,23,7.03448275862069,0
1426286,1,Mumbai Indians,Powerplay (0-5),2024,28,4,37,3,22,4.54054054054054,0
1426286,2,Lucknow Super Giants,Death (15-19),2024,29,2,28,2,12,6.2142857142857135,1
1426286,2,Lucknow Super Giants,Middle (6-14),2024,64,3,56,7,18,6.857142857142857,1
1426286,2,Lucknow Super Giants,Powerplay (0-5),2024,52,1,38,8,17,8.210526315789474,1
1426287,1,Chennai Super Kings,Death (15-19),2024,60,4,37,8,10,9.72972972972973,0
1426287,1,Chennai Super Kings,Middle (6-14),2024,47,3,56,0,18,5.035714285714286,0
1426287,1,Chennai Super Kings,Powerplay (0-5),2024,55,0,36,9,14,9.166666666666666,0
1426287,2,Punjab Kings,Death (15-19),2024,28,0,22,2,7,7.636363636363637,1
1426287,2,Punjab Kings,Middle (6-14),2024,83,2,57,11,18,8.736842105263158,1
1426287,2,Punjab Kings,Powerplay (0-5),2024,52,1,37,9,15,8.432432432432432,1
1426288,1,Sunrisers Hyderabad,Death (15-19),2024,70,0,31,10,7,13.548387096774192,1
1426288,1,Sunrisers Hyderabad,Middle (6-14),2024,94,1,60,13,21,9.4,1
1426288,1,Sunrisers Hyderabad,Powerplay (0-5),2024,37,2,37,5,18,6.0,1
1426288,2,Rajasthan Royals,Death (15-19),2024,43,4,33,5,14,7.818181818181818,0
1426288,2,Rajasthan Royals,Middle (6-14),2024,97,1,60,11,11,9.7,0
1426288,2,Rajasthan Royals,Powerplay (0-5),2024,60,2,39,11,19,9.23076923076923,0
1426289,1,Kolkata Knight Riders,Death (15-19),2024,41,5,32,5,17,7.6875,1
1426289,1,Kolkata Knight Riders,Middle (6-14),2024,71,1,55,6,14,7.745454545454546,1
1426289,1,Kolkata Knight Riders,Powerplay (0-5),2024,57,4,38,10,19,9.0,1
1426289,2,Mumbai Indians,Death (15-19),2024,26,4,23,2,11,6.782608695652174,0
1426289,2,Mumbai Indians,Middle (6-14),2024,73,3,57,9,23,7.684210526315789,0
1426289,2,Mumbai Indians,Powerplay (0-5),2024,46,3,38,6,17,7.2631578947368425,0
1426290,1,Gujarat Titans,Death (15-19),2024,45,5,28,9,12,9.642857142857142,0
1426290,1,Gujarat Titans,Middle (6-14),2024,79,2,55,11,21,8.618181818181819,0
1426290,1,Gujarat Titans,Powerplay (0-5),2024,23,3,38,2,23,3.6315789473684212,0
1426290,2,Royal Challengers Bengaluru,Middle (6-14),2024,60,5,47,9,19,7.659574468085107,1
1426290,2,Royal Challengers Bengaluru,Powerplay (0-5),2024,92,1,36,17,10,15.333333333333334,1
1426291,1,Chennai Super Kings,Death (15-19),2024,50,4,33,6,10,9.090909090909092,1
1426291,1,Chennai Super Kings,Middle (6-14),2024,57,4,55,6,18,6.218181818181819,1
1426291,1,Chennai Super Kings,Powerplay (0-5),2024,60,1,37,8,10,9.72972972972973,1
1426291,2,Punjab Kings,Death (15-19),2024,48,1,32,6,10,9.0,0
1426291,2,Punjab Kings,Middle (6-14),2024,44,6,54,4,28,4.888888888888889,0
1426291,2,Punjab Kings,Powerplay (0-5),2024,47,2,38,7,18,7.421052631578948,0
1426292,1,Kolkata Knight Riders,Death (15-19),2024,64,3,33,9,5,11.636363636363637,1
1426292,1,Kolkata Knight Riders,Middle (6-14),2024,101,2,59,12,17,10.271186440677965,1
1426292,1,Kolkata Knight Riders,Powerplay (0-5),2024,70,1,37,13,12,11.35135135135135,1
1426292,2,Lucknow Super Giants,Death (15-19),2024,7,2,7,1,5,6.0,0
1426292,2,Lucknow Super Giants,Middle (6-14),2024,75,7,57,7,15,7.894736842105263,0
1426292,2,Lucknow Super Giants,Powerplay (0-5),2024,55,1,39,9,17,8.461538461538462,0
1426293,1,Sunrisers Hyderabad,Death (15-19),2024,53,3,36,4,5,8.833333333333334,0
1426293,1,Sunrisers Hyderabad,Middle (6-14),2024,64,4,55,6,17,6.981818181818182,0
1426293,1,Sunrisers Hyderabad,Powerplay (0-5),2024,56,1,40,8,18,8.4,0
1426293,2,Mumbai Indians,Death (15-19),2024,35,0,15,6,2,14.0,1
1426293,2,Mumbai Indians,Middle (6-14),2024,87,0,56,14,20,9.321428571428571,1
1426293,2,Mumbai Indians,Powerplay (0-5),2024,52,3,37,7,26,8.432432432432432,1
1426294,1,Delhi Capitals,Death (15-19),2024,65,3,30,11,7,13.0,1
1426294,1,Delhi Capitals,Middle (6-14),2024,78,3,55,8,11,8.50909090909091,1
1426294,1,Delhi Capitals,Powerplay (0-5),2024,78,2,36,15,12,13.0,1
1426294,2,Rajasthan Royals,Death (15-19),2024,42,5,31,5,13,8.129032258064516,0
1426294,2,Rajasthan Royals,Middle (6-14),2024,92,1,61,12,20,9.049180327868854,0
1426294,2,Rajasthan Royals,Powerplay (0-5),2024,67,2,39,12,16,10.307692307692308,0
1426295,1,Lucknow Super Giants,Death (15-19),2024,63,0,31,10,3,12.193548387096774,0
1426295,1,Lucknow Super Giants,Middle (6-14),2024,75,2,56,9,17,8.035714285714285,0
1426295,1,Lucknow Super Giants,Powerplay (0-5),2024,27,2,36,1,17,4.5,0
1426295,2,Sunrisers Hyderabad,Middle (6-14),2024,60,0,22,9,3,16.363636363636363,1
1426295,2,Sunrisers Hyderabad,Powerplay (0-5),2024,107,0,38,21,11,16.894736842105264,1
1426296,1,Royal Challengers Bengaluru,Death (15-19),2024,77,4,35,11,7,13.200000000000001,1
1426296,1,Royal Challengers Bengaluru,Middle (6-14),2024,108,1,56,14,10,11.571428571428571,1
1426296,1,Royal Challengers Bengaluru,Powerplay (0-5),2024,56,2,36,10,17,9.333333333333334,1
1426296,2,Punjab Kings,Death (15-19),2024,17,3,13,3,7,7.846153846153847,0
1426296,2,Punjab Kings,Middle (6-14),2024,89,5,55,12,17,9.709090909090909,0
1426296,2,Punjab Kings,Powerplay (0-5),2024,75,2,37,15,12,12.162162162162161,0
1426297,1,Gujarat Titans,Death (15-19),2024,41,3,32,3,8,7.6875,1
1426297,1,Gujarat Titans,Middle (6-14),2024,132,0,56,19,4,14.142857142857142,1
1426297,1,Gujarat Titans,Powerplay (0-5),2024,58,0,37,7,12,9.405405405405405,1
1426297,2,Chennai Super Kings,Death (15-19),2024,53,3,31,7,10,10.258064516129032,0
1426297,2,Chennai Super Kings,Middle (6-14),2024,100,2,55,15,17,10.90909090909091,0
1426297,2,Chennai Super Kings,Powerplay (0-5),2024,43,3,38,6,17,6.7894736842105265,0
1426298,1,Kolkata Knight Riders,Death (15-19),2024,10,1,6,1,1,10.0,1
1426298,1,Kolkata Knight Riders,Middle (6-14),2024,95,3,56,13,14,10.178571428571427,1
1426298,1,Kolkata Knight Riders,Powerplay (0-5),2024,52,3,37,9,21,8.432432432432432,1
1426298,2,Mumbai Indians,Death (15-19),2024,3,2,6,0,3,3.0,0
1426298,2,Mumbai Indians,Middle (6-14),2024,74,6,57,10,23,7.7894736842105265,0
1426298,2,Mumbai Indians,Powerplay (0-5),2024,62,0,39,9,18,9.538461538461538,0
1426299,1,Rajasthan Royals,Death (15-19),2024,47,2,31,5,9,9.096774193548386,0
1426299,1,Rajasthan Royals,Middle (6-14),2024,52,3,57,2,19,5.473684210526316,0
1426299,1,Rajasthan Royals,Powerplay (0-5),2024,42,0,36,6,17,7.0,0
1426299,2,Chennai Super Kings,Death (15-19),2024,29,1,20,4,6,8.7,1
1426299,2,Chennai Super Kings,Middle (6-14),2024,60,3,57,5,19,6.315789473684211,1
1426299,2,Chennai Super Kings,Powerplay (0-5),2024,56,1,38,7,12,8.842105263157896,1
1426300,1,Royal Challengers Bengaluru,Death (15-19),2024,49,5,33,5,10,8.909090909090908,1
1426300,1,Royal Challengers Bengaluru,Middle (6-14),2024,77,2,57,7,14,8.105263157894736,1
1426300,1,Royal Challengers Bengaluru,Powerplay (0-5),2024,61,2,37,9,15,9.891891891891891,1
1426300,2,Delhi Capitals,Death (15-19),2024,13,3,29,0,17,2.689655172413793,0
1426300,2,Delhi Capitals,Middle (6-14),2024,73,3,55,7,15,7.963636363636364,0
1426300,2,Delhi Capitals,Powerplay (0-5),2024,54,4,36,10,18,9.0,0
1426302,1,Delhi Capitals,Death (15-19),2024,72,1,31,10,5,13.935483870967742,1
1426302,1,Delhi Capitals,Middle (6-14),2024,63,2,56,6,17,6.75,1
1426302,1,Delhi Capitals,Powerplay (0-5),2024,73,1,41,12,16,10.682926829268293,1
1426302,2,Lucknow Super Giants,Death (15-19),2024,54,2,31,6,9,10.451612903225806,0
1426302,2,Lucknow Super Giants,Middle (6-14),2024,76,3,56,10,21,8.142857142857142,0
1426302,2,Lucknow Super Giants,Powerplay (0-5),2024,59,4,38,10,16,9.31578947368421,0
1426303,1,Rajasthan Royals,Death (15-19),2024,41,3,30,5,10,8.2,0
1426303,1,Rajasthan Royals,Middle (6-14),2024,65,5,55,8,19,7.090909090909092,0
1426303,1,Rajasthan Royals,Powerplay (0-5),2024,38,1,36,7,22,6.333333333333333,0
1426303,2,Punjab Kings,Death (15-19),2024,42,1,24,5,4,10.5,1
1426303,2,Punjab Kings,Middle (6-14),2024,64,1,54,7,19,7.111111111111111,1
1426303,2,Punjab Kings,Powerplay (0-5),2024,39,3,36,7,20,6.5,1
1426305,1,Lucknow Super Giants,Death (15-19),2024,55,3,33,9,13,10.0,1
1426305,1,Lucknow Super Giants,Middle (6-14),2024,110,1,58,14,11,11.379310344827587,1
1426305,1,Lucknow Super Giants,Powerplay (0-5),2024,49,2,39,7,16,7.538461538461538,1
1426305,2,Mumbai Indians,Death (15-19),2024,71,1,35,9,6,12.171428571428573,0
1426305,2,Mumbai Indians,Middle (6-14),2024,72,5,55,11,25,7.854545454545455,0
1426305,2,Mumbai Indians,Powerplay (0-5),2024,53,0,39,8,17,8.153846153846153,0
1426306,1,Royal Challengers Bengaluru,Death (15-19),2024,80,3,34,12,7,14.117647058823529,1
1426306,1,Royal Challengers Bengaluru,Middle (6-14),2024,96,2,56,12,12,10.285714285714285,1
1426306,1,Royal Challengers Bengaluru,Powerplay (0-5),2024,42,0,37,6,19,6.8108108108108105,1
1426306,2,Chennai Super Kings,Death (15-19),2024,62,1,32,9,8,11.625,0
1426306,2,Chennai Super Kings,Middle (6-14),2024,71,4,57,6,14,7.473684210526316,0
1426306,2,Chennai Super Kings,Powerplay (0-5),2024,58,2,37,7,12,9.405405405405405,0
1426307,1,Punjab Kings,Death (15-19),2024,55,3,33,6,6,10.0,0
1426307,1,Punjab Kings,Middle (6-14),2024,98,2,56,13,18,10.5,0
1426307,1,Punjab Kings,Powerplay (0-5),2024,61,0,36,10,13,10.166666666666666,0
1426307,2,Sunrisers Hyderabad,Death (15-19),2024,33,2,27,4,9,7.333333333333333,1
1426307,2,Sunrisers Hyderabad,Middle (6-14),2024,98,2,56,11,13,10.5,1
1426307,2,Sunrisers Hyderabad,Powerplay (0-5),2024,84,2,39,13,13,12.923076923076923,1
1426309,1,Sunrisers Hyderabad,Death (15-19),2024,34,2,27,4,11,7.555555555555555,0
1426309,1,Sunrisers Hyderabad,Middle (6-14),2024,80,4,57,9,15,8.421052631578947,0
1426309,1,Sunrisers Hyderabad,Powerplay (0-5),2024,45,4,40,6,17,6.75,0
1426309,2,Kolkata Knight Riders,Middle (6-14),2024,101,1,46,16,10,13.17391304347826,1
1426309,2,Kolkata Knight Riders,Powerplay (0-5),2024,63,1,38,10,20,9.947368421052632,1
1426310,1,Royal Challengers Bengaluru,Death (15-19),2024,47,3,30,6,8,9.4,0
1426310,1,Royal Challengers Bengaluru,Middle (6-14),2024,75,4,56,8,16,8.035714285714285,0
1426310,1,Royal Challengers Bengaluru,Powerplay (0-5),2024,50,1,36,7,15,8.333333333333334,0
1426310,2,Rajasthan Royals,Death (15-19),2024,48,2,26,8,8,11.076923076923078,1
1426310,2,Rajasthan Royals,Middle (6-14),2024,79,3,57,8,10,8.31578947368421,1
1426310,2,Rajasthan Royals,Powerplay (0-5),2024,47,1,36,9,17,7.833333333333333,1
1426311,1,Sunrisers Hyderabad,Death (15-19),2024,43,3,34,4,11,7.588235294117647,1
1426311,1,Sunrisers Hyderabad,Middle (6-14),2024,64,3,57,5,20,6.7368421052631575,1
1426311,1,Sunrisers Hyderabad,Powerplay (0-5),2024,68,3,36,11,10,11.333333333333334,1
1426311,2,Rajasthan Royals,Death (15-19),2024,37,1,31,6,14,7.161290322580645,0
1426311,2,Rajasthan Royals,Middle (6-14),2024,51,5,56,4,25,5.4642857142857135,0
1426311,2,Rajasthan Royals,Powerplay (0-5),2024,51,1,37,8,17,8.27027027027027,0
1426312,1,Sunrisers Hyderabad,Death (15-19),2024,23,2,21,1,9,6.571428571428571,0
1426312,1,Sunrisers Hyderabad,Middle (6-14),2024,50,5,56,5,27,5.357142857142857,0
1426312,1,Sunrisers Hyderabad,Powerplay (0-5),2024,40,3,40,5,20,6.0,0
1426312,2,Kolkata Knight Riders,Middle (6-14),2024,42,1,27,4,10,9.333333333333334,1
1426312,2,Kolkata Knight Riders,Powerplay (0-5),2024,72,1,40,12,14,10.799999999999999,1
1473438,1,Kolkata Knight Riders,Death (15-19),2025,29,3,30,3,13,5.8,0
1473438,1,Kolkata Knight Riders,Middle (6-14),2025,85,4,58,11,17,8.793103448275863,0
1473438,1,Kolkata Knight Riders,Powerplay (0-5),2025,60,1,36,12,20,10.0,0
1473438,2,Royal Challengers Bengaluru,Death (15-19),2025,20,1,8,4,2,15.0,1
1473438,2,Royal Challengers Bengaluru,Middle (6-14),2025,77,2,54,10,14,8.555555555555555,1
1473438,2,Royal Challengers Bengaluru,Powerplay (0-5),2025,80,0,37,14,11,12.972972972972972,1
1473439,1,Sunrisers Hyderabad,Death (15-19),2025,78,3,32,12,8,14.625,1
1473439,1,Sunrisers Hyderabad,Middle (6-14),2025,114,2,61,16,9,11.213114754098362,1
1473439,1,Sunrisers Hyderabad,Powerplay (0-5),2025,94,1,40,18,11,14.1,1
1473439,2,Rajasthan Royals,Death (15-19),2025,73,1,34,9,6,12.88235294117647,0
1473439,2,Rajasthan Royals,Middle (6-14),2025,92,2,57,12,19,9.68421052631579,0
1473439,2,Rajasthan Royals,Powerplay (0-5),2025,77,3,38,14,15,12.157894736842106,0
1473440,1,Mumbai Indians,Death (15-19),2025,45,3,31,5,10,8.709677419354838,0
1473440,1,Mumbai Indians,Middle (6-14),2025,58,3,57,3,21,6.105263157894737,0
1473440,1,Mumbai Indians,Powerplay (0-5),2025,52,3,37,10,19,8.432432432432432,0
1473440,2,Chennai Super Kings,Death (15-19),2025,39,1,25,4,6,9.36,1
1473440,2,Chennai Super Kings,Middle (6-14),2025,57,4,55,3,19,6.218181818181819,1
1473440,2,Chennai Super Kings,Powerplay (0-5),2025,62,1,38,10,12,9.789473684210527,1
1473441,1,Lucknow Super Giants,Death (15-19),2025,39,4,32,4,12,7.3125,0
1473441,1,Lucknow Super Giants,Middle (6-14),2025,106,3,56,16,19,11.357142857142856,0
1473441,1,Lucknow Super Giants,Powerplay (0-5),2025,64,1,37,11,15,10.378378378378377,0
1473441,2,Delhi Capitals,Death (15-19),2025,63,3,27,11,8,14.0,1
1473441,2,Delhi Capitals,Middle (6-14),2025,90,2,56,12,15,9.642857142857142,1
1473441,2,Delhi Capitals,Powerplay (0-5),2025,58,4,38,9,15,9.157894736842106,1
1473442,1,Punjab Kings,Death (15-19),2025,87,1,33,14,4,15.818181818181818,1
1473442,1,Punjab Kings,Middle (6-14),2025,83,3,56,12,24,8.892857142857142,1
1473442,1,Punjab Kings,Powerplay (0-5),2025,73,1,37,12,17,11.837837837837837,1
1473442,2,Gujarat Titans,Death (15-19),2025,58,3,34,7,9,10.235294117647058,0
1473442,2,Gujarat Titans,Middle (6-14),2025,113,1,57,16,12,11.894736842105264,0
1473442,2,Gujarat Titans,Powerplay (0-5),2025,61,1,37,8,16,9.891891891891891,0
1473443,1,Rajasthan Royals,Death (15-19),2025,41,3,33,5,14,7.454545454545454,0
1473443,1,Rajasthan Royals,Middle (6-14),2025,56,5,54,5,17,6.222222222222222,0
1473443,1,Rajasthan Royals,Powerplay (0-5),2025,54,1,37,8,16,8.756756756756756,0
1473443,2,Kolkata Knight Riders,Death (15-19),2025,35,0,18,4,4,11.666666666666666,1
1473443,2,Kolkata Knight Riders,Middle (6-14),2025,78,2,54,8,9,8.666666666666666,1
1473443,2,Kolkata Knight Riders,Powerplay (0-5),2025,40,0,38,6,20,6.315789473684211,1
1473444,1,Sunrisers Hyderabad,Death (15-19),2025,47,4,30,5,10,9.4,0
1473444,1,Sunrisers Hyderabad,Middle (6-14),2025,81,3,58,8,16,8.379310344827587,0
1473444,1,Sunrisers Hyderabad,Powerplay (0-5),2025,62,2,39,9,13,9.538461538461538,0
1473444,2,Lucknow Super Giants,Death (15-19),2025,17,0,7,3,1,14.571428571428571,1
1473444,2,Lucknow Super Giants,Middle (6-14),2025,99,4,61,14,14,9.737704918032787,1
1473444,2,Lucknow Super Giants,Powerplay (0-5),2025,77,1,38,12,14,12.157894736842106,1
1473445,1,Royal Challengers Bengaluru,Death (15-19),2025,58,4,33,9,14,10.545454545454545,1
1473445,1,Royal Challengers Bengaluru,Middle (6-14),2025,82,2,57,10,17,8.631578947368421,1
1473445,1,Royal Challengers Bengaluru,Powerplay (0-5),2025,56,1,38,8,15,8.842105263157896,1
1473445,2,Chennai Super Kings,Death (15-19),2025,48,2,31,8,14,9.29032258064516,0
1473445,2,Chennai Super Kings,Middle (6-14),2025,68,3,54,7,15,7.555555555555555,0
1473445,2,Chennai Super Kings,Powerplay (0-5),2025,30,3,37,4,20,4.864864864864865,0
1473446,1,Gujarat Titans,Death (15-19),2025,56,6,36,6,12,9.333333333333334,1
1473446,1,Gujarat Titans,Middle (6-14),2025,74,2,56,7,13,7.928571428571428,1
1473446,1,Gujarat Titans,Powerplay (0-5),2025,66,0,38,9,11,10.421052631578949,1
1473446,2,Mumbai Indians,Death (15-19),2025,42,2,31,6,12,8.129032258064516,0
1473446,2,Mumbai Indians,Middle (6-14),2025,70,2,56,6,16,7.499999999999999,0
1473446,2,Mumbai Indians,Powerplay (0-5),2025,48,2,40,7,19,7.199999999999999,0
1473447,1,Sunrisers Hyderabad,Death (15-19),2025,23,3,23,2,8,6.0,0
1473447,1,Sunrisers Hyderabad,Middle (6-14),2025,82,3,56,10,19,8.785714285714285,0
1473447,1,Sunrisers Hyderabad,Powerplay (0-5),2025,58,4,40,8,14,8.7,0
1473447,2,Delhi Capitals,Death (15-19),2025,16,0,6,3,1,16.0,1
1473447,2,Delhi Capitals,Middle (6-14),2025,98,3,55,13,9,10.690909090909091,1
1473447,2,Delhi Capitals,Powerplay (0-5),2025,52,0,37,6,16,8.432432432432432,1
1473448,1,Rajasthan Royals,Death (15-19),2025,37,4,33,4,15,6.7272727272727275,1
1473448,1,Rajasthan Royals,Middle (6-14),2025,66,4,58,6,17,6.8275862068965525,1
1473448,1,Rajasthan Royals,Powerplay (0-5),2025,79,1,36,14,11,13.166666666666666,1
1473448,2,Chennai Super Kings,Death (15-19),2025,54,2,31,6,6,10.451612903225806,0
1473448,2,Chennai Super Kings,Middle (6-14),2025,80,3,56,9,15,8.571428571428571,0
1473448,2,Chennai Super Kings,Powerplay (0-5),2025,42,1,36,7,20,7.0,0
1473449,1,Kolkata Knight Riders,Death (15-19),2025,15,1,8,2,4,11.25,0
1473449,1,Kolkata Knight Riders,Middle (6-14),2025,60,5,57,7,29,6.315789473684211,0
1473449,1,Kolkata Knight Riders,Powerplay (0-5),2025,41,4,37,6,20,6.648648648648648,0
1473449,2,Mumbai Indians,Middle (6-14),2025,66,1,41,9,13,9.658536585365853,1
1473449,2,Mumbai Indians,Powerplay (0-5),2025,55,1,39,7,18,8.461538461538462,1
1473450,1,Lucknow Super Giants,Death (15-19),2025,54,3,33,6,6,9.818181818181818,0
1473450,1,Lucknow Super Giants,Middle (6-14),2025,78,1,54,12,22,8.666666666666666,0
1473450,1,Lucknow Super Giants,Powerplay (0-5),2025,39,3,37,5,17,6.324324324324324,0
1473450,2,Punjab Kings,Death (15-19),2025,22,0,8,4,4,16.5,1
1473450,2,Punjab Kings,Middle (6-14),2025,93,1,56,13,16,9.964285714285714,1
1473450,2,Punjab Kings,Powerplay (0-5),2025,62,1,37,10,11,10.054054054054054,1
1473451,1,Royal Challengers Bengaluru,Death (15-19),2025,64,2,32,9,9,12.0,0
1473451,1,Royal Challengers Bengaluru,Middle (6-14),2025,67,3,54,10,24,7.444444444444445,0
1473451,1,Royal Challengers Bengaluru,Powerplay (0-5),2025,38,3,37,5,21,6.162162162162162,0
1473451,2,Gujarat Titans,Death (15-19),2025,36,0,17,5,4,12.705882352941176,1
1473451,2,Gujarat Titans,Middle (6-14),2025,92,1,54,15,18,10.222222222222221,1
1473451,2,Gujarat Titans,Powerplay (0-5),2025,42,1,37,5,17,6.8108108108108105,1
1473452,1,Kolkata Knight Riders,Death (15-19),2025,78,2,31,14,4,15.096774193548386,1
1473452,1,Kolkata Knight Riders,Middle (6-14),2025,69,2,55,8,19,7.527272727272727,1
1473452,1,Kolkata Knight Riders,Powerplay (0-5),2025,53,2,37,6,20,8.594594594594595,1
1473452,2,Sunrisers Hyderabad,Death (15-19),2025,6,3,12,0,6,3.0,0
1473452,2,Sunrisers Hyderabad,Middle (6-14),2025,81,4,56,10,17,8.678571428571429,0
1473452,2,Sunrisers Hyderabad,Powerplay (0-5),2025,33,3,37,4,21,5.351351351351351,0
1473453,1,Lucknow Super Giants,Death (15-19),2025,57,5,34,8,7,10.058823529411764,1
1473453,1,Lucknow Super Giants,Middle (6-14),2025,77,3,56,9,19,8.25,1
1473453,1,Lucknow Super Giants,Powerplay (0-5),2025,69,0,38,12,12,10.894736842105264,1
1473453,2,Mumbai Indians,Death (15-19),2025,48,2,31,5,5,9.29032258064516,0
1473453,2,Mumbai Indians,Middle (6-14),2025,79,1,57,11,15,8.31578947368421,0
1473453,2,Mumbai Indians,Powerplay (0-5),2025,64,2,36,8,10,10.666666666666666,0
1473454,1,Delhi Capitals,Death (15-19),2025,45,3,31,5,7,8.709677419354838,1
1473454,1,Delhi Capitals,Middle (6-14),2025,87,2,56,10,12,9.321428571428571,1
1473454,1,Delhi Capitals,Powerplay (0-5),2025,51,1,36,7,11,8.5,1
1473454,2,Chennai Super Kings,Death (15-19),2025,52,0,34,4,4,9.176470588235293,0
1473454,2,Chennai Super Kings,Middle (6-14),2025,60,2,55,4,15,6.545454545454546,0
1473454,2,Chennai Super Kings,Powerplay (0-5),2025,46,3,39,4,15,7.076923076923077,0
1473455,1,Rajasthan Royals,Death (15-19),2025,63,1,31,9,9,12.193548387096774,1
1473455,1,Rajasthan Royals,Middle (6-14),2025,89,3,57,11,12,9.368421052631579,1
1473455,1,Rajasthan Royals,Powerplay (0-5),2025,53,0,37,7,15,8.594594594594595,1
1473455,2,Punjab Kings,Death (15-19),2025,24,4,32,1,14,4.5,0
1473455,2,Punjab Kings,Middle (6-14),2025,88,2,58,11,15,9.10344827586207,0
1473455,2,Punjab Kings,Powerplay (0-5),2025,43,3,38,4,15,6.7894736842105265,0
1473456,1,Lucknow Super Giants,Death (15-19),2025,68,2,32,11,9,12.75,1
1473456,1,Lucknow Super Giants,Middle (6-14),2025,111,1,60,15,15,11.1,1
1473456,1,Lucknow Super Giants,Powerplay (0-5),2025,59,0,36,7,12,9.833333333333334,1
1473456,2,Kolkata Knight Riders,Death (15-19),2025,61,2,31,12,13,11.806451612903226,0
1473456,2,Kolkata Knight Riders,Middle (6-14),2025,83,4,63,10,18,7.904761904761905,0
1473456,2,Kolkata Knight Riders,Powerplay (0-5),2025,90,1,42,15,13,12.857142857142858,0
1473457,1,Sunrisers Hyderabad,Death (15-19),2025,47,4,30,7,11,9.4,0
1473457,1,Sunrisers Hyderabad,Middle (6-14),2025,60,2,54,6,18,6.666666666666667,0
1473457,1,Sunrisers Hyderabad,Powerplay (0-5),2025,45,2,38,8,18,7.105263157894737,0
1473457,2,Gujarat Titans,Death (15-19),2025,23,0,10,4,1,13.799999999999999,1
1473457,2,Gujarat Titans,Middle (6-14),2025,82,1,56,12,13,8.785714285714285,1
1473457,2,Gujarat Titans,Powerplay (0-5),2025,48,2,37,7,14,7.783783783783783,1
1473458,1,Royal Challengers Bengaluru,Death (15-19),2025,70,1,33,10,6,12.727272727272727,1
1473458,1,Royal Challengers Bengaluru,Middle (6-14),2025,78,3,57,9,16,8.210526315789474,1
1473458,1,Royal Challengers Bengaluru,Powerplay (0-5),2025,73,1,37,12,10,11.837837837837837,1
1473458,2,Mumbai Indians,Death (15-19),2025,52,5,32,7,12,9.75,0
1473458,2,Mumbai Indians,Middle (6-14),2025,103,2,58,16,18,10.655172413793105,0
1473458,2,Mumbai Indians,Powerplay (0-5),2025,54,2,36,10,18,9.0,0
1473459,1,Punjab Kings,Death (15-19),2025,55,0,31,5,4,10.64516129032258,1
1473459,1,Punjab Kings,Middle (6-14),2025,89,3,55,11,19,9.709090909090909,1
1473459,1,Punjab Kings,Powerplay (0-5),2025,75,3,38,11,14,11.842105263157896,1
1473459,2,Chennai Super Kings,Death (15-19),2025,56,3,33,5,6,10.181818181818182,0
1473459,2,Chennai Super Kings,Middle (6-14),2025,86,2,59,9,15,8.745762711864407,0
1473459,2,Chennai Super Kings,Powerplay (0-5),2025,59,0,37,10,14,9.567567567567567,0
1473460,1,Gujarat Titans,Death (15-19),2025,72,4,37,10,9,11.675675675675675,1
1473460,1,Gujarat Titans,Middle (6-14),2025,89,1,58,12,14,9.206896551724139,1
1473460,1,Gujarat Titans,Powerplay (0-5),2025,56,1,40,7,13,8.4,1
1473460,2,Rajasthan Royals,Death (15-19),2025,20,4,27,1,12,4.444444444444445,0
1473460,2,Rajasthan Royals,Middle (6-14),2025,82,4,58,9,14,8.482758620689655,0
1473460,2,Rajasthan Royals,Powerplay (0-5),2025,57,2,40,9,19,8.549999999999999,0
1473461,1,Royal Challengers Bengaluru,Death (15-19),2025,46,1,33,6,14,8.363636363636363,0
1473461,1,Royal Challengers Bengaluru,Middle (6-14),2025,53,4,54,4,21,5.888888888888889,0
1473461,1,Royal Challengers Bengaluru,Powerplay (0-5),2025,64,2,39,9,20,9.846153846153847,0
1473461,2,Delhi Capitals,Death (15-19),2025,48,0,18,7,1,16.0,1
1473461,2,Delhi Capitals,Middle (6-14),2025,82,1,54,10,14,9.11111111111111,1
1473461,2,Delhi Capitals,Powerplay (0-5),2025,39,3,38,5,17,6.157894736842105,1
1473462,1,Chennai Super Kings,Death (15-19),2025,29,2,33,3,16,5.2727272727272725,0
1473462,1,Chennai Super Kings,Middle (6-14),2025,43,5,55,2,25,4.690909090909091,0
1473462,1,Chennai Super Kings,Powerplay (0-5),2025,31,2,36,4,20,5.166666666666667,0
1473462,2,Kolkata Knight Riders,Middle (6-14),2025,36,1,26,4,12,8.307692307692308,1
1473462,2,Kolkata Knight Riders,Powerplay (0-5),2025,71,1,39,10,15,10.923076923076923,1
1473463,1,Gujarat Titans,Death (15-19),2025,45,3,33,5,7,8.181818181818182,0
1473463,1,Gujarat Titans,Middle (6-14),2025,81,3,59,9,14,8.23728813559322,0
1473463,1,Gujarat Titans,Powerplay (0-5),2025,54,0,37,7,9,8.756756756756756,0
1473463,2,Lucknow Super Giants,Death (15-19),2025,32,2,27,3,9,7.111111111111111,1
1473463,2,Lucknow Super Giants,Middle (6-14),2025,93,2,55,12,17,10.145454545454546,1
1473463,2,Lucknow Super Giants,Powerplay (0-5),2025,61,0,38,10,14,9.631578947368421,1
1473464,1,Punjab Kings,Death (15-19),2025,68,2,31,10,6,13.161290322580644,0
1473464,1,Punjab Kings,Middle (6-14),2025,88,3,58,9,14,9.10344827586207,0
1473464,1,Punjab Kings,Powerplay (0-5),2025,89,1,39,15,9,13.692307692307692,0
1473464,2,Sunrisers Hyderabad,Death (15-19),2025,42,1,21,7,5,12.0,1
1473464,2,Sunrisers Hyderabad,Middle (6-14),2025,122,1,57,18,11,12.842105263157896,1
1473464,2,Sunrisers Hyderabad,Powerplay (0-5),2025,83,0,42,15,13,11.857142857142858,1
1473465,1,Rajasthan Royals,Death (15-19),2025,59,2,31,8,4,11.419354838709676,0
1473465,1,Rajasthan Royals,Middle (6-14),2025,69,2,55,8,14,7.527272727272727,0
1473465,1,Rajasthan Royals,Powerplay (0-5),2025,45,0,36,7,18,7.5,0
1473465,2,Royal Challengers Bengaluru,Death (15-19),2025,29,0,16,4,5,10.875,1
1473465,2,Royal Challengers Bengaluru,Middle (6-14),2025,81,1,58,9,16,8.379310344827587,1
1473465,2,Royal Challengers Bengaluru,Powerplay (0-5),2025,65,0,37,10,11,10.54054054054054,1
1473466,1,Mumbai Indians,Death (15-19),2025,59,1,30,9,6,11.8,1
1473466,1,Mumbai Indians,Middle (6-14),2025,87,3,56,13,21,9.321428571428571,1
1473466,1,Mumbai Indians,Powerplay (0-5),2025,59,1,38,10,15,9.31578947368421,1
1473466,2,Delhi Capitals,Death (15-19),2025,35,5,27,4,7,7.777777777777778,0
1473466,2,Delhi Capitals,Middle (6-14),2025,86,4,55,12,17,9.381818181818183,0
1473466,2,Delhi Capitals,Powerplay (0-5),2025,72,1,37,12,12,11.675675675675675,0
1473467,1,Lucknow Super Giants,Death (15-19),2025,57,3,35,6,12,9.771428571428572,0
1473467,1,Lucknow Super Giants,Middle (6-14),2025,67,2,57,8,23,7.052631578947368,0
1473467,1,Lucknow Super Giants,Powerplay (0-5),2025,42,2,36,7,20,7.0,0
1473467,2,Chennai Super Kings,Death (15-19),2025,57,0,32,9,7,10.6875,1
1473467,2,Chennai Super Kings,Middle (6-14),2025,52,4,56,3,20,5.571428571428571,1
1473467,2,Chennai Super Kings,Powerplay (0-5),2025,59,1,38,11,13,9.31578947368421,1
1473468,1,Punjab Kings,Death (15-19),2025,2,2,3,0,1,4.0,1
1473468,1,Punjab Kings,Middle (6-14),2025,55,4,57,6,26,5.7894736842105265,1
1473468,1,Punjab Kings,Powerplay (0-5),2025,54,4,36,9,19,9.0,1
1473468,2,Kolkata Knight Riders,Death (15-19),2025,0,1,1,0,1,0.0,0
1473468,2,Kolkata Knight Riders,Middle (6-14),2025,40,7,55,3,33,4.363636363636364,0
1473468,2,Kolkata Knight Riders,Powerplay (0-5),2025,55,2,36,9,17,9.166666666666666,0
1473469,1,Delhi Capitals,Death (15-19),2025,77,1,37,11,4,12.486486486486486,0
1473469,1,Delhi Capitals,Middle (6-14),2025,65,2,55,5,14,7.090909090909092,0
1473469,1,Delhi Capitals,Powerplay (0-5),2025,46,2,36,8,16,7.666666666666667,0
1473469,2,Rajasthan Royals,Death (15-19),2025,56,2,31,6,3,10.838709677419354,0
1473469,2,Rajasthan Royals,Middle (6-14),2025,69,2,54,9,19,7.666666666666667,0
1473469,2,Rajasthan Royals,Powerplay (0-5),2025,63,1,39,9,17,9.692307692307692,0
1473469,3,Rajasthan Royals,Powerplay (0-5),2025,11,2,6,2,2,11.0,0
1473469,4,Delhi Capitals,Powerplay (0-5),2025,13,0,4,2,0,19.5,0
1473470,1,Sunrisers Hyderabad,Death (15-19),2025,57,2,31,7,8,11.032258064516128,0
1473470,1,Sunrisers Hyderabad,Middle (6-14),2025,59,3,59,5,16,6.0,0
1473470,1,Sunrisers Hyderabad,Powerplay (0-5),2025,46,0,39,7,16,7.076923076923077,0
1473470,2,Mumbai Indians,Death (15-19),2025,29,2,19,4,5,9.157894736842106,1
1473470,2,Mumbai Indians,Middle (6-14),2025,82,3,58,12,22,8.482758620689655,1
1473470,2,Mumbai Indians,Powerplay (0-5),2025,55,1,36,7,13,9.166666666666666,1
1473471,1,Royal Challengers Bengaluru,Middle (6-14),2025,62,5,49,9,24,7.591836734693878,0
1473471,1,Royal Challengers Bengaluru,Powerplay (0-5),2025,33,4,36,4,19,5.5,0
1473471,2,Punjab Kings,Middle (6-14),2025,52,3,37,7,19,8.432432432432432,1
1473471,2,Punjab Kings,Powerplay (0-5),2025,46,2,38,6,14,7.2631578947368425,1
1473472,1,Delhi Capitals,Death (15-19),2025,53,4,34,6,8,9.352941176470587,0
1473472,1,Delhi Capitals,Middle (6-14),2025,77,2,55,7,10,8.4,0
1473472,1,Delhi Capitals,Powerplay (0-5),2025,73,2,40,12,13,10.95,0
1473472,2,Gujarat Titans,Death (15-19),2025,46,1,28,5,5,9.857142857142856,1
1473472,2,Gujarat Titans,Middle (6-14),2025,91,1,56,12,16,9.75,1
1473472,2,Gujarat Titans,Powerplay (0-5),2025,67,1,37,11,10,10.864864864864865,1
1473473,1,Lucknow Super Giants,Death (15-19),2025,59,2,31,7,7,11.419354838709676,1
1473473,1,Lucknow Super Giants,Middle (6-14),2025,75,1,57,6,14,7.894736842105263,1
1473473,1,Lucknow Super Giants,Powerplay (0-5),2025,46,2,37,7,17,7.459459459459459,1
1473473,2,Rajasthan Royals,Death (15-19),2025,43,3,30,5,8,8.6,0
1473473,2,Rajasthan Royals,Middle (6-14),2025,74,2,55,8,17,8.072727272727274,0
1473473,2,Rajasthan Royals,Powerplay (0-5),2025,61,0,36,9,14,10.166666666666666,0
1473474,1,Punjab Kings,Death (15-19),2025,38,0,31,2,6,7.354838709677419,0
1473474,1,Punjab Kings,Middle (6-14),2025,57,5,55,4,17,6.218181818181819,0
1473474,1,Punjab Kings,Powerplay (0-5),2025,62,1,37,11,15,10.054054054054054,0
1473474,2,Royal Challengers Bengaluru,Death (15-19),2025,37,1,23,4,4,9.652173913043478,1
1473474,2,Royal Challengers Bengaluru,Middle (6-14),2025,68,1,55,7,16,7.418181818181819,1
1473474,2,Royal Challengers Bengaluru,Powerplay (0-5),2025,54,1,36,9,15,9.0,1
1473475,1,Chennai Super Kings,Death (15-19),2025,58,2,32,8,9,10.875,0
1473475,1,Chennai Super Kings,Middle (6-14),2025,70,2,57,7,17,7.368421052631579,0
1473475,1,Chennai Super Kings,Powerplay (0-5),2025,48,1,37,5,16,7.783783783783783,0
1473475,2,Mumbai Indians,Death (15-19),2025,20,0,5,3,0,24.0,1
1473475,2,Mumbai Indians,Middle (6-14),2025,95,1,56,13,11,10.178571428571427,1
1473475,2,Mumbai Indians,Powerplay (0-5),2025,62,0,41,9,17,9.073170731707318,1
1473476,1,Gujarat Titans,Death (15-19),2025,59,2,30,9,7,11.8,1
1473476,1,Gujarat Titans,Middle (6-14),2025,94,1,56,14,13,10.071428571428571,1
1473476,1,Gujarat Titans,Powerplay (0-5),2025,45,0,38,6,11,7.105263157894737,1
1473476,2,Kolkata Knight Riders,Death (15-19),2025,45,4,30,7,13,9.0,0
1473476,2,Kolkata Knight Riders,Middle (6-14),2025,69,2,58,5,15,7.137931034482759,0
1473476,2,Kolkata Knight Riders,Powerplay (0-5),2025,45,2,37,7,19,7.297297297297297,0
1473477,1,Lucknow Super Giants,Death (15-19),2025,41,2,31,6,10,7.935483870967741,0
1473477,1,Lucknow Super Giants,Middle (6-14),2025,67,4,54,6,12,7.444444444444445,0
1473477,1,Lucknow Super Giants,Powerplay (0-5),2025,51,0,36,6,12,8.5,0
1473477,2,Delhi Capitals,Death (15-19),2025,34,0,17,4,2,12.0,1
1473477,2,Delhi Capitals,Middle (6-14),2025,73,1,55,7,17,7.963636363636364,1
1473477,2,Delhi Capitals,Powerplay (0-5),2025,54,1,38,9,15,8.526315789473685,1
1473478,1,Sunrisers Hyderabad,Death (15-19),2025,53,3,30,7,6,10.6,0
1473478,1,Sunrisers Hyderabad,Middle (6-14),2025,66,1,56,9,23,7.071428571428571,0
1473478,1,Sunrisers Hyderabad,Powerplay (0-5),2025,24,4,37,2,25,3.8918918918918917,0
1473478,2,Mumbai Indians,Death (15-19),2025,9,0,4,2,1,13.5,1
1473478,2,Mumbai Indians,Middle (6-14),2025,81,2,55,12,17,8.836363636363638,1
1473478,2,Mumbai Indians,Powerplay (0-5),2025,56,1,36,9,14,9.333333333333334,1
1473479,1,Royal Challengers Bengaluru,Death (15-19),2025,49,4,34,7,11,8.647058823529411,1
1473479,1,Royal Challengers Bengaluru,Middle (6-14),2025,97,1,57,12,10,10.210526315789474,1
1473479,1,Royal Challengers Bengaluru,Powerplay (0-5),2025,59,0,39,9,11,9.076923076923077,1
1473479,2,Rajasthan Royals,Death (15-19),2025,46,5,31,6,12,8.903225806451612,0
1473479,2,Rajasthan Royals,Middle (6-14),2025,76,2,55,10,19,8.290909090909091,0
1473479,2,Rajasthan Royals,Powerplay (0-5),2025,72,2,37,13,18,11.675675675675675,0
1473480,1,Chennai Super Kings,Death (15-19),2025,27,4,32,2,18,5.0625,0
1473480,1,Chennai Super Kings,Middle (6-14),2025,77,3,54,9,19,8.555555555555555,0
1473480,1,Chennai Super Kings,Powerplay (0-5),2025,50,3,37,8,13,8.108108108108107,0
1473480,2,Sunrisers Hyderabad,Death (15-19),2025,41,0,26,3,4,9.461538461538462,1
1473480,2,Sunrisers Hyderabad,Middle (6-14),2025,77,3,58,8,22,7.9655172413793105,1
1473480,2,Sunrisers Hyderabad,Powerplay (0-5),2025,37,2,37,7,22,6.0,1
1473481,1,Punjab Kings,Death (15-19),2025,40,2,30,5,8,8.0,0
1473481,1,Punjab Kings,Middle (6-14),2025,105,2,55,15,14,11.454545454545455,0
1473481,1,Punjab Kings,Powerplay (0-5),2025,56,0,38,9,13,8.842105263157896,0
1473481,2,Kolkata Knight Riders,Powerplay (0-5),2025,7,0,7,1,4,6.0,0
1473482,1,Mumbai Indians,Death (15-19),2025,58,3,32,8,8,10.875,1
1473482,1,Mumbai Indians,Middle (6-14),2025,91,3,55,13,13,9.927272727272728,1
1473482,1,Mumbai Indians,Powerplay (0-5),2025,66,1,38,11,17,10.421052631578949,1
1473482,2,Lucknow Super Giants,Death (15-19),2025,21,5,32,2,21,3.9375,0
1473482,2,Lucknow Super Giants,Middle (6-14),2025,80,4,55,10,17,8.727272727272728,0
1473482,2,Lucknow Super Giants,Powerplay (0-5),2025,60,1,39,9,18,9.23076923076923,0
1473483,1,Delhi Capitals,Death (15-19),2025,54,4,31,8,10,10.451612903225806,0
1473483,1,Delhi Capitals,Middle (6-14),2025,56,2,54,5,17,6.222222222222222,0
1473483,1,Delhi Capitals,Powerplay (0-5),2025,52,2,38,7,16,8.210526315789474,0
1473483,2,Royal Challengers Bengaluru,Death (15-19),2025,51,1,23,8,2,13.304347826086955,1
1473483,2,Royal Challengers Bengaluru,Middle (6-14),2025,79,0,56,7,14,8.464285714285714,1
1473483,2,Royal Challengers Bengaluru,Powerplay (0-5),2025,35,3,36,5,18,5.833333333333333,1
1473484,1,Gujarat Titans,Death (15-19),2025,60,3,36,7,7,10.0,0
1473484,1,Gujarat Titans,Middle (6-14),2025,96,1,55,10,11,10.472727272727273,0
1473484,1,Gujarat Titans,Powerplay (0-5),2025,53,0,37,7,10,8.594594594594595,0
1473484,2,Rajasthan Royals,Death (15-19),2025,13,0,5,2,0,15.6,1
1473484,2,Rajasthan Royals,Middle (6-14),2025,112,2,54,17,16,12.444444444444445,1
1473484,2,Rajasthan Royals,Powerplay (0-5),2025,87,0,40,15,12,13.049999999999999,1
1473485,1,Kolkata Knight Riders,Death (15-19),2025,45,5,37,5,12,7.297297297297297,1
1473485,1,Kolkata Knight Riders,Middle (6-14),2025,80,3,55,10,17,8.727272727272728,1
1473485,1,Kolkata Knight Riders,Powerplay (0-5),2025,79,1,40,14,14,11.85,1
1473485,2,Delhi Capitals,Death (15-19),2025,44,4,30,7,15,8.8,0
1473485,2,Delhi Capitals,Middle (6-14),2025,88,3,58,12,15,9.10344827586207,0
1473485,2,Delhi Capitals,Powerplay (0-5),2025,58,2,37,9,14,9.405405405405405,0
1473486,1,Chennai Super Kings,Death (15-19),2025,56,6,31,8,12,10.838709677419354,0
1473486,1,Chennai Super Kings,Middle (6-14),2025,86,1,57,10,10,9.052631578947368,0
1473486,1,Chennai Super Kings,Powerplay (0-5),2025,48,3,40,8,20,7.199999999999999,0
1473486,2,Punjab Kings,Death (15-19),2025,55,3,30,8,9,11.0,1
1473486,2,Punjab Kings,Middle (6-14),2025,88,2,55,11,11,9.600000000000001,1
1473486,2,Punjab Kings,Powerplay (0-5),2025,51,1,36,9,16,8.5,1
1473487,1,Mumbai Indians,Death (15-19),2025,71,0,32,10,5,13.3125,1
1473487,1,Mumbai Indians,Middle (6-14),2025,88,2,57,13,14,9.263157894736842,1
1473487,1,Mumbai Indians,Powerplay (0-5),2025,58,0,37,10,15,9.405405405405405,1
1473487,2,Rajasthan Royals,Death (15-19),2025,4,1,7,0,3,3.4285714285714284,0
1473487,2,Rajasthan Royals,Middle (6-14),2025,51,4,54,5,31,5.666666666666667,0
1473487,2,Rajasthan Royals,Powerplay (0-5),2025,62,5,39,10,19,9.538461538461538,0
1473488,1,Gujarat Titans,Death (15-19),2025,62,4,31,8,8,12.0,1
1473488,1,Gujarat Titans,Middle (6-14),2025,80,2,55,8,8,8.727272727272728,1
1473488,1,Gujarat Titans,Powerplay (0-5),2025,82,0,37,15,6,13.297297297297296,1
1473488,2,Sunrisers Hyderabad,Death (15-19),2025,47,3,31,5,10,9.096774193548386,0
1473488,2,Sunrisers Hyderabad,Middle (6-14),2025,82,2,57,8,12,8.631578947368421,0
1473488,2,Sunrisers Hyderabad,Powerplay (0-5),2025,57,1,39,8,15,8.76923076923077,0
1473489,1,Royal Challengers Bengaluru,Death (15-19),2025,69,3,34,11,13,12.176470588235293,1
1473489,1,Royal Challengers Bengaluru,Middle (6-14),2025,73,2,55,10,18,7.963636363636364,1
1473489,1,Royal Challengers Bengaluru,Powerplay (0-5),2025,71,0,36,13,14,11.833333333333334,1
1473489,2,Chennai Super Kings,Death (15-19),2025,51,3,31,5,5,9.870967741935484,0
1473489,2,Chennai Super Kings,Middle (6-14),2025,102,0,54,13,6,11.333333333333334,0
1473489,2,Chennai Super Kings,Powerplay (0-5),2025,58,2,36,11,15,9.666666666666666,0
1473490,1,Kolkata Knight Riders,Death (15-19),2025,85,1,33,14,7,15.454545454545455,1
1473490,1,Kolkata Knight Riders,Middle (6-14),2025,65,2,56,6,16,6.9642857142857135,1
1473490,1,Kolkata Knight Riders,Powerplay (0-5),2025,56,1,38,8,16,8.842105263157896,1
1473490,2,Rajasthan Royals,Death (15-19),2025,50,3,32,5,6,9.375,0
1473490,2,Rajasthan Royals,Middle (6-14),2025,96,3,56,11,14,10.285714285714285,0
1473490,2,Rajasthan Royals,Powerplay (0-5),2025,59,2,37,11,18,9.567567567567567,0
1473491,1,Punjab Kings,Death (15-19),2025,75,2,32,11,4,14.0625,1
1473491,1,Punjab Kings,Middle (6-14),2025,95,1,57,13,13,10.0,1
1473491,1,Punjab Kings,Powerplay (0-5),2025,66,2,36,10,14,11.0,1
1473491,2,Lucknow Super Giants,Death (15-19),2025,56,2,31,8,10,10.838709677419354,0
1473491,2,Lucknow Super Giants,Middle (6-14),2025,105,2,59,14,15,10.677966101694915,0
1473491,2,Lucknow Super Giants,Powerplay (0-5),2025,38,3,38,5,25,6.0,0
1473492,1,Delhi Capitals,Death (15-19),2025,47,1,32,6,9,8.8125,0
1473492,1,Delhi Capitals,Middle (6-14),2025,60,2,54,5,19,6.666666666666667,0
1473492,1,Delhi Capitals,Powerplay (0-5),2025,26,4,37,3,21,4.216216216216216,0
1473493,1,Mumbai Indians,Death (15-19),2025,39,2,30,5,12,7.8,0
1473493,1,Mumbai Indians,Middle (6-14),2025,60,4,55,4,19,6.545454545454546,0
1473493,1,Mumbai Indians,Powerplay (0-5),2025,56,2,36,10,16,9.333333333333334,0
1473493,2,Gujarat Titans,Death (15-19),2025,34,4,25,4,7,8.16,1
1473493,2,Gujarat Titans,Middle (6-14),2025,84,2,60,10,17,8.4,1
1473493,2,Gujarat Titans,Powerplay (0-5),2025,29,1,38,3,23,4.578947368421053,1
1473494,1,Kolkata Knight Riders,Death (15-19),2025,55,2,31,8,10,10.64516129032258,0
1473494,1,Kolkata Knight Riders,Middle (6-14),2025,57,3,54,4,18,6.333333333333333,0
1473494,1,Kolkata Knight Riders,Powerplay (0-5),2025,67,1,37,12,15,10.864864864864865,0
1473494,2,Chennai Super Kings,Death (15-19),2025,43,2,30,5,9,8.6,1
1473494,2,Chennai Super Kings,Middle (6-14),2025,78,1,55,10,21,8.50909090909091,1
1473494,2,Chennai Super Kings,Powerplay (0-5),2025,62,5,37,9,15,10.054054054054054,1
1473495,1,Punjab Kings,Middle (6-14),2025,53,1,26,7,3,12.230769230769232,0
1473495,1,Punjab Kings,Powerplay (0-5),2025,69,0,37,11,12,11.18918918918919,0
1473497,1,Punjab Kings,Death (15-19),2025,72,1,33,11,6,13.090909090909092,1
1473497,1,Punjab Kings,Middle (6-14),2025,89,1,56,12,14,9.535714285714285,1
1473497,1,Punjab Kings,Powerplay (0-5),2025,58,3,36,9,15,9.666666666666666,1
1473497,2,Rajasthan Royals,Death (15-19),2025,55,3,32,7,10,10.3125,0
1473497,2,Rajasthan Royals,Middle (6-14),2025,65,3,54,5,17,7.222222222222222,0
1473497,2,Rajasthan Royals,Powerplay (0-5),2025,89,1,37,19,15,14.432432432432432,0
1473498,1,Delhi Capitals,Death (15-19),2025,63,1,30,9,6,12.6,0
1473498,1,Delhi Capitals,Middle (6-14),2025,91,1,55,11,11,9.927272727272728,0
1473498,1,Delhi Capitals,Powerplay (0-5),2025,45,1,39,7,20,6.923076923076923,0
1473498,2,Gujarat Titans,Death (15-19),2025,51,0,24,7,3,12.75,1
1473498,2,Gujarat Titans,Middle (6-14),2025,95,0,57,10,8,10.0,1
1473498,2,Gujarat Titans,Powerplay (0-5),2025,59,0,36,9,11,9.833333333333334,1
1473499,1,Lucknow Super Giants,Death (15-19),2025,59,5,37,8,10,9.567567567567567,0
1473499,1,Lucknow Super Giants,Middle (6-14),2025,77,2,56,9,12,8.25,0
1473499,1,Lucknow Super Giants,Powerplay (0-5),2025,69,0,38,11,14,10.894736842105264,0
1473499,2,Sunrisers Hyderabad,Death (15-19),2025,35,2,21,4,1,10.0,1
1473499,2,Sunrisers Hyderabad,Middle (6-14),2025,99,2,56,12,12,10.607142857142856,1
1473499,2,Sunrisers Hyderabad,Powerplay (0-5),2025,72,1,42,12,14,10.285714285714286,1
1473500,1,Chennai Super Kings,Death (15-19),2025,41,2,34,3,9,7.235294117647059,0
1473500,1,Chennai Super Kings,Middle (6-14),2025,78,3,58,8,19,8.068965517241379,0
1473500,1,Chennai Super Kings,Powerplay (0-5),2025,68,3,37,13,17,11.027027027027026,0
1473500,2,Rajasthan Royals,Death (15-19),2025,38,1,15,5,3,15.2,1
1473500,2,Rajasthan Royals,Middle (6-14),2025,94,2,56,12,14,10.071428571428571,1
1473500,2,Rajasthan Royals,Powerplay (0-5),2025,56,1,36,10,14,9.333333333333334,1
1473501,1,Mumbai Indians,Death (15-19),2025,66,1,30,11,8,13.2,1
1473501,1,Mumbai Indians,Middle (6-14),2025,60,2,55,5,18,6.545454545454546,1
1473501,1,Mumbai Indians,Powerplay (0-5),2025,54,2,36,8,14,9.0,1
1473501,2,Delhi Capitals,Death (15-19),2025,16,3,20,0,7,4.8,0
1473501,2,Delhi Capitals,Middle (6-14),2025,56,4,54,8,27,6.222222222222222,0
1473501,2,Delhi Capitals,Powerplay (0-5),2025,49,3,37,8,17,7.945945945945946,0
1473502,1,Lucknow Super Giants,Death (15-19),2025,75,1,33,11,7,13.636363636363637,1
1473502,1,Lucknow Super Giants,Middle (6-14),2025,107,1,56,16,16,11.464285714285714,1
1473502,1,Lucknow Super Giants,Powerplay (0-5),2025,53,0,38,7,15,8.368421052631579,1
1473502,2,Gujarat Titans,Death (15-19),2025,37,6,33,3,8,6.7272727272727275,0
1473502,2,Gujarat Titans,Middle (6-14),2025,98,2,56,12,11,10.5,0
1473502,2,Gujarat Titans,Powerplay (0-5),2025,67,1,38,13,14,10.578947368421053,0
1473503,1,Sunrisers Hyderabad,Death (15-19),2025,63,1,31,7,6,12.193548387096774,1
1473503,1,Sunrisers Hyderabad,Middle (6-14),2025,97,3,55,13,12,10.581818181818182,1
1473503,1,Sunrisers Hyderabad,Powerplay (0-5),2025,71,2,37,11,14,11.513513513513512,1
1473503,2,Royal Challengers Bengaluru,Death (15-19),2025,22,7,29,2,20,4.551724137931035,0
1473503,2,Royal Challengers Bengaluru,Middle (6-14),2025,95,3,56,11,12,10.178571428571427,0
1473503,2,Royal Challengers Bengaluru,Powerplay (0-5),2025,72,0,39,11,15,11.076923076923077,0
1473504,1,Chennai Super Kings,Death (15-19),2025,67,1,31,9,4,12.96774193548387,1
1473504,1,Chennai Super Kings,Middle (6-14),2025,95,3,54,14,17,10.555555555555555,1
1473504,1,Chennai Super Kings,Powerplay (0-5),2025,68,1,40,10,18,10.2,1
1473504,2,Gujarat Titans,Death (15-19),2025,22,3,23,2,13,5.739130434782608,0
1473504,2,Gujarat Titans,Middle (6-14),2025,90,4,57,11,16,9.473684210526315,0
1473504,2,Gujarat Titans,Powerplay (0-5),2025,35,3,37,4,20,5.675675675675675,0
1473505,1,Sunrisers Hyderabad,Death (15-19),2025,74,1,33,11,8,13.454545454545455,1
1473505,1,Sunrisers Hyderabad,Middle (6-14),2025,125,2,60,18,12,12.5,1
1473505,1,Sunrisers Hyderabad,Powerplay (0-5),2025,79,0,38,12,14,12.473684210526317,1
1473505,2,Kolkata Knight Riders,Death (15-19),2025,38,3,24,5,11,9.5,0
1473505,2,Kolkata Knight Riders,Middle (6-14),2025,71,5,55,8,22,7.745454545454546,0
1473505,2,Kolkata Knight Riders,Powerplay (0-5),2025,59,2,37,10,15,9.567567567567567,0
1473506,1,Mumbai Indians,Death (15-19),2025,53,3,30,7,10,10.6,0
1473506,1,Mumbai Indians,Middle (6-14),2025,79,3,58,9,18,8.172413793103448,0
1473506,1,Mumbai Indians,Powerplay (0-5),2025,52,1,39,9,18,8.0,0
1473506,2,Punjab Kings,Death (15-19),2025,41,1,23,5,6,10.695652173913043,1
1473506,2,Punjab Kings,Middle (6-14),2025,99,1,58,15,16,10.241379310344827,1
1473506,2,Punjab Kings,Powerplay (0-5),2025,47,1,37,8,20,7.621621621621621,1
1473507,1,Lucknow Super Giants,Death (15-19),2025,63,2,32,9,6,11.8125,0
1473507,1,Lucknow Super Giants,Middle (6-14),2025,109,0,58,15,14,11.275862068965518,0
1473507,1,Lucknow Super Giants,Powerplay (0-5),2025,55,1,37,7,17,8.91891891891892,0
1473507,2,Royal Challengers Bengaluru,Death (15-19),2025,53,0,24,8,5,13.25,1
1473507,2,Royal Challengers Bengaluru,Middle (6-14),2025,111,3,55,16,7,12.10909090909091,1
1473507,2,Royal Challengers Bengaluru,Powerplay (0-5),2025,66,1,38,13,12,10.421052631578949,1
1473508,1,Punjab Kings,Middle (6-14),2025,53,6,50,4,26,6.359999999999999,0
1473508,1,Punjab Kings,Powerplay (0-5),2025,48,4,37,7,18,7.783783783783783,0
1473508,2,Royal Challengers Bengaluru,Middle (6-14),2025,45,1,24,6,3,11.25,1
1473508,2,Royal Challengers Bengaluru,Powerplay (0-5),2025,61,1,36,10,15,10.166666666666666,1
1473509,1,Mumbai Indians,Death (15-19),2025,68,3,34,8,10,12.0,1
1473509,1,Mumbai Indians,Middle (6-14),2025,81,2,54,10,16,9.0,1
1473509,1,Mumbai Indians,Powerplay (0-5),2025,79,0,36,13,10,13.166666666666666,1
1473509,2,Gujarat Titans,Death (15-19),2025,47,3,31,6,11,9.096774193548386,0
1473509,2,Gujarat Titans,Middle (6-14),2025,95,2,55,13,11,10.363636363636365,0
1473509,2,Gujarat Titans,Powerplay (0-5),2025,66,1,38,10,12,10.421052631578949,0
1473510,1,Mumbai Indians,Death (15-19),2025,57,2,30,9,8,11.4,0
1473510,1,Mumbai Indians,Middle (6-14),2025,81,3,55,10,18,8.836363636363638,0
1473510,1,Mumbai Indians,Powerplay (0-5),2025,65,1,41,7,9,9.512195121951219,0
1473510,2,Punjab Kings,Death (15-19),2025,60,2,27,9,7,13.333333333333334,1
1473510,2,Punjab Kings,Middle (6-14),2025,83,1,55,9,13,9.054545454545455,1
1473510,2,Punjab Kings,Powerplay (0-5),2025,64,2,36,12,16,10.666666666666666,1
1473511,1,Royal Challengers Bengaluru,Death (15-19),2025,58,5,33,7,6,10.545454545454545,1
1473511,1,Royal Challengers Bengaluru,Middle (6-14),2025,77,3,58,6,9,7.9655172413793105,1
1473511,1,Royal Challengers Bengaluru,Powerplay (0-5),2025,55,1,38,7,13,8.68421052631579,1
1473511,2,Punjab Kings,Death (15-19),2025,65,3,31,9,12,12.580645161290322,0
1473511,2,Punjab Kings,Middle (6-14),2025,67,3,55,7,21,7.3090909090909095,0
1473511,2,Punjab Kings,Powerplay (0-5),2025,52,1,37,6,14,8.432432432432432,0
1485779,1,Punjab Kings,Death (15-19),2025,64,4,34,9,9,11.294117647058822,0
1485779,1,Punjab Kings,Middle (6-14),2025,82,2,56,8,10,8.785714285714285,0
1485779,1,Punjab Kings,Powerplay (0-5),2025,60,2,38,10,16,9.473684210526317,0
1485779,2,Delhi Capitals,Death (15-19),2025,53,0,28,7,3,11.357142857142856,1
1485779,2,Delhi Capitals,Middle (6-14),2025,94,3,57,11,14,9.894736842105264,1
1485779,2,Delhi Capitals,Powerplay (0-5),2025,61,1,36,11,14,10.166666666666666,1
1527674,1,Sunrisers Hyderabad,Death (15-19),2026,59,4,31,7,10,11.419354838709676,0
1527674,1,Sunrisers Hyderabad,Middle (6-14),2026,93,2,54,13,11,10.333333333333334,0
1527674,1,Sunrisers Hyderabad,Powerplay (0-5),2026,49,3,39,7,20,7.538461538461538,0
1527674,2,Royal Challengers Bengaluru,Death (15-19),2026,18,0,4,4,0,27.0,1
1527674,2,Royal Challengers Bengaluru,Middle (6-14),2026,109,3,61,14,15,10.721311475409836,1
1527674,2,Royal Challengers Bengaluru,Powerplay (0-5),2026,76,1,36,12,11,12.666666666666666,1
1527675,1,Kolkata Knight Riders,Death (15-19),2026,53,1,34,6,6,9.352941176470587,0
1527675,1,Kolkata Knight Riders,Middle (6-14),2026,89,2,55,10,12,9.709090909090909,0
1527675,1,Kolkata Knight Riders,Powerplay (0-5),2026,78,1,39,14,15,12.0,0
1527675,2,Mumbai Indians,Death (15-19),2026,41,2,25,7,6,9.84,1
1527675,2,Mumbai Indians,Middle (6-14),2026,103,2,58,15,15,10.655172413793105,1
1527675,2,Mumbai Indians,Powerplay (0-5),2026,80,0,36,13,14,13.333333333333334,1
1527676,1,Chennai Super Kings,Death (15-19),2026,34,2,29,4,13,7.03448275862069,0
1527676,1,Chennai Super Kings,Middle (6-14),2026,52,4,56,4,29,5.571428571428571,0
1527676,1,Chennai Super Kings,Powerplay (0-5),2026,41,4,40,5,22,6.1499999999999995,0
1527676,2,Rajasthan Royals,Middle (6-14),2026,54,2,38,8,13,8.526315789473685,1
1527676,2,Rajasthan Royals,Powerplay (0-5),2026,74,0,36,11,12,12.333333333333334,1
1527677,1,Gujarat Titans,Death (15-19),2026,34,3,37,2,14,5.513513513513513,0
1527677,1,Gujarat Titans,Middle (6-14),2026,74,2,56,7,17,7.928571428571428,0
1527677,1,Gujarat Titans,Powerplay (0-5),2026,54,1,38,9,12,8.526315789473685,0
1527677,2,Punjab Kings,Death (15-19),2026,44,1,27,6,8,9.777777777777779,1
1527677,2,Punjab Kings,Middle (6-14),2026,66,5,55,6,23,7.2,1
1527677,2,Punjab Kings,Powerplay (0-5),2026,55,1,37,8,17,8.91891891891892,1
1527678,1,Lucknow Super Giants,Death (15-19),2026,20,4,22,1,6,5.454545454545455,0
1527678,1,Lucknow Super Giants,Middle (6-14),2026,73,4,54,9,21,8.11111111111111,0
1527678,1,Lucknow Super Giants,Powerplay (0-5),2026,48,2,38,6,20,7.578947368421053,0
1527678,2,Delhi Capitals,Death (15-19),2026,32,0,14,4,4,13.714285714285714,1
1527678,2,Delhi Capitals,Middle (6-14),2026,80,0,58,8,13,8.275862068965518,1
1527678,2,Delhi Capitals,Powerplay (0-5),2026,33,4,43,4,29,4.604651162790698,1
1527679,1,Sunrisers Hyderabad,Death (15-19),2026,58,4,33,9,7,10.545454545454545,1
1527679,1,Sunrisers Hyderabad,Middle (6-14),2026,84,3,57,9,13,8.842105263157896,1
1527679,1,Sunrisers Hyderabad,Powerplay (0-5),2026,84,1,39,15,13,12.923076923076923,1
1527679,2,Kolkata Knight Riders,Death (15-19),2026,2,2,6,0,4,2.0,0
1527679,2,Kolkata Knight Riders,Middle (6-14),2026,85,5,56,12,18,9.107142857142856,0
1527679,2,Kolkata Knight Riders,Powerplay (0-5),2026,74,3,40,11,8,11.1,0
1527680,1,Chennai Super Kings,Death (15-19),2026,64,1,34,11,10,11.294117647058822,0
1527680,1,Chennai Super Kings,Middle (6-14),2026,88,3,58,9,14,9.10344827586207,0
1527680,1,Chennai Super Kings,Powerplay (0-5),2026,57,1,39,8,16,8.76923076923077,0
1527680,2,Punjab Kings,Death (15-19),2026,47,2,25,8,7,11.28,1
1527680,2,Punjab Kings,Middle (6-14),2026,95,2,56,12,12,10.178571428571427,1
1527680,2,Punjab Kings,Powerplay (0-5),2026,68,1,39,12,16,10.461538461538462,1
1527681,1,Mumbai Indians,Death (15-19),2026,45,2,32,5,6,8.4375,0
1527681,1,Mumbai Indians,Middle (6-14),2026,76,2,55,8,15,8.290909090909091,0
1527681,1,Mumbai Indians,Powerplay (0-5),2026,41,2,37,8,20,6.648648648648648,0
1527681,2,Delhi Capitals,Death (15-19),2026,26,1,20,4,7,7.8,1
1527681,2,Delhi Capitals,Middle (6-14),2026,96,1,57,14,19,10.105263157894736,1
1527681,2,Delhi Capitals,Powerplay (0-5),2026,42,2,36,7,17,7.0,1
1527682,1,Rajasthan Royals,Death (15-19),2026,50,3,33,6,10,9.090909090909092,1
1527682,1,Rajasthan Royals,Middle (6-14),2026,91,3,57,12,20,9.578947368421053,1
1527682,1,Rajasthan Royals,Powerplay (0-5),2026,69,0,39,12,15,10.615384615384615,1
1527682,2,Gujarat Titans,Death (15-19),2026,43,1,31,5,9,8.32258064516129,0
1527682,2,Gujarat Titans,Middle (6-14),2026,105,7,55,17,15,11.454545454545455,0
1527682,2,Gujarat Titans,Powerplay (0-5),2026,56,0,38,9,17,8.842105263157896,0
1527683,1,Sunrisers Hyderabad,Death (15-19),2026,42,5,31,5,12,8.129032258064516,0
1527683,1,Sunrisers Hyderabad,Middle (6-14),2026,92,1,55,12,14,10.036363636363637,0
1527683,1,Sunrisers Hyderabad,Powerplay (0-5),2026,22,3,37,2,25,3.5675675675675675,0
1527683,2,Lucknow Super Giants,Death (15-19),2026,46,1,29,8,10,9.517241379310345,1
1527683,2,Lucknow Super Giants,Middle (6-14),2026,61,3,54,5,15,6.777777777777778,1
1527683,2,Lucknow Super Giants,Powerplay (0-5),2026,53,1,36,9,14,8.833333333333334,1
1527684,1,Royal Challengers Bengaluru,Death (15-19),2026,97,0,32,15,6,18.1875,1
1527684,1,Royal Challengers Bengaluru,Middle (6-14),2026,102,2,56,13,14,10.928571428571427,1
1527684,1,Royal Challengers Bengaluru,Powerplay (0-5),2026,51,1,36,5,11,8.5,1
1527684,2,Chennai Super Kings,Death (15-19),2026,42,4,31,5,9,8.129032258064516,0
1527684,2,Chennai Super Kings,Middle (6-14),2026,88,3,54,14,16,9.777777777777779,0
1527684,2,Chennai Super Kings,Powerplay (0-5),2026,77,3,38,13,15,12.157894736842106,0
1527685,1,Kolkata Knight Riders,Powerplay (0-5),2026,25,2,22,3,10,6.818181818181818,0
1527686,1,Rajasthan Royals,Middle (6-14),2026,61,1,34,9,7,10.76470588235294,1
1527686,1,Rajasthan Royals,Powerplay (0-5),2026,89,2,38,14,8,14.05263157894737,1
1527686,2,Mumbai Indians,Middle (6-14),2026,63,4,34,9,9,11.117647058823529,0
1527686,2,Mumbai Indians,Powerplay (0-5),2026,60,5,38,8,14,9.473684210526317,0
1527687,1,Gujarat Titans,Death (15-19),2026,49,2,31,7,11,9.483870967741934,1
1527687,1,Gujarat Titans,Middle (6-14),2026,93,1,57,11,7,9.789473684210526,1
1527687,1,Gujarat Titans,Powerplay (0-5),2026,68,1,38,11,13,10.736842105263158,1
1527687,2,Delhi Capitals,Death (15-19),2026,67,4,34,10,8,11.823529411764705,0
1527687,2,Delhi Capitals,Middle (6-14),2026,79,4,56,10,16,8.464285714285714,0
1527687,2,Delhi Capitals,Powerplay (0-5),2026,63,0,38,11,13,9.947368421052632,0
1527688,1,Kolkata Knight Riders,Death (15-19),2026,66,0,33,10,6,12.0,0
1527688,1,Kolkata Knight Riders,Middle (6-14),2026,59,3,55,5,18,6.4363636363636365,0
1527688,1,Kolkata Knight Riders,Powerplay (0-5),2026,56,1,38,10,19,8.842105263157896,0
1527688,2,Lucknow Super Giants,Death (15-19),2026,55,1,30,9,17,11.0,1
1527688,2,Lucknow Super Giants,Middle (6-14),2026,71,4,59,9,23,7.220338983050847,1
1527688,2,Lucknow Super Giants,Powerplay (0-5),2026,56,2,38,7,12,8.842105263157896,1
1527689,1,Royal Challengers Bengaluru,Death (15-19),2026,62,1,32,8,7,11.625,0
1527689,1,Royal Challengers Bengaluru,Middle (6-14),2026,78,4,54,9,12,8.666666666666666,0
1527689,1,Royal Challengers Bengaluru,Powerplay (0-5),2026,61,3,37,10,15,9.891891891891891,0
1527689,2,Rajasthan Royals,Death (15-19),2026,25,0,18,1,1,8.333333333333334,1
1527689,2,Rajasthan Royals,Middle (6-14),2026,80,3,56,9,14,8.571428571428571,1
1527689,2,Rajasthan Royals,Powerplay (0-5),2026,97,1,36,19,12,16.166666666666668,1
1527690,1,Sunrisers Hyderabad,Death (15-19),2026,43,3,31,4,9,8.32258064516129,0
1527690,1,Sunrisers Hyderabad,Middle (6-14),2026,71,3,58,6,14,7.344827586206897,0
1527690,1,Sunrisers Hyderabad,Powerplay (0-5),2026,105,0,43,18,11,14.651162790697674,0
1527690,2,Punjab Kings,Death (15-19),2026,44,1,24,6,4,11.0,1
1527690,2,Punjab Kings,Middle (6-14),2026,86,3,57,10,13,9.052631578947368,1
1527690,2,Punjab Kings,Powerplay (0-5),2026,93,0,37,16,10,15.08108108108108,1
1527691,1,Chennai Super Kings,Death (15-19),2026,52,1,31,7,6,10.064516129032258,1
1527691,1,Chennai Super Kings,Middle (6-14),2026,99,1,55,13,10,10.8,1
1527691,1,Chennai Super Kings,Powerplay (0-5),2026,61,0,37,10,10,9.891891891891891,1
1527691,2,Delhi Capitals,Death (15-19),2026,36,4,32,4,14,6.75,0
1527691,2,Delhi Capitals,Middle (6-14),2026,87,4,59,9,18,8.847457627118644,0
1527691,2,Delhi Capitals,Powerplay (0-5),2026,66,2,38,11,15,10.421052631578949,0
1527692,1,Lucknow Super Giants,Death (15-19),2026,54,3,31,8,10,10.451612903225806,0
1527692,1,Lucknow Super Giants,Middle (6-14),2026,50,3,54,6,29,5.555555555555555,0
1527692,1,Lucknow Super Giants,Powerplay (0-5),2026,60,2,37,10,17,9.72972972972973,0
1527692,2,Gujarat Titans,Death (15-19),2026,35,1,23,5,6,9.130434782608695,1
1527692,2,Gujarat Titans,Middle (6-14),2026,78,1,56,11,16,8.357142857142856,1
1527692,2,Gujarat Titans,Powerplay (0-5),2026,52,1,36,9,15,8.666666666666666,1
1527693,1,Royal Challengers Bengaluru,Death (15-19),2026,53,2,32,7,10,9.9375,1
1527693,1,Royal Challengers Bengaluru,Middle (6-14),2026,116,2,62,16,12,11.225806451612902,1
1527693,1,Royal Challengers Bengaluru,Powerplay (0-5),2026,71,0,38,10,11,11.210526315789474,1
1527693,2,Mumbai Indians,Death (15-19),2026,75,1,37,10,10,12.162162162162161,0
1527693,2,Mumbai Indians,Middle (6-14),2026,85,4,56,12,16,9.107142857142856,0
1527693,2,Mumbai Indians,Powerplay (0-5),2026,62,1,37,10,14,10.054054054054054,0
1529264,1,Sunrisers Hyderabad,Death (15-19),2026,62,3,34,9,12,10.941176470588236,1
1529264,1,Sunrisers Hyderabad,Middle (6-14),2026,103,2,58,13,10,10.655172413793105,1
1529264,1,Sunrisers Hyderabad,Powerplay (0-5),2026,51,1,36,8,18,8.5,1
1529264,2,Rajasthan Royals,Death (15-19),2026,32,4,25,3,10,7.68,0
1529264,2,Rajasthan Royals,Middle (6-14),2026,87,1,58,11,16,9.0,0
1529264,2,Rajasthan Royals,Powerplay (0-5),2026,40,5,40,6,21,6.0,0
1529265,1,Chennai Super Kings,Death (15-19),2026,50,2,35,6,11,8.571428571428571,1
1529265,1,Chennai Super Kings,Middle (6-14),2026,70,1,57,8,21,7.368421052631579,1
1529265,1,Chennai Super Kings,Powerplay (0-5),2026,72,2,38,13,13,11.368421052631579,1
1529265,2,Kolkata Knight Riders,Death (15-19),2026,53,1,34,7,8,9.352941176470587,0
1529265,2,Kolkata Knight Riders,Middle (6-14),2026,71,4,55,6,14,7.745454545454546,0
1529265,2,Kolkata Knight Riders,Powerplay (0-5),2026,36,2,36,5,21,6.0,0
1529266,1,Lucknow Super Giants,Death (15-19),2026,34,6,32,3,14,6.375,0
1529266,1,Lucknow Super Giants,Middle (6-14),2026,77,3,56,11,22,8.25,0
1529266,1,Lucknow Super Giants,Powerplay (0-5),2026,35,1,36,3,15,5.833333333333333,0
1529266,2,Royal Challengers Bengaluru,Death (15-19),2026,4,0,1,1,0,24.0,1
1529266,2,Royal Challengers Bengaluru,Middle (6-14),2026,85,4,54,11,18,9.444444444444445,1
1529266,2,Royal Challengers Bengaluru,Powerplay (0-5),2026,60,1,37,9,12,9.72972972972973,1
1529267,1,Mumbai Indians,Death (15-19),2026,50,3,30,7,9,10.0,0
1529267,1,Mumbai Indians,Middle (6-14),2026,97,1,58,11,8,10.03448275862069,0
1529267,1,Mumbai Indians,Powerplay (0-5),2026,48,2,36,6,17,8.0,0
1529267,2,Punjab Kings,Death (15-19),2026,26,1,12,4,2,13.0,1
1529267,2,Punjab Kings,Middle (6-14),2026,111,0,60,15,6,11.1,1
1529267,2,Punjab Kings,Powerplay (0-5),2026,61,2,37,11,16,9.891891891891891,1
1529268,1,Kolkata Knight Riders,Death (15-19),2026,32,5,30,4,20,6.4,0
1529268,1,Kolkata Knight Riders,Middle (6-14),2026,111,2,60,16,17,11.1,0
1529268,1,Kolkata Knight Riders,Powerplay (0-5),2026,37,3,37,5,20,6.0,0
1529268,2,Gujarat Titans,Death (15-19),2026,37,2,31,3,6,7.161290322580645,1
1529268,2,Gujarat Titans,Middle (6-14),2026,73,2,55,7,14,7.963636363636364,1
1529268,2,Gujarat Titans,Powerplay (0-5),2026,71,1,36,12,15,11.833333333333334,1
1529269,1,Royal Challengers Bengaluru,Death (15-19),2026,29,4,32,2,12,5.4375,0
1529269,1,Royal Challengers Bengaluru,Middle (6-14),2026,87,3,59,10,16,8.847457627118644,0
1529269,1,Royal Challengers Bengaluru,Powerplay (0-5),2026,59,1,38,7,9,9.31578947368421,0
1529269,2,Delhi Capitals,Death (15-19),2026,49,1,29,5,4,10.13793103448276,1
1529269,2,Delhi Capitals,Middle (6-14),2026,80,1,55,8,10,8.727272727272728,1
1529269,2,Delhi Capitals,Powerplay (0-5),2026,50,3,38,7,15,7.894736842105264,1
1529270,1,Sunrisers Hyderabad,Death (15-19),2026,40,4,32,5,14,7.5,1
1529270,1,Sunrisers Hyderabad,Middle (6-14),2026,79,3,55,9,18,8.618181818181819,1
1529270,1,Sunrisers Hyderabad,Powerplay (0-5),2026,75,2,37,13,13,12.162162162162161,1
1529270,2,Chennai Super Kings,Death (15-19),2026,43,3,34,3,9,7.588235294117647,0
1529270,2,Chennai Super Kings,Middle (6-14),2026,65,2,56,6,16,6.9642857142857135,0
1529270,2,Chennai Super Kings,Powerplay (0-5),2026,76,3,43,11,13,10.604651162790697,0
1529271,1,Rajasthan Royals,Death (15-19),2026,37,5,34,3,13,6.529411764705882,0
1529271,1,Rajasthan Royals,Middle (6-14),2026,55,4,56,4,21,5.892857142857142,0
1529271,1,Rajasthan Royals,Powerplay (0-5),2026,63,0,40,11,16,9.45,0
1529271,2,Kolkata Knight Riders,Death (15-19),2026,64,0,32,9,6,12.0,1
1529271,2,Kolkata Knight Riders,Middle (6-14),2026,46,3,56,3,21,4.928571428571428,1
1529271,2,Kolkata Knight Riders,Powerplay (0-5),2026,51,3,38,8,16,8.052631578947368,1
1529272,1,Punjab Kings,Death (15-19),2026,61,4,33,9,10,11.090909090909092,1
1529272,1,Punjab Kings,Middle (6-14),2026,130,2,55,18,7,14.181818181818183,1
1529272,1,Punjab Kings,Powerplay (0-5),2026,63,1,38,10,17,9.947368421052632,1
1529272,2,Lucknow Super Giants,Death (15-19),2026,58,1,32,8,8,10.875,0
1529272,2,Lucknow Super Giants,Middle (6-14),2026,81,3,58,7,12,8.379310344827587,0
1529272,2,Lucknow Super Giants,Powerplay (0-5),2026,61,1,37,10,15,9.891891891891891,0
1529273,1,Mumbai Indians,Death (15-19),2026,77,1,30,13,6,15.4,1
1529273,1,Mumbai Indians,Middle (6-14),2026,76,1,55,8,17,8.290909090909091,1
1529273,1,Mumbai Indians,Powerplay (0-5),2026,46,3,37,6,16,7.459459459459459,1
1529273,2,Gujarat Titans,Death (15-19),2026,1,2,6,0,5,1.0,0
1529273,2,Gujarat Titans,Middle (6-14),2026,54,5,57,6,26,5.684210526315789,0
1529273,2,Gujarat Titans,Powerplay (0-5),2026,45,3,39,8,19,6.923076923076923,0
1529274,1,Sunrisers Hyderabad,Death (15-19),2026,59,0,32,8,5,11.0625,1
1529274,1,Sunrisers Hyderabad,Middle (6-14),2026,116,2,58,15,9,12.0,1
1529274,1,Sunrisers Hyderabad,Powerplay (0-5),2026,67,0,38,10,12,10.578947368421053,1
1529274,2,Delhi Capitals,Death (15-19),2026,40,5,32,4,10,7.5,0
1529274,2,Delhi Capitals,Middle (6-14),2026,96,3,57,12,13,10.105263157894736,0
1529274,2,Delhi Capitals,Powerplay (0-5),2026,59,1,38,9,15,9.31578947368421,0
1529275,1,Rajasthan Royals,Death (15-19),2026,52,1,30,6,7,10.4,1
1529275,1,Rajasthan Royals,Middle (6-14),2026,63,2,55,6,20,6.872727272727273,1
1529275,1,Rajasthan Royals,Powerplay (0-5),2026,44,3,39,8,23,6.769230769230769,1
1529275,2,Lucknow Super Giants,Death (15-19),2026,20,5,19,3,12,6.315789473684211,0
1529275,2,Lucknow Super Giants,Middle (6-14),2026,68,2,57,7,18,7.157894736842105,0
1529275,2,Lucknow Super Giants,Powerplay (0-5),2026,31,3,37,5,24,5.027027027027027,0
1529276,1,Chennai Super Kings,Death (15-19),2026,58,2,32,10,13,10.875,1
1529276,1,Chennai Super Kings,Middle (6-14),2026,76,2,56,8,14,8.142857142857142,1
1529276,1,Chennai Super Kings,Powerplay (0-5),2026,73,2,40,13,16,10.95,1
1529276,2,Mumbai Indians,Death (15-19),2026,10,3,25,0,16,2.4,0
1529276,2,Mumbai Indians,Middle (6-14),2026,65,4,56,7,18,6.9642857142857135,0
1529276,2,Mumbai Indians,Powerplay (0-5),2026,29,3,38,4,23,4.578947368421053,0
1529277,1,Gujarat Titans,Death (15-19),2026,50,2,30,6,7,10.0,0
1529277,1,Gujarat Titans,Middle (6-14),2026,98,1,56,11,7,10.5,0
1529277,1,Gujarat Titans,Powerplay (0-5),2026,57,0,37,10,15,9.243243243243242,0
1529277,2,Royal Challengers Bengaluru,Death (15-19),2026,35,1,24,5,8,8.75,1
1529277,2,Royal Challengers Bengaluru,Middle (6-14),2026,113,3,56,17,15,12.107142857142856,1
1529277,2,Royal Challengers Bengaluru,Powerplay (0-5),2026,58,1,36,9,13,9.666666666666666,1
1529278,1,Delhi Capitals,Death (15-19),2026,75,1,34,11,4,13.235294117647058,0
1529278,1,Delhi Capitals,Middle (6-14),2026,121,0,57,19,7,12.736842105263158,0
1529278,1,Delhi Capitals,Powerplay (0-5),2026,68,1,36,12,9,11.333333333333334,0
1529278,2,Punjab Kings,Death (15-19),2026,62,0,25,10,5,14.879999999999999,1
1529278,2,Punjab Kings,Middle (6-14),2026,87,4,59,11,15,8.847457627118644,1
1529278,2,Punjab Kings,Powerplay (0-5),2026,116,0,42,19,6,16.571428571428573,1
1529279,1,Rajasthan Royals,Death (15-19),2026,44,3,31,6,15,8.516129032258064,0
1529279,1,Rajasthan Royals,Middle (6-14),2026,108,2,58,17,15,11.172413793103448,0
1529279,1,Rajasthan Royals,Powerplay (0-5),2026,76,1,37,13,15,12.324324324324325,0
1529279,2,Sunrisers Hyderabad,Death (15-19),2026,41,2,22,5,6,11.181818181818182,1
1529279,2,Sunrisers Hyderabad,Middle (6-14),2026,99,2,57,15,15,10.421052631578947,1
1529279,2,Sunrisers Hyderabad,Powerplay (0-5),2026,89,1,41,17,18,13.02439024390244,1
1529280,1,Chennai Super Kings,Death (15-19),2026,62,3,33,11,11,11.272727272727273,0
1529280,1,Chennai Super Kings,Middle (6-14),2026,68,1,57,8,30,7.157894736842105,0
1529280,1,Chennai Super Kings,Powerplay (0-5),2026,28,3,36,5,25,4.666666666666667,0
1529280,2,Gujarat Titans,Death (15-19),2026,24,1,10,3,1,14.399999999999999,1
1529280,2,Gujarat Titans,Middle (6-14),2026,83,1,56,9,12,8.892857142857142,1
1529280,2,Gujarat Titans,Powerplay (0-5),2026,55,0,36,8,14,9.166666666666666,1
1529281,1,Kolkata Knight Riders,Death (15-19),2026,62,0,32,9,8,11.625,0
1529281,1,Kolkata Knight Riders,Middle (6-14),2026,62,4,57,6,22,6.526315789473684,0
1529281,1,Kolkata Knight Riders,Powerplay (0-5),2026,31,3,38,2,18,4.894736842105264,0
1529281,2,Lucknow Super Giants,Death (15-19),2026,63,4,33,9,13,11.454545454545455,0
1529281,2,Lucknow Super Giants,Middle (6-14),2026,55,3,56,5,22,5.892857142857142,0
1529281,2,Lucknow Super Giants,Powerplay (0-5),2026,37,1,36,4,14,6.166666666666667,0
1529281,3,Lucknow Super Giants,Powerplay (0-5),2026,1,2,3,0,2,2.0,0
1529281,4,Kolkata Knight Riders,Powerplay (0-5),2026,4,0,1,1,0,24.0,0
1529282,1,Delhi Capitals,Death (15-19),2026,4,2,9,1,8,2.6666666666666665,0
1529282,1,Delhi Capitals,Middle (6-14),2026,58,2,57,7,24,6.105263157894737,0
1529282,1,Delhi Capitals,Powerplay (0-5),2026,13,6,37,1,28,2.108108108108108,0
1529282,2,Royal Challengers Bengaluru,Middle (6-14),2026,12,0,3,2,1,24.0,1
1529282,2,Royal Challengers Bengaluru,Powerplay (0-5),2026,65,1,36,10,12,10.833333333333334,1
1529283,1,Punjab Kings,Death (15-19),2026,72,1,30,11,5,14.4,0
1529283,1,Punjab Kings,Middle (6-14),2026,85,2,54,8,10,9.444444444444445,0
1529283,1,Punjab Kings,Powerplay (0-5),2026,65,1,37,11,15,10.54054054054054,0
1529283,2,Rajasthan Royals,Death (15-19),2026,63,0,28,10,6,13.5,1
1529283,2,Rajasthan Royals,Middle (6-14),2026,81,3,56,10,14,8.678571428571429,1
1529283,2,Rajasthan Royals,Powerplay (0-5),2026,84,1,37,15,12,13.621621621621621,1
1529284,1,Mumbai Indians,Death (15-19),2026,62,2,32,8,5,11.625,0
1529284,1,Mumbai Indians,Middle (6-14),2026,103,3,57,14,9,10.842105263157896,0
1529284,1,Mumbai Indians,Powerplay (0-5),2026,78,0,38,13,12,12.31578947368421,0
1529284,2,Sunrisers Hyderabad,Death (15-19),2026,56,1,22,9,3,15.272727272727273,1
1529284,2,Sunrisers Hyderabad,Middle (6-14),2026,101,3,58,15,13,10.448275862068966,1
1529284,2,Sunrisers Hyderabad,Powerplay (0-5),2026,92,0,40,14,11,13.799999999999999,1
1529285,1,Royal Challengers Bengaluru,Death (15-19),2026,23,2,27,3,15,5.111111111111111,0
1529285,1,Royal Challengers Bengaluru,Middle (6-14),2026,73,6,54,9,22,8.11111111111111,0
1529285,1,Royal Challengers Bengaluru,Powerplay (0-5),2026,59,2,37,12,19,9.567567567567567,0
1529285,2,Gujarat Titans,Death (15-19),2026,13,0,5,2,0,15.6,1
1529285,2,Gujarat Titans,Middle (6-14),2026,76,4,58,9,19,7.862068965517242,1
1529285,2,Gujarat Titans,Powerplay (0-5),2026,69,2,36,11,14,11.5,1
1529286,1,Rajasthan Royals,Death (15-19),2026,78,3,34,13,8,13.76470588235294,0
1529286,1,Rajasthan Royals,Middle (6-14),2026,91,1,56,9,11,9.75,0
1529286,1,Rajasthan Royals,Powerplay (0-5),2026,56,2,36,9,14,9.333333333333334,0
1529286,2,Delhi Capitals,Death (15-19),2026,53,1,32,7,5,9.9375,1
1529286,2,Delhi Capitals,Middle (6-14),2026,103,2,54,12,11,11.444444444444445,1
1529286,2,Delhi Capitals,Powerplay (0-5),2026,70,0,37,12,16,11.35135135135135,1
1529287,1,Mumbai Indians,Death (15-19),2026,39,3,31,4,12,7.548387096774193,0
1529287,1,Mumbai Indians,Middle (6-14),2026,63,3,54,8,21,7.0,0
1529287,1,Mumbai Indians,Powerplay (0-5),2026,57,1,36,8,20,9.5,0
1529287,2,Chennai Super Kings,Death (15-19),2026,31,0,20,5,7,9.299999999999999,1
1529287,2,Chennai Super Kings,Middle (6-14),2026,67,0,56,5,12,7.178571428571428,1
1529287,2,Chennai Super Kings,Powerplay (0-5),2026,62,2,37,10,15,10.054054054054054,1
1529288,1,Sunrisers Hyderabad,Death (15-19),2026,26,5,25,3,13,6.239999999999999,0
1529288,1,Sunrisers Hyderabad,Middle (6-14),2026,68,4,56,10,25,7.285714285714286,0
1529288,1,Sunrisers Hyderabad,Powerplay (0-5),2026,71,1,37,13,11,11.513513513513512,0
1529288,2,Kolkata Knight Riders,Death (15-19),2026,36,1,22,4,7,9.818181818181818,1
1529288,2,Kolkata Knight Riders,Middle (6-14),2026,62,1,57,6,14,6.526315789473684,1
1529288,2,Kolkata Knight Riders,Powerplay (0-5),2026,71,1,38,10,13,11.210526315789474,1
1529289,1,Punjab Kings,Death (15-19),2026,45,4,34,5,11,7.941176470588235,0
1529289,1,Punjab Kings,Middle (6-14),2026,83,2,55,11,16,9.054545454545455,0
1529289,1,Punjab Kings,Powerplay (0-5),2026,35,3,37,5,22,5.675675675675675,0
1529289,2,Gujarat Titans,Death (15-19),2026,43,2,30,5,9,8.6,1
1529289,2,Gujarat Titans,Middle (6-14),2026,66,3,54,6,14,7.333333333333333,1
1529289,2,Gujarat Titans,Powerplay (0-5),2026,58,1,38,7,16,9.157894736842106,1
1529290,1,Lucknow Super Giants,Death (15-19),2026,53,0,32,6,6,9.9375,0
1529290,1,Lucknow Super Giants,Middle (6-14),2026,85,4,60,7,16,8.5,0
1529290,1,Lucknow Super Giants,Powerplay (0-5),2026,90,1,38,15,9,14.210526315789474,0
1529290,2,Mumbai Indians,Death (15-19),2026,42,2,24,6,5,10.5,1
1529290,2,Mumbai Indians,Middle (6-14),2026,116,2,56,16,9,12.428571428571427,1
1529290,2,Mumbai Indians,Powerplay (0-5),2026,71,0,36,12,14,11.833333333333334,1
1529291,1,Delhi Capitals,Death (15-19),2026,58,2,32,6,5,10.875,0
1529291,1,Delhi Capitals,Middle (6-14),2026,60,3,54,6,18,6.666666666666667,0
1529291,1,Delhi Capitals,Powerplay (0-5),2026,37,2,36,7,22,6.166666666666667,0
1529291,2,Chennai Super Kings,Death (15-19),2026,33,0,16,5,2,12.375,1
1529291,2,Chennai Super Kings,Middle (6-14),2026,82,1,54,13,24,9.11111111111111,1
1529291,2,Chennai Super Kings,Powerplay (0-5),2026,44,1,38,4,18,6.947368421052632,1
1529292,1,Sunrisers Hyderabad,Death (15-19),2026,61,1,31,7,4,11.806451612903226,1
1529292,1,Sunrisers Hyderabad,Middle (6-14),2026,95,2,56,9,10,10.178571428571427,1
1529292,1,Sunrisers Hyderabad,Powerplay (0-5),2026,79,1,38,13,13,12.473684210526317,1
1529292,2,Punjab Kings,Death (15-19),2026,72,1,33,9,3,13.090909090909092,0
1529292,2,Punjab Kings,Middle (6-14),2026,73,3,56,8,19,7.821428571428571,0
1529292,2,Punjab Kings,Powerplay (0-5),2026,57,3,40,9,21,8.549999999999999,0
