match_id,date,season,event,venue,city,team1,team2,toss_winner,toss_decision,winner,win_by_runs,win_by_wickets,player_of_match,toss_won_match,season_year
1082591,2017-04-05,2017,Indian Premier League,"Rajiv Gandhi International Stadium, Uppal",Hyderabad,Sunrisers Hyderabad,Royal Challengers Bangalore,Royal Challengers Bangalore,field,Sunrisers Hyderabad,35.0,,Yuvraj Singh,0,2017
1082592,2017-04-06,2017,Indian Premier League,Maharashtra Cricket Association Stadium,Pune,Rising Pune Supergiant,Mumbai Indians,Rising Pune Supergiant,field,Rising Pune Supergiant,,7.0,SPD Smith,1,2017
1082593,2017-04-07,2017,Indian Premier League,Saurashtra Cricket Association Stadium,Rajkot,Gujarat Lions,Kolkata Knight Riders,Kolkata Knight Riders,field,Kolkata Knight Riders,,10.0,CA Lynn,1,2017
1082594,2017-04-08,2017,Indian Premier League,Holkar Cricket Stadium,Indore,Kings XI Punjab,Rising Pune Supergiant,Kings XI Punjab,field,Kings XI Punjab,,6.0,GJ Maxwell,1,2017
1082595,2017-04-08,2017,Indian Premier League,M.Chinnaswamy Stadium,Bengaluru,Royal Challengers Bangalore,Delhi Daredevils,Royal Challengers Bangalore,bat,Royal Challengers Bangalore,15.0,,KM Jadhav,1,2017
1082596,2017-04-09,2017,Indian Premier League,"Rajiv Gandhi International Stadium, Uppal",Hyderabad,Sunrisers Hyderabad,Gujarat Lions,Sunrisers Hyderabad,field,Sunrisers Hyderabad,,9.0,Rashid Khan,1,2017
1082597,2017-04-09,2017,Indian Premier League,Wankhede Stadium,Mumbai,Mumbai Indians,Kolkata Knight Riders,Mumbai Indians,field,Mumbai Indians,,4.0,N Rana,1,2017
1082598,2017-04-10,2017,Indian Premier League,Holkar Cricket Stadium,Indore,Kings XI Punjab,Royal Challengers Bangalore,Royal Challengers Bangalore,bat,Kings XI Punjab,,8.0,AR Patel,0,2017
1082599,2017-04-11,2017,Indian Premier League,Maharashtra Cricket Association Stadium,Pune,Rising Pune Supergiant,Delhi Daredevils,Rising Pune Supergiant,field,Delhi Daredevils,97.0,,SV Samson,0,2017
1082600,2017-04-12,2017,Indian Premier League,Wankhede Stadium,Mumbai,Mumbai Indians,Sunrisers Hyderabad,Mumbai Indians,field,Mumbai Indians,,4.0,JJ Bumrah,1,2017
1082601,2017-04-13,2017,Indian Premier League,Eden Gardens,Kolkata,Kolkata Knight Riders,Kings XI Punjab,Kolkata Knight Riders,field,Kolkata Knight Riders,,8.0,SP Narine,1,2017
1082602,2017-04-14,2017,Indian Premier League,M Chinnaswamy Stadium,Bangalore,Royal Challengers Bangalore,Mumbai Indians,Mumbai Indians,field,Mumbai Indians,,4.0,KA Pollard,1,2017
1082603,2017-04-14,2017,Indian Premier League,Saurashtra Cricket Association Stadium,Rajkot,Gujarat Lions,Rising Pune Supergiant,Gujarat Lions,field,Gujarat Lions,,7.0,AJ Tye,1,2017
1082604,2017-04-15,2017,Indian Premier League,Eden Gardens,Kolkata,Kolkata Knight Riders,Sunrisers Hyderabad,Sunrisers Hyderabad,field,Kolkata Knight Riders,17.0,,RV Uthappa,0,2017
1082605,2017-04-15,2017,Indian Premier League,Feroz Shah Kotla,Delhi,Delhi Daredevils,Kings XI Punjab,Delhi Daredevils,bat,Delhi Daredevils,51.0,,CJ Anderson,1,2017
1082606,2017-04-16,2017,Indian Premier League,Wankhede Stadium,Mumbai,Mumbai Indians,Gujarat Lions,Mumbai Indians,field,Mumbai Indians,,6.0,N Rana,1,2017
1082607,2017-04-16,2017,Indian Premier League,M Chinnaswamy Stadium,Bangalore,Royal Challengers Bangalore,Rising Pune Supergiant,Royal Challengers Bangalore,field,Rising Pune Supergiant,27.0,,BA Stokes,0,2017
1082608,2017-04-17,2017,Indian Premier League,Feroz Shah Kotla,Delhi,Delhi Daredevils,Kolkata Knight Riders,Delhi Daredevils,bat,Kolkata Knight Riders,,4.0,NM Coulter-Nile,0,2017
1082609,2017-04-17,2017,Indian Premier League,"Rajiv Gandhi International Stadium, Uppal",Hyderabad,Sunrisers Hyderabad,Kings XI Punjab,Kings XI Punjab,field,Sunrisers Hyderabad,5.0,,B Kumar,0,2017
1082610,2017-04-18,2017,Indian Premier League,Saurashtra Cricket Association Stadium,Rajkot,Gujarat Lions,Royal Challengers Bangalore,Gujarat Lions,field,Royal Challengers Bangalore,21.0,,CH Gayle,0,2017
1082611,2017-04-19,2017,Indian Premier League,"Rajiv Gandhi International Stadium, Uppal",Hyderabad,Sunrisers Hyderabad,Delhi Daredevils,Sunrisers Hyderabad,bat,Sunrisers Hyderabad,15.0,,KS Williamson,1,2017
1082612,2017-04-20,2017,Indian Premier League,Holkar Cricket Stadium,Indore,Kings XI Punjab,Mumbai Indians,Mumbai Indians,field,Mumbai Indians,,8.0,JC Buttler,1,2017
1082613,2017-04-21,2017,Indian Premier League,Eden Gardens,Kolkata,Kolkata Knight Riders,Gujarat Lions,Gujarat Lions,field,Gujarat Lions,,4.0,SK Raina,1,2017
1082614,2017-04-22,2017,Indian Premier League,Wankhede Stadium,Mumbai,Mumbai Indians,Delhi Daredevils,Delhi Daredevils,field,Mumbai Indians,14.0,,MJ McClenaghan,0,2017
1082615,2017-04-22,2017,Indian Premier League,Maharashtra Cricket Association Stadium,Pune,Rising Pune Supergiant,Sunrisers Hyderabad,Rising Pune Supergiant,field,Rising Pune Supergiant,,6.0,MS Dhoni,1,2017
1082616,2017-04-23,2017,Indian Premier League,Saurashtra Cricket Association Stadium,Rajkot,Gujarat Lions,Kings XI Punjab,Gujarat Lions,field,Kings XI Punjab,26.0,,HM Amla,0,2017
1082617,2017-04-23,2017,Indian Premier League,Eden Gardens,Kolkata,Kolkata Knight Riders,Royal Challengers Bangalore,Royal Challengers Bangalore,field,Kolkata Knight Riders,82.0,,NM Coulter-Nile,0,2017
1082618,2017-04-24,2017,Indian Premier League,Wankhede Stadium,Mumbai,Mumbai Indians,Rising Pune Supergiant,Mumbai Indians,field,Rising Pune Supergiant,3.0,,BA Stokes,0,2017
1082620,2017-04-26,2017,Indian Premier League,Maharashtra Cricket Association Stadium,Pune,Rising Pune Supergiant,Kolkata Knight Riders,Kolkata Knight Riders,field,Kolkata Knight Riders,,7.0,RV Uthappa,1,2017
1082621,2017-04-27,2017,Indian Premier League,M Chinnaswamy Stadium,Bangalore,Royal Challengers Bangalore,Gujarat Lions,Gujarat Lions,field,Gujarat Lions,,7.0,AJ Tye,1,2017
1082622,2017-04-28,2017,Indian Premier League,Eden Gardens,Kolkata,Kolkata Knight Riders,Delhi Daredevils,Kolkata Knight Riders,field,Kolkata Knight Riders,,7.0,G Gambhir,1,2017
1082623,2017-04-28,2017,Indian Premier League,"Punjab Cricket Association IS Bindra Stadium, Mohali",Chandigarh,Kings XI Punjab,Sunrisers Hyderabad,Kings XI Punjab,field,Sunrisers Hyderabad,26.0,,Rashid Khan,0,2017
1082624,2017-04-29,2017,Indian Premier League,Maharashtra Cricket Association Stadium,Pune,Rising Pune Supergiant,Royal Challengers Bangalore,Royal Challengers Bangalore,field,Rising Pune Supergiant,61.0,,LH Ferguson,0,2017
1082625,2017-04-29,2017,Indian Premier League,Saurashtra Cricket Association Stadium,Rajkot,Gujarat Lions,Mumbai Indians,Gujarat Lions,bat,tie,,,KH Pandya,0,2017
1082626,2017-04-30,2017,Indian Premier League,"Punjab Cricket Association IS Bindra Stadium, Mohali",Chandigarh,Kings XI Punjab,Delhi Daredevils,Kings XI Punjab,field,Kings XI Punjab,,10.0,Sandeep Sharma,1,2017
1082627,2017-04-30,2017,Indian Premier League,"Rajiv Gandhi International Stadium, Uppal",Hyderabad,Sunrisers Hyderabad,Kolkata Knight Riders,Kolkata Knight Riders,field,Sunrisers Hyderabad,48.0,,DA Warner,0,2017
1082628,2017-05-01,2017,Indian Premier League,Wankhede Stadium,Mumbai,Mumbai Indians,Royal Challengers Bangalore,Royal Challengers Bangalore,bat,Mumbai Indians,,5.0,RG Sharma,0,2017
1082629,2017-05-01,2017,Indian Premier League,Maharashtra Cricket Association Stadium,Pune,Rising Pune Supergiant,Gujarat Lions,Rising Pune Supergiant,field,Rising Pune Supergiant,,5.0,BA Stokes,1,2017
1082630,2017-05-02,2017,Indian Premier League,Feroz Shah Kotla,Delhi,Delhi Daredevils,Sunrisers Hyderabad,Delhi Daredevils,field,Delhi Daredevils,,6.0,Mohammed Shami,1,2017
1082631,2017-05-03,2017,Indian Premier League,Eden Gardens,Kolkata,Kolkata Knight Riders,Rising Pune Supergiant,Rising Pune Supergiant,field,Rising Pune Supergiant,,4.0,RA Tripathi,1,2017
1082632,2017-05-04,2017,Indian Premier League,Feroz Shah Kotla,Delhi,Delhi Daredevils,Gujarat Lions,Delhi Daredevils,field,Delhi Daredevils,,7.0,RR Pant,1,2017
1082633,2017-05-05,2017,Indian Premier League,M Chinnaswamy Stadium,Bangalore,Royal Challengers Bangalore,Kings XI Punjab,Royal Challengers Bangalore,field,Kings XI Punjab,19.0,,Sandeep Sharma,0,2017
1082634,2017-05-06,2017,Indian Premier League,"Rajiv Gandhi International Stadium, Uppal",Hyderabad,Sunrisers Hyderabad,Rising Pune Supergiant,Sunrisers Hyderabad,field,Rising Pune Supergiant,12.0,,JD Unadkat,0,2017
1082635,2017-05-06,2017,Indian Premier League,Feroz Shah Kotla,Delhi,Delhi Daredevils,Mumbai Indians,Delhi Daredevils,field,Mumbai Indians,146.0,,LMP Simmons,0,2017
1082636,2017-05-07,2017,Indian Premier League,M Chinnaswamy Stadium,Bangalore,Royal Challengers Bangalore,Kolkata Knight Riders,Kolkata Knight Riders,field,Kolkata Knight Riders,,6.0,SP Narine,1,2017
1082637,2017-05-07,2017,Indian Premier League,"Punjab Cricket Association IS Bindra Stadium, Mohali",Chandigarh,Kings XI Punjab,Gujarat Lions,Gujarat Lions,field,Gujarat Lions,,6.0,DR Smith,1,2017
1082638,2017-05-08,2017,Indian Premier League,"Rajiv Gandhi International Stadium, Uppal",Hyderabad,Sunrisers Hyderabad,Mumbai Indians,Mumbai Indians,bat,Sunrisers Hyderabad,,7.0,S Dhawan,0,2017
1082639,2017-05-09,2017,Indian Premier League,"Punjab Cricket Association IS Bindra Stadium, Mohali",Chandigarh,Kings XI Punjab,Kolkata Knight Riders,Kolkata Knight Riders,field,Kings XI Punjab,14.0,,MM Sharma,0,2017
1082640,2017-05-10,2017,Indian Premier League,Green Park,Kanpur,Gujarat Lions,Delhi Daredevils,Delhi Daredevils,field,Delhi Daredevils,,2.0,SS Iyer,1,2017
1082641,2017-05-11,2017,Indian Premier League,Wankhede Stadium,Mumbai,Mumbai Indians,Kings XI Punjab,Mumbai Indians,field,Kings XI Punjab,7.0,,WP Saha,0,2017
1082642,2017-05-12,2017,Indian Premier League,Feroz Shah Kotla,Delhi,Delhi Daredevils,Rising Pune Supergiant,Delhi Daredevils,bat,Delhi Daredevils,7.0,,KK Nair,1,2017
1082643,2017-05-13,2017,Indian Premier League,Green Park,Kanpur,Gujarat Lions,Sunrisers Hyderabad,Sunrisers Hyderabad,field,Sunrisers Hyderabad,,8.0,Mohammed Siraj,1,2017
1082644,2017-05-13,2017,Indian Premier League,Eden Gardens,Kolkata,Kolkata Knight Riders,Mumbai Indians,Kolkata Knight Riders,field,Mumbai Indians,9.0,,AT Rayudu,0,2017
1082645,2017-05-14,2017,Indian Premier League,Maharashtra Cricket Association Stadium,Pune,Rising Pune Supergiant,Kings XI Punjab,Rising Pune Supergiant,field,Rising Pune Supergiant,,9.0,JD Unadkat,1,2017
1082646,2017-05-14,2017,Indian Premier League,Feroz Shah Kotla,Delhi,Delhi Daredevils,Royal Challengers Bangalore,Royal Challengers Bangalore,bat,Royal Challengers Bangalore,10.0,,HV Patel,1,2017
1082647,2017-05-16,2017,Indian Premier League,Wankhede Stadium,Mumbai,Mumbai Indians,Rising Pune Supergiant,Mumbai Indians,field,Rising Pune Supergiant,20.0,,Washington Sundar,0,2017
1082648,2017-05-17,2017,Indian Premier League,M Chinnaswamy Stadium,Bangalore,Sunrisers Hyderabad,Kolkata Knight Riders,Kolkata Knight Riders,field,Kolkata Knight Riders,,7.0,NM Coulter-Nile,1,2017
1082649,2017-05-19,2017,Indian Premier League,M Chinnaswamy Stadium,Bangalore,Mumbai Indians,Kolkata Knight Riders,Mumbai Indians,field,Mumbai Indians,,6.0,KV Sharma,1,2017
1082650,2017-05-21,2017,Indian Premier League,"Rajiv Gandhi International Stadium, Uppal",Hyderabad,Mumbai Indians,Rising Pune Supergiant,Mumbai Indians,bat,Mumbai Indians,1.0,,KH Pandya,1,2017
1136561,2018-04-07,2018,Indian Premier League,Wankhede Stadium,Mumbai,Mumbai Indians,Chennai Super Kings,Chennai Super Kings,field,Chennai Super Kings,,1.0,DJ Bravo,1,2018
1136562,2018-04-08,2018,Indian Premier League,Punjab Cricket Association IS Bindra Stadium,Chandigarh,Delhi Daredevils,Kings XI Punjab,Kings XI Punjab,field,Kings XI Punjab,,6.0,KL Rahul,1,2018
1136563,2018-04-08,2018,Indian Premier League,Eden Gardens,Kolkata,Royal Challengers Bangalore,Kolkata Knight Riders,Kolkata Knight Riders,field,Kolkata Knight Riders,,4.0,SP Narine,1,2018
1136564,2018-04-09,2018,Indian Premier League,Rajiv Gandhi International Stadium,Hyderabad,Rajasthan Royals,Sunrisers Hyderabad,Sunrisers Hyderabad,field,Sunrisers Hyderabad,,9.0,S Dhawan,1,2018
1136565,2018-04-10,2018,Indian Premier League,MA Chidambaram Stadium,Chennai,Kolkata Knight Riders,Chennai Super Kings,Chennai Super Kings,field,Chennai Super Kings,,5.0,SW Billings,1,2018
1136566,2018-04-11,2018,Indian Premier League,Sawai Mansingh Stadium,Jaipur,Rajasthan Royals,Delhi Daredevils,Delhi Daredevils,field,Rajasthan Royals,10.0,,SV Samson,0,2018
1136567,2018-04-12,2018,Indian Premier League,Rajiv Gandhi International Stadium,Hyderabad,Mumbai Indians,Sunrisers Hyderabad,Sunrisers Hyderabad,field,Sunrisers Hyderabad,,1.0,Rashid Khan,1,2018
1136568,2018-04-13,2018,Indian Premier League,M.Chinnaswamy Stadium,Bengaluru,Kings XI Punjab,Royal Challengers Bangalore,Royal Challengers Bangalore,field,Royal Challengers Bangalore,,4.0,UT Yadav,1,2018
1136569,2018-04-14,2018,Indian Premier League,Wankhede Stadium,Mumbai,Mumbai Indians,Delhi Daredevils,Delhi Daredevils,field,Delhi Daredevils,,7.0,JJ Roy,1,2018
1136570,2018-04-14,2018,Indian Premier League,Eden Gardens,Kolkata,Kolkata Knight Riders,Sunrisers Hyderabad,Sunrisers Hyderabad,field,Sunrisers Hyderabad,,5.0,B Stanlake,1,2018
1136571,2018-04-15,2018,Indian Premier League,M.Chinnaswamy Stadium,Bengaluru,Rajasthan Royals,Royal Challengers Bangalore,Royal Challengers Bangalore,field,Rajasthan Royals,19.0,,SV Samson,0,2018
1136572,2018-04-15,2018,Indian Premier League,Punjab Cricket Association IS Bindra Stadium,Chandigarh,Kings XI Punjab,Chennai Super Kings,Chennai Super Kings,field,Kings XI Punjab,4.0,,CH Gayle,0,2018
1136573,2018-04-16,2018,Indian Premier League,Eden Gardens,Kolkata,Kolkata Knight Riders,Delhi Daredevils,Delhi Daredevils,field,Kolkata Knight Riders,71.0,,N Rana,0,2018
1136574,2018-04-17,2018,Indian Premier League,Wankhede Stadium,Mumbai,Mumbai Indians,Royal Challengers Bangalore,Royal Challengers Bangalore,field,Mumbai Indians,46.0,,RG Sharma,0,2018
1136575,2018-04-18,2018,Indian Premier League,Sawai Mansingh Stadium,Jaipur,Rajasthan Royals,Kolkata Knight Riders,Kolkata Knight Riders,field,Kolkata Knight Riders,,7.0,N Rana,1,2018
1136576,2018-04-19,2018,Indian Premier League,Punjab Cricket Association IS Bindra Stadium,Chandigarh,Kings XI Punjab,Sunrisers Hyderabad,Kings XI Punjab,bat,Kings XI Punjab,15.0,,CH Gayle,1,2018
1136577,2018-04-20,2018,Indian Premier League,Maharashtra Cricket Association Stadium,Pune,Chennai Super Kings,Rajasthan Royals,Rajasthan Royals,field,Chennai Super Kings,64.0,,SR Watson,0,2018
1136578,2018-04-21,2018,Indian Premier League,Eden Gardens,Kolkata,Kolkata Knight Riders,Kings XI Punjab,Kings XI Punjab,field,Kings XI Punjab,,9.0,KL Rahul,1,2018
1136579,2018-04-21,2018,Indian Premier League,M.Chinnaswamy Stadium,Bengaluru,Delhi Daredevils,Royal Challengers Bangalore,Royal Challengers Bangalore,field,Royal Challengers Bangalore,,6.0,AB de Villiers,1,2018
1136580,2018-04-22,2018,Indian Premier League,Rajiv Gandhi International Stadium,Hyderabad,Chennai Super Kings,Sunrisers Hyderabad,Sunrisers Hyderabad,field,Chennai Super Kings,4.0,,AT Rayudu,0,2018
1136581,2018-04-22,2018,Indian Premier League,Sawai Mansingh Stadium,Jaipur,Mumbai Indians,Rajasthan Royals,Mumbai Indians,bat,Rajasthan Royals,,3.0,JC Archer,0,2018
1136582,2018-04-23,2018,Indian Premier League,Arun Jaitley Stadium,Delhi,Kings XI Punjab,Delhi Daredevils,Delhi Daredevils,field,Kings XI Punjab,4.0,,AS Rajpoot,0,2018
1136583,2018-04-24,2018,Indian Premier League,Wankhede Stadium,Mumbai,Sunrisers Hyderabad,Mumbai Indians,Mumbai Indians,field,Sunrisers Hyderabad,31.0,,Rashid Khan,0,2018
1136584,2018-04-25,2018,Indian Premier League,M.Chinnaswamy Stadium,Bengaluru,Royal Challengers Bangalore,Chennai Super Kings,Chennai Super Kings,field,Chennai Super Kings,,5.0,MS Dhoni,1,2018
1136585,2018-04-26,2018,Indian Premier League,Rajiv Gandhi International Stadium,Hyderabad,Sunrisers Hyderabad,Kings XI Punjab,Kings XI Punjab,field,Sunrisers Hyderabad,13.0,,AS Rajpoot,0,2018
1136586,2018-04-27,2018,Indian Premier League,Arun Jaitley Stadium,Delhi,Delhi Daredevils,Kolkata Knight Riders,Kolkata Knight Riders,field,Delhi Daredevils,55.0,,SS Iyer,0,2018
1136587,2018-04-28,2018,Indian Premier League,Maharashtra Cricket Association Stadium,Pune,Chennai Super Kings,Mumbai Indians,Mumbai Indians,field,Mumbai Indians,,8.0,RG Sharma,1,2018
1136588,2018-04-29,2018,Indian Premier League,Sawai Mansingh Stadium,Jaipur,Sunrisers Hyderabad,Rajasthan Royals,Sunrisers Hyderabad,bat,Sunrisers Hyderabad,11.0,,KS Williamson,1,2018
1136589,2018-04-29,2018,Indian Premier League,M.Chinnaswamy Stadium,Bengaluru,Royal Challengers Bangalore,Kolkata Knight Riders,Kolkata Knight Riders,field,Kolkata Knight Riders,,6.0,CA Lynn,1,2018
1136590,2018-04-30,2018,Indian Premier League,Maharashtra Cricket Association Stadium,Pune,Chennai Super Kings,Delhi Daredevils,Delhi Daredevils,field,Chennai Super Kings,13.0,,SR Watson,0,2018
1136591,2018-05-01,2018,Indian Premier League,M.Chinnaswamy Stadium,Bengaluru,Royal Challengers Bangalore,Mumbai Indians,Mumbai Indians,field,Royal Challengers Bangalore,14.0,,TG Southee,0,2018
1136592,2018-05-02,2018,Indian Premier League,Arun Jaitley Stadium,Delhi,Delhi Daredevils,Rajasthan Royals,Rajasthan Royals,field,Delhi Daredevils,4.0,,RR Pant,0,2018
1136593,2018-05-03,2018,Indian Premier League,Eden Gardens,Kolkata,Chennai Super Kings,Kolkata Knight Riders,Kolkata Knight Riders,field,Kolkata Knight Riders,,6.0,SP Narine,1,2018
1136594,2018-05-04,2018,Indian Premier League,Holkar Cricket Stadium,Indore,Kings XI Punjab,Mumbai Indians,Mumbai Indians,field,Mumbai Indians,,6.0,SA Yadav,1,2018
1136595,2018-05-05,2018,Indian Premier League,Maharashtra Cricket Association Stadium,Pune,Royal Challengers Bangalore,Chennai Super Kings,Chennai Super Kings,field,Chennai Super Kings,,6.0,RA Jadeja,1,2018
1136596,2018-05-05,2018,Indian Premier League,Rajiv Gandhi International Stadium,Hyderabad,Delhi Daredevils,Sunrisers Hyderabad,Delhi Daredevils,bat,Sunrisers Hyderabad,,7.0,Rashid Khan,0,2018
1136597,2018-05-06,2018,Indian Premier League,Wankhede Stadium,Mumbai,Mumbai Indians,Kolkata Knight Riders,Kolkata Knight Riders,field,Mumbai Indians,13.0,,HH Pandya,0,2018
1136598,2018-05-06,2018,Indian Premier League,Holkar Cricket Stadium,Indore,Rajasthan Royals,Kings XI Punjab,Kings XI Punjab,field,Kings XI Punjab,,6.0,Mujeeb Ur Rahman,1,2018
1136599,2018-05-07,2018,Indian Premier League,Rajiv Gandhi International Stadium,Hyderabad,Sunrisers Hyderabad,Royal Challengers Bangalore,Royal Challengers Bangalore,field,Sunrisers Hyderabad,5.0,,KS Williamson,0,2018
1136600,2018-05-08,2018,Indian Premier League,Sawai Mansingh Stadium,Jaipur,Rajasthan Royals,Kings XI Punjab,Rajasthan Royals,bat,Rajasthan Royals,15.0,,JC Buttler,1,2018
1136601,2018-05-09,2018,Indian Premier League,Eden Gardens,Kolkata,Mumbai Indians,Kolkata Knight Riders,Kolkata Knight Riders,field,Mumbai Indians,102.0,,Ishan Kishan,0,2018
1136602,2018-05-10,2018,Indian Premier League,Arun Jaitley Stadium,Delhi,Delhi Daredevils,Sunrisers Hyderabad,Delhi Daredevils,bat,Sunrisers Hyderabad,,9.0,S Dhawan,0,2018
1136603,2018-05-11,2018,Indian Premier League,Sawai Mansingh Stadium,Jaipur,Chennai Super Kings,Rajasthan Royals,Chennai Super Kings,bat,Rajasthan Royals,,4.0,JC Buttler,0,2018
1136604,2018-05-12,2018,Indian Premier League,Holkar Cricket Stadium,Indore,Kolkata Knight Riders,Kings XI Punjab,Kings XI Punjab,field,Kolkata Knight Riders,31.0,,SP Narine,0,2018
1136605,2018-05-12,2018,Indian Premier League,Arun Jaitley Stadium,Delhi,Delhi Daredevils,Royal Challengers Bangalore,Royal Challengers Bangalore,field,Royal Challengers Bangalore,,5.0,AB de Villiers,1,2018
1136606,2018-05-13,2018,Indian Premier League,Maharashtra Cricket Association Stadium,Pune,Sunrisers Hyderabad,Chennai Super Kings,Chennai Super Kings,field,Chennai Super Kings,,8.0,AT Rayudu,1,2018
1136607,2018-05-13,2018,Indian Premier League,Wankhede Stadium,Mumbai,Mumbai Indians,Rajasthan Royals,Rajasthan Royals,field,Rajasthan Royals,,7.0,JC Buttler,1,2018
1136608,2018-05-14,2018,Indian Premier League,Holkar Cricket Stadium,Indore,Kings XI Punjab,Royal Challengers Bangalore,Royal Challengers Bangalore,field,Royal Challengers Bangalore,,10.0,UT Yadav,1,2018
1136609,2018-05-15,2018,Indian Premier League,Eden Gardens,Kolkata,Rajasthan Royals,Kolkata Knight Riders,Kolkata Knight Riders,field,Kolkata Knight Riders,,6.0,Kuldeep Yadav,1,2018
1136610,2018-05-16,2018,Indian Premier League,Wankhede Stadium,Mumbai,Mumbai Indians,Kings XI Punjab,Kings XI Punjab,field,Mumbai Indians,3.0,,JJ Bumrah,0,2018
1136611,2018-05-17,2018,Indian Premier League,M.Chinnaswamy Stadium,Bengaluru,Royal Challengers Bangalore,Sunrisers Hyderabad,Sunrisers Hyderabad,field,Royal Challengers Bangalore,14.0,,AB de Villiers,0,2018
1136612,2018-05-18,2018,Indian Premier League,Arun Jaitley Stadium,Delhi,Delhi Daredevils,Chennai Super Kings,Chennai Super Kings,field,Delhi Daredevils,34.0,,HV Patel,0,2018
1136613,2018-05-19,2018,Indian Premier League,Sawai Mansingh Stadium,Jaipur,Rajasthan Royals,Royal Challengers Bangalore,Rajasthan Royals,bat,Rajasthan Royals,30.0,,S Gopal,1,2018
1136614,2018-05-19,2018,Indian Premier League,Rajiv Gandhi International Stadium,Hyderabad,Sunrisers Hyderabad,Kolkata Knight Riders,Sunrisers Hyderabad,bat,Kolkata Knight Riders,,5.0,CA Lynn,0,2018
1136615,2018-05-20,2018,Indian Premier League,Arun Jaitley Stadium,Delhi,Delhi Daredevils,Mumbai Indians,Delhi Daredevils,bat,Delhi Daredevils,11.0,,A Mishra,1,2018
1136616,2018-05-20,2018,Indian Premier League,Maharashtra Cricket Association Stadium,Pune,Kings XI Punjab,Chennai Super Kings,Chennai Super Kings,field,Chennai Super Kings,,5.0,L Ngidi,1,2018
1136617,2018-05-22,2018,Indian Premier League,Wankhede Stadium,Mumbai,Sunrisers Hyderabad,Chennai Super Kings,Chennai Super Kings,field,Chennai Super Kings,,2.0,F du Plessis,1,2018
1136618,2018-05-23,2018,Indian Premier League,Eden Gardens,Kolkata,Kolkata Knight Riders,Rajasthan Royals,Rajasthan Royals,field,Kolkata Knight Riders,25.0,,AD Russell,0,2018
1136619,2018-05-25,2018,Indian Premier League,Eden Gardens,Kolkata,Sunrisers Hyderabad,Kolkata Knight Riders,Kolkata Knight Riders,field,Sunrisers Hyderabad,14.0,,Rashid Khan,0,2018
1136620,2018-05-27,2018,Indian Premier League,Wankhede Stadium,Mumbai,Sunrisers Hyderabad,Chennai Super Kings,Chennai Super Kings,field,Chennai Super Kings,,8.0,SR Watson,1,2018
1175356,2019-03-23,2019,Indian Premier League,MA Chidambaram Stadium,Chennai,Royal Challengers Bangalore,Chennai Super Kings,Chennai Super Kings,field,Chennai Super Kings,,7.0,Harbhajan Singh,1,2019
1175357,2019-03-24,2019,Indian Premier League,Eden Gardens,Kolkata,Sunrisers Hyderabad,Kolkata Knight Riders,Kolkata Knight Riders,field,Kolkata Knight Riders,,6.0,AD Russell,1,2019
1175358,2019-03-24,2019,Indian Premier League,Wankhede Stadium,Mumbai,Delhi Capitals,Mumbai Indians,Mumbai Indians,field,Delhi Capitals,37.0,,RR Pant,0,2019
1175359,2019-03-25,2019,Indian Premier League,Sawai Mansingh Stadium,Jaipur,Kings XI Punjab,Rajasthan Royals,Rajasthan Royals,field,Kings XI Punjab,14.0,,CH Gayle,0,2019
1175360,2019-03-26,2019,Indian Premier League,Arun Jaitley Stadium,Delhi,Delhi Capitals,Chennai Super Kings,Delhi Capitals,bat,Chennai Super Kings,,6.0,SR Watson,0,2019
1175361,2019-03-27,2019,Indian Premier League,Eden Gardens,Kolkata,Kolkata Knight Riders,Kings XI Punjab,Kings XI Punjab,field,Kolkata Knight Riders,28.0,,AD Russell,0,2019
1175362,2019-03-28,2019,Indian Premier League,M.Chinnaswamy Stadium,Bengaluru,Mumbai Indians,Royal Challengers Bangalore,Royal Challengers Bangalore,field,Mumbai Indians,6.0,,JJ Bumrah,0,2019
1175363,2019-03-29,2019,Indian Premier League,Rajiv Gandhi International Stadium,Hyderabad,Rajasthan Royals,Sunrisers Hyderabad,Rajasthan Royals,bat,Sunrisers Hyderabad,,5.0,Rashid Khan,0,2019
1175364,2019-03-30,2019,Indian Premier League,Punjab Cricket Association IS Bindra Stadium,Chandigarh,Mumbai Indians,Kings XI Punjab,Kings XI Punjab,field,Kings XI Punjab,,8.0,MA Agarwal,1,2019
1175365,2019-03-30,2019,Indian Premier League,Arun Jaitley Stadium,Delhi,Kolkata Knight Riders,Delhi Capitals,Delhi Capitals,field,tie,,,PP Shaw,0,2019
1175366,2019-03-31,2019,Indian Premier League,Rajiv Gandhi International Stadium,Hyderabad,Sunrisers Hyderabad,Royal Challengers Bangalore,Royal Challengers Bangalore,field,Sunrisers Hyderabad,118.0,,JM Bairstow,0,2019
1175367,2019-03-31,2019,Indian Premier League,MA Chidambaram Stadium,Chennai,Chennai Super Kings,Rajasthan Royals,Rajasthan Royals,field,Chennai Super Kings,8.0,,MS Dhoni,0,2019
1175368,2019-04-01,2019,Indian Premier League,Punjab Cricket Association IS Bindra Stadium,Chandigarh,Kings XI Punjab,Delhi Capitals,Delhi Capitals,field,Kings XI Punjab,14.0,,SM Curran,0,2019
1175369,2019-04-02,2019,Indian Premier League,Sawai Mansingh Stadium,Jaipur,Royal Challengers Bangalore,Rajasthan Royals,Rajasthan Royals,field,Rajasthan Royals,,7.0,S Gopal,1,2019
1175370,2019-04-03,2019,Indian Premier League,Wankhede Stadium,Mumbai,Mumbai Indians,Chennai Super Kings,Chennai Super Kings,field,Mumbai Indians,37.0,,HH Pandya,0,2019
1175371,2019-04-04,2019,Indian Premier League,Arun Jaitley Stadium,Delhi,Delhi Capitals,Sunrisers Hyderabad,Sunrisers Hyderabad,field,Sunrisers Hyderabad,,5.0,JM Bairstow,1,2019
1175372,2019-04-05,2019,Indian Premier League,M.Chinnaswamy Stadium,Bengaluru,Royal Challengers Bangalore,Kolkata Knight Riders,Kolkata Knight Riders,field,Kolkata Knight Riders,,5.0,AD Russell,1,2019
1178393,2019-04-06,2019,Indian Premier League,MA Chidambaram Stadium,Chennai,Chennai Super Kings,Kings XI Punjab,Chennai Super Kings,bat,Chennai Super Kings,22.0,,Harbhajan Singh,1,2019
1178394,2019-04-06,2019,Indian Premier League,Rajiv Gandhi International Stadium,Hyderabad,Mumbai Indians,Sunrisers Hyderabad,Sunrisers Hyderabad,field,Mumbai Indians,40.0,,AS Joseph,0,2019
1178395,2019-04-07,2019,Indian Premier League,M.Chinnaswamy Stadium,Bengaluru,Royal Challengers Bangalore,Delhi Capitals,Delhi Capitals,field,Delhi Capitals,,4.0,K Rabada,1,2019
1178396,2019-04-07,2019,Indian Premier League,Sawai Mansingh Stadium,Jaipur,Rajasthan Royals,Kolkata Knight Riders,Kolkata Knight Riders,field,Kolkata Knight Riders,,8.0,HF Gurney,1,2019
1178397,2019-04-08,2019,Indian Premier League,Punjab Cricket Association IS Bindra Stadium,Chandigarh,Sunrisers Hyderabad,Kings XI Punjab,Kings XI Punjab,field,Kings XI Punjab,,6.0,KL Rahul,1,2019
1178398,2019-04-09,2019,Indian Premier League,MA Chidambaram Stadium,Chennai,Kolkata Knight Riders,Chennai Super Kings,Chennai Super Kings,field,Chennai Super Kings,,7.0,DL Chahar,1,2019
1178399,2019-04-10,2019,Indian Premier League,Wankhede Stadium,Mumbai,Kings XI Punjab,Mumbai Indians,Mumbai Indians,field,Mumbai Indians,,3.0,KA Pollard,1,2019
1178400,2019-04-11,2019,Indian Premier League,Sawai Mansingh Stadium,Jaipur,Rajasthan Royals,Chennai Super Kings,Chennai Super Kings,field,Chennai Super Kings,,4.0,MS Dhoni,1,2019
1178401,2019-04-12,2019,Indian Premier League,Eden Gardens,Kolkata,Kolkata Knight Riders,Delhi Capitals,Delhi Capitals,field,Delhi Capitals,,7.0,S Dhawan,1,2019
1178402,2019-04-13,2019,Indian Premier League,Wankhede Stadium,Mumbai,Mumbai Indians,Rajasthan Royals,Rajasthan Royals,field,Rajasthan Royals,,4.0,JC Buttler,1,2019
1178403,2019-04-13,2019,Indian Premier League,Punjab Cricket Association IS Bindra Stadium,Chandigarh,Kings XI Punjab,Royal Challengers Bangalore,Royal Challengers Bangalore,field,Royal Challengers Bangalore,,8.0,AB de Villiers,1,2019
1178404,2019-04-14,2019,Indian Premier League,Eden Gardens,Kolkata,Kolkata Knight Riders,Chennai Super Kings,Chennai Super Kings,field,Chennai Super Kings,,5.0,Imran Tahir,1,2019
1178405,2019-04-14,2019,Indian Premier League,Rajiv Gandhi International Stadium,Hyderabad,Delhi Capitals,Sunrisers Hyderabad,Sunrisers Hyderabad,field,Delhi Capitals,39.0,,KMA Paul,0,2019
1178406,2019-04-15,2019,Indian Premier League,Wankhede Stadium,Mumbai,Royal Challengers Bangalore,Mumbai Indians,Mumbai Indians,field,Mumbai Indians,,5.0,SL Malinga,1,2019
1178407,2019-04-16,2019,Indian Premier League,Punjab Cricket Association IS Bindra Stadium,Chandigarh,Kings XI Punjab,Rajasthan Royals,Rajasthan Royals,field,Kings XI Punjab,12.0,,R Ashwin,0,2019
1178408,2019-04-17,2019,Indian Premier League,Rajiv Gandhi International Stadium,Hyderabad,Chennai Super Kings,Sunrisers Hyderabad,Chennai Super Kings,bat,Sunrisers Hyderabad,,6.0,DA Warner,0,2019
1178409,2019-04-18,2019,Indian Premier League,Arun Jaitley Stadium,Delhi,Mumbai Indians,Delhi Capitals,Mumbai Indians,bat,Mumbai Indians,40.0,,HH Pandya,1,2019
1178410,2019-04-19,2019,Indian Premier League,Eden Gardens,Kolkata,Royal Challengers Bangalore,Kolkata Knight Riders,Kolkata Knight Riders,field,Royal Challengers Bangalore,10.0,,V Kohli,0,2019
1178411,2019-04-20,2019,Indian Premier League,Sawai Mansingh Stadium,Jaipur,Mumbai Indians,Rajasthan Royals,Rajasthan Royals,field,Rajasthan Royals,,5.0,SPD Smith,1,2019
1178412,2019-04-20,2019,Indian Premier League,Arun Jaitley Stadium,Delhi,Kings XI Punjab,Delhi Capitals,Delhi Capitals,field,Delhi Capitals,,5.0,SS Iyer,1,2019
1178413,2019-04-21,2019,Indian Premier League,Rajiv Gandhi International Stadium,Hyderabad,Kolkata Knight Riders,Sunrisers Hyderabad,Sunrisers Hyderabad,field,Sunrisers Hyderabad,,9.0,KK Ahmed,1,2019
1178414,2019-04-21,2019,Indian Premier League,M.Chinnaswamy Stadium,Bengaluru,Royal Challengers Bangalore,Chennai Super Kings,Chennai Super Kings,field,Royal Challengers Bangalore,1.0,,PA Patel,0,2019
1178415,2019-04-22,2019,Indian Premier League,Sawai Mansingh Stadium,Jaipur,Rajasthan Royals,Delhi Capitals,Delhi Capitals,field,Delhi Capitals,,6.0,RR Pant,1,2019
1178416,2019-04-23,2019,Indian Premier League,MA Chidambaram Stadium,Chennai,Sunrisers Hyderabad,Chennai Super Kings,Chennai Super Kings,field,Chennai Super Kings,,6.0,SR Watson,1,2019
1178417,2019-04-24,2019,Indian Premier League,M.Chinnaswamy Stadium,Bengaluru,Royal Challengers Bangalore,Kings XI Punjab,Kings XI Punjab,field,Royal Challengers Bangalore,17.0,,AB de Villiers,0,2019
1178418,2019-04-25,2019,Indian Premier League,Eden Gardens,Kolkata,Kolkata Knight Riders,Rajasthan Royals,Rajasthan Royals,field,Rajasthan Royals,,3.0,VR Aaron,1,2019
1178419,2019-04-26,2019,Indian Premier League,MA Chidambaram Stadium,Chennai,Mumbai Indians,Chennai Super Kings,Chennai Super Kings,field,Mumbai Indians,46.0,,RG Sharma,0,2019
1178420,2019-04-27,2019,Indian Premier League,Sawai Mansingh Stadium,Jaipur,Sunrisers Hyderabad,Rajasthan Royals,Rajasthan Royals,field,Rajasthan Royals,,7.0,JD Unadkat,1,2019
1178421,2019-04-28,2019,Indian Premier League,Arun Jaitley Stadium,Delhi,Delhi Capitals,Royal Challengers Bangalore,Delhi Capitals,bat,Delhi Capitals,16.0,,S Dhawan,1,2019
1178422,2019-04-28,2019,Indian Premier League,Eden Gardens,Kolkata,Kolkata Knight Riders,Mumbai Indians,Mumbai Indians,field,Kolkata Knight Riders,34.0,,AD Russell,0,2019
1178423,2019-04-29,2019,Indian Premier League,Rajiv Gandhi International Stadium,Hyderabad,Sunrisers Hyderabad,Kings XI Punjab,Kings XI Punjab,field,Sunrisers Hyderabad,45.0,,DA Warner,0,2019
1178424,2019-04-30,2019,Indian Premier League,M.Chinnaswamy Stadium,Bengaluru,Royal Challengers Bangalore,Rajasthan Royals,Rajasthan Royals,field,no result,,,,0,2019
1178425,2019-05-01,2019,Indian Premier League,MA Chidambaram Stadium,Chennai,Chennai Super Kings,Delhi Capitals,Delhi Capitals,field,Chennai Super Kings,80.0,,MS Dhoni,0,2019
1178426,2019-05-02,2019,Indian Premier League,Wankhede Stadium,Mumbai,Mumbai Indians,Sunrisers Hyderabad,Mumbai Indians,bat,tie,,,JJ Bumrah,0,2019
1178427,2019-05-03,2019,Indian Premier League,Punjab Cricket Association IS Bindra Stadium,Chandigarh,Kings XI Punjab,Kolkata Knight Riders,Kolkata Knight Riders,field,Kolkata Knight Riders,,7.0,Shubman Gill,1,2019
1178428,2019-05-04,2019,Indian Premier League,Arun Jaitley Stadium,Delhi,Rajasthan Royals,Delhi Capitals,Rajasthan Royals,bat,Delhi Capitals,,5.0,A Mishra,0,2019
1178429,2019-05-04,2019,Indian Premier League,M.Chinnaswamy Stadium,Bengaluru,Sunrisers Hyderabad,Royal Challengers Bangalore,Royal Challengers Bangalore,field,Royal Challengers Bangalore,,4.0,SO Hetmyer,1,2019
1178430,2019-05-05,2019,Indian Premier League,Punjab Cricket Association IS Bindra Stadium,Chandigarh,Chennai Super Kings,Kings XI Punjab,Kings XI Punjab,field,Kings XI Punjab,,6.0,KL Rahul,1,2019
1178431,2019-05-05,2019,Indian Premier League,Wankhede Stadium,Mumbai,Kolkata Knight Riders,Mumbai Indians,Mumbai Indians,field,Mumbai Indians,,9.0,HH Pandya,1,2019
1181764,2019-05-07,2019,Indian Premier League,MA Chidambaram Stadium,Chennai,Chennai Super Kings,Mumbai Indians,Chennai Super Kings,bat,Mumbai Indians,,6.0,SA Yadav,0,2019
1181766,2019-05-08,2019,Indian Premier League,Dr. Y.S. Rajasekhara Reddy ACA-VDCA Cricket Stadium,Visakhapatnam,Sunrisers Hyderabad,Delhi Capitals,Delhi Capitals,field,Delhi Capitals,,2.0,RR Pant,1,2019
1181767,2019-05-10,2019,Indian Premier League,Dr. Y.S. Rajasekhara Reddy ACA-VDCA Cricket Stadium,Visakhapatnam,Delhi Capitals,Chennai Super Kings,Chennai Super Kings,field,Chennai Super Kings,,6.0,F du Plessis,1,2019
1181768,2019-05-12,2019,Indian Premier League,Rajiv Gandhi International Stadium,Hyderabad,Mumbai Indians,Chennai Super Kings,Mumbai Indians,bat,Mumbai Indians,1.0,,JJ Bumrah,1,2019
1216492,2020-09-19,2020/21,Indian Premier League,Sheikh Zayed Stadium,Abu Dhabi,Mumbai Indians,Chennai Super Kings,Chennai Super Kings,field,Chennai Super Kings,,5.0,AT Rayudu,1,2020
1216493,2020-09-20,2020/21,Indian Premier League,Dubai International Cricket Stadium,,Delhi Capitals,Kings XI Punjab,Kings XI Punjab,field,tie,,,MP Stoinis,0,2020
1216494,2020-10-21,2020/21,Indian Premier League,Sheikh Zayed Stadium,Abu Dhabi,Kolkata Knight Riders,Royal Challengers Bangalore,Kolkata Knight Riders,bat,Royal Challengers Bangalore,,8.0,Mohammed Siraj,0,2020
1216495,2020-11-03,2020/21,Indian Premier League,Sharjah Cricket Stadium,,Mumbai Indians,Sunrisers Hyderabad,Sunrisers Hyderabad,field,Sunrisers Hyderabad,,10.0,S Nadeem,1,2020
1216496,2020-09-22,2020/21,Indian Premier League,Sharjah Cricket Stadium,,Rajasthan Royals,Chennai Super Kings,Chennai Super Kings,field,Rajasthan Royals,16.0,,SV Samson,0,2020
1216497,2020-10-24,2020/21,Indian Premier League,Sheikh Zayed Stadium,Abu Dhabi,Kolkata Knight Riders,Delhi Capitals,Delhi Capitals,field,Kolkata Knight Riders,59.0,,CV Varun,0,2020
1216498,2020-10-24,2020/21,Indian Premier League,Dubai International Cricket Stadium,,Kings XI Punjab,Sunrisers Hyderabad,Sunrisers Hyderabad,field,Kings XI Punjab,12.0,,CJ Jordan,0,2020
1216499,2020-10-28,2020/21,Indian Premier League,Sheikh Zayed Stadium,Abu Dhabi,Royal Challengers Bangalore,Mumbai Indians,Mumbai Indians,field,Mumbai Indians,,5.0,SA Yadav,1,2020
1216500,2020-10-09,2020/21,Indian Premier League,Sharjah Cricket Stadium,,Delhi Capitals,Rajasthan Royals,Rajasthan Royals,field,Delhi Capitals,46.0,,R Ashwin,0,2020
1216501,2020-10-07,2020/21,Indian Premier League,Sheikh Zayed Stadium,Abu Dhabi,Kolkata Knight Riders,Chennai Super Kings,Kolkata Knight Riders,bat,Kolkata Knight Riders,10.0,,RA Tripathi,1,2020
1216502,2020-10-31,2020/21,Indian Premier League,Sharjah Cricket Stadium,,Royal Challengers Bangalore,Sunrisers Hyderabad,Sunrisers Hyderabad,field,Sunrisers Hyderabad,,5.0,Sandeep Sharma,1,2020
1216503,2020-10-01,2020/21,Indian Premier League,Sheikh Zayed Stadium,Abu Dhabi,Mumbai Indians,Kings XI Punjab,Kings XI Punjab,field,Mumbai Indians,48.0,,KA Pollard,0,2020
1216504,2020-09-30,2020/21,Indian Premier League,Dubai International Cricket Stadium,,Kolkata Knight Riders,Rajasthan Royals,Rajasthan Royals,field,Kolkata Knight Riders,37.0,,Shivam Mavi,0,2020
1216505,2020-11-02,2020/21,Indian Premier League,Sheikh Zayed Stadium,Abu Dhabi,Royal Challengers Bangalore,Delhi Capitals,Delhi Capitals,field,Delhi Capitals,,6.0,A Nortje,1,2020
1216506,2020-11-01,2020/21,Indian Premier League,Sheikh Zayed Stadium,Abu Dhabi,Kings XI Punjab,Chennai Super Kings,Chennai Super Kings,field,Chennai Super Kings,,9.0,RD Gaikwad,1,2020
1216507,2020-10-11,2020/21,Indian Premier League,Dubai International Cricket Stadium,,Sunrisers Hyderabad,Rajasthan Royals,Sunrisers Hyderabad,bat,Rajasthan Royals,,5.0,R Tewatia,0,2020
1216508,2020-09-23,2020/21,Indian Premier League,Sheikh Zayed Stadium,Abu Dhabi,Mumbai Indians,Kolkata Knight Riders,Kolkata Knight Riders,field,Mumbai Indians,49.0,,RG Sharma,0,2020
1216509,2020-10-17,2020/21,Indian Premier League,Sharjah Cricket Stadium,,Chennai Super Kings,Delhi Capitals,Chennai Super Kings,bat,Delhi Capitals,,5.0,S Dhawan,0,2020
1216510,2020-09-24,2020/21,Indian Premier League,Dubai International Cricket Stadium,,Kings XI Punjab,Royal Challengers Bangalore,Royal Challengers Bangalore,field,Kings XI Punjab,97.0,,KL Rahul,0,2020
1216511,2020-10-06,2020/21,Indian Premier League,Sheikh Zayed Stadium,Abu Dhabi,Mumbai Indians,Rajasthan Royals,Mumbai Indians,bat,Mumbai Indians,57.0,,SA Yadav,1,2020
1216512,2020-10-18,2020/21,Indian Premier League,Sheikh Zayed Stadium,Abu Dhabi,Kolkata Knight Riders,Sunrisers Hyderabad,Sunrisers Hyderabad,field,tie,,,LH Ferguson,0,2020
1216513,2020-10-04,2020/21,Indian Premier League,Dubai International Cricket Stadium,,Kings XI Punjab,Chennai Super Kings,Kings XI Punjab,bat,Chennai Super Kings,,10.0,SR Watson,0,2020
1216514,2020-10-03,2020/21,Indian Premier League,Sheikh Zayed Stadium,Abu Dhabi,Rajasthan Royals,Royal Challengers Bangalore,Rajasthan Royals,bat,Royal Challengers Bangalore,,8.0,YS Chahal,0,2020
1216515,2020-10-03,2020/21,Indian Premier League,Sharjah Cricket Stadium,,Delhi Capitals,Kolkata Knight Riders,Kolkata Knight Riders,field,Delhi Capitals,18.0,,SS Iyer,0,2020
1216516,2020-10-02,2020/21,Indian Premier League,Dubai International Cricket Stadium,,Sunrisers Hyderabad,Chennai Super Kings,Sunrisers Hyderabad,bat,Sunrisers Hyderabad,7.0,,PK Garg,1,2020
1216517,2020-10-18,2020/21,Indian Premier League,Dubai International Cricket Stadium,,Mumbai Indians,Kings XI Punjab,Mumbai Indians,bat,tie,,,KL Rahul,0,2020
1216518,2020-10-22,2020/21,Indian Premier League,Dubai International Cricket Stadium,,Rajasthan Royals,Sunrisers Hyderabad,Sunrisers Hyderabad,field,Sunrisers Hyderabad,,8.0,MK Pandey,1,2020
1216519,2020-10-05,2020/21,Indian Premier League,Dubai International Cricket Stadium,,Delhi Capitals,Royal Challengers Bangalore,Royal Challengers Bangalore,field,Delhi Capitals,59.0,,AR Patel,0,2020
1216520,2020-10-26,2020/21,Indian Premier League,Sharjah Cricket Stadium,,Kolkata Knight Riders,Kings XI Punjab,Kings XI Punjab,field,Kings XI Punjab,,8.0,CH Gayle,1,2020
1216521,2020-10-23,2020/21,Indian Premier League,Sharjah Cricket Stadium,,Chennai Super Kings,Mumbai Indians,Mumbai Indians,field,Mumbai Indians,,10.0,TA Boult,1,2020
1216522,2020-10-17,2020/21,Indian Premier League,Dubai International Cricket Stadium,,Rajasthan Royals,Royal Challengers Bangalore,Rajasthan Royals,bat,Royal Challengers Bangalore,,7.0,AB de Villiers,0,2020
1216523,2020-10-10,2020/21,Indian Premier League,Sheikh Zayed Stadium,Abu Dhabi,Kolkata Knight Riders,Kings XI Punjab,Kolkata Knight Riders,bat,Kolkata Knight Riders,2.0,,KD Karthik,1,2020
1216524,2020-10-27,2020/21,Indian Premier League,Dubai International Cricket Stadium,,Sunrisers Hyderabad,Delhi Capitals,Delhi Capitals,field,Sunrisers Hyderabad,88.0,,WP Saha,0,2020
1216525,2020-10-10,2020/21,Indian Premier League,Dubai International Cricket Stadium,,Royal Challengers Bangalore,Chennai Super Kings,Royal Challengers Bangalore,bat,Royal Challengers Bangalore,37.0,,V Kohli,1,2020
1216526,2020-10-16,2020/21,Indian Premier League,Sheikh Zayed Stadium,Abu Dhabi,Kolkata Knight Riders,Mumbai Indians,Kolkata Knight Riders,bat,Mumbai Indians,,8.0,Q de Kock,0,2020
1216527,2020-09-27,2020/21,Indian Premier League,Sharjah Cricket Stadium,,Kings XI Punjab,Rajasthan Royals,Rajasthan Royals,field,Rajasthan Royals,,4.0,SV Samson,1,2020
1216528,2020-10-13,2020/21,Indian Premier League,Dubai International Cricket Stadium,,Chennai Super Kings,Sunrisers Hyderabad,Chennai Super Kings,bat,Chennai Super Kings,20.0,,RA Jadeja,1,2020
1216529,2020-10-11,2020/21,Indian Premier League,Sheikh Zayed Stadium,Abu Dhabi,Delhi Capitals,Mumbai Indians,Delhi Capitals,bat,Mumbai Indians,,5.0,Q de Kock,0,2020
1216530,2020-11-01,2020/21,Indian Premier League,Dubai International Cricket Stadium,,Kolkata Knight Riders,Rajasthan Royals,Rajasthan Royals,field,Kolkata Knight Riders,60.0,,PJ Cummins,0,2020
1216531,2020-10-15,2020/21,Indian Premier League,Sharjah Cricket Stadium,,Royal Challengers Bangalore,Kings XI Punjab,Royal Challengers Bangalore,bat,Kings XI Punjab,,8.0,KL Rahul,0,2020
1216532,2020-09-29,2020/21,Indian Premier League,Sheikh Zayed Stadium,Abu Dhabi,Sunrisers Hyderabad,Delhi Capitals,Delhi Capitals,field,Sunrisers Hyderabad,15.0,,Rashid Khan,0,2020
1216533,2020-10-19,2020/21,Indian Premier League,Sheikh Zayed Stadium,Abu Dhabi,Chennai Super Kings,Rajasthan Royals,Chennai Super Kings,bat,Rajasthan Royals,,7.0,JC Buttler,0,2020
1216534,2020-09-21,2020/21,Indian Premier League,Dubai International Cricket Stadium,,Royal Challengers Bangalore,Sunrisers Hyderabad,Sunrisers Hyderabad,field,Royal Challengers Bangalore,10.0,,YS Chahal,0,2020
1216535,2020-10-31,2020/21,Indian Premier League,Dubai International Cricket Stadium,,Delhi Capitals,Mumbai Indians,Mumbai Indians,field,Mumbai Indians,,9.0,Ishan Kishan,1,2020
1216536,2020-10-29,2020/21,Indian Premier League,Dubai International Cricket Stadium,,Kolkata Knight Riders,Chennai Super Kings,Chennai Super Kings,field,Chennai Super Kings,,6.0,RD Gaikwad,1,2020
1216537,2020-10-30,2020/21,Indian Premier League,Sheikh Zayed Stadium,Abu Dhabi,Kings XI Punjab,Rajasthan Royals,Rajasthan Royals,field,Rajasthan Royals,,7.0,BA Stokes,1,2020
1216538,2020-10-04,2020/21,Indian Premier League,Sharjah Cricket Stadium,,Mumbai Indians,Sunrisers Hyderabad,Mumbai Indians,bat,Mumbai Indians,34.0,,TA Boult,1,2020
1216539,2020-09-25,2020/21,Indian Premier League,Dubai International Cricket Stadium,,Delhi Capitals,Chennai Super Kings,Chennai Super Kings,field,Delhi Capitals,44.0,,PP Shaw,0,2020
1216540,2020-10-12,2020/21,Indian Premier League,Sharjah Cricket Stadium,,Royal Challengers Bangalore,Kolkata Knight Riders,Royal Challengers Bangalore,bat,Royal Challengers Bangalore,82.0,,AB de Villiers,1,2020
1216541,2020-10-25,2020/21,Indian Premier League,Sheikh Zayed Stadium,Abu Dhabi,Mumbai Indians,Rajasthan Royals,Mumbai Indians,bat,Rajasthan Royals,,8.0,BA Stokes,0,2020
1216542,2020-10-08,2020/21,Indian Premier League,Dubai International Cricket Stadium,,Sunrisers Hyderabad,Kings XI Punjab,Sunrisers Hyderabad,bat,Sunrisers Hyderabad,69.0,,JM Bairstow,1,2020
1216543,2020-10-14,2020/21,Indian Premier League,Dubai International Cricket Stadium,,Delhi Capitals,Rajasthan Royals,Delhi Capitals,bat,Delhi Capitals,13.0,,A Nortje,1,2020
1216544,2020-10-25,2020/21,Indian Premier League,Dubai International Cricket Stadium,,Royal Challengers Bangalore,Chennai Super Kings,Royal Challengers Bangalore,bat,Chennai Super Kings,,8.0,RD Gaikwad,0,2020
1216545,2020-09-26,2020/21,Indian Premier League,Sheikh Zayed Stadium,Abu Dhabi,Sunrisers Hyderabad,Kolkata Knight Riders,Sunrisers Hyderabad,bat,Kolkata Knight Riders,,7.0,Shubman Gill,0,2020
1216546,2020-10-20,2020/21,Indian Premier League,Dubai International Cricket Stadium,,Delhi Capitals,Kings XI Punjab,Delhi Capitals,bat,Kings XI Punjab,,5.0,S Dhawan,0,2020
1216547,2020-09-28,2020/21,Indian Premier League,Dubai International Cricket Stadium,,Royal Challengers Bangalore,Mumbai Indians,Mumbai Indians,field,tie,,,AB de Villiers,0,2020
1237177,2020-11-05,2020/21,Indian Premier League,Dubai International Cricket Stadium,,Mumbai Indians,Delhi Capitals,Delhi Capitals,field,Mumbai Indians,57.0,,JJ Bumrah,0,2020
1237178,2020-11-06,2020/21,Indian Premier League,Sheikh Zayed Stadium,Abu Dhabi,Royal Challengers Bangalore,Sunrisers Hyderabad,Sunrisers Hyderabad,field,Sunrisers Hyderabad,,6.0,KS Williamson,1,2020
1237180,2020-11-08,2020/21,Indian Premier League,Sheikh Zayed Stadium,Abu Dhabi,Delhi Capitals,Sunrisers Hyderabad,Delhi Capitals,bat,Delhi Capitals,17.0,,MP Stoinis,1,2020
1237181,2020-11-10,2020/21,Indian Premier League,Dubai International Cricket Stadium,,Delhi Capitals,Mumbai Indians,Delhi Capitals,bat,Mumbai Indians,,5.0,TA Boult,0,2020
1254058,2021-04-09,2021,Indian Premier League,"MA Chidambaram Stadium, Chepauk, Chennai",Chennai,Mumbai Indians,Royal Challengers Bangalore,Royal Challengers Bangalore,field,Royal Challengers Bangalore,,2.0,HV Patel,1,2021
1254059,2021-04-10,2021,Indian Premier League,"Wankhede Stadium, Mumbai",Mumbai,Chennai Super Kings,Delhi Capitals,Delhi Capitals,field,Delhi Capitals,,7.0,S Dhawan,1,2021
1254060,2021-04-11,2021,Indian Premier League,"MA Chidambaram Stadium, Chepauk, Chennai",Chennai,Kolkata Knight Riders,Sunrisers Hyderabad,Sunrisers Hyderabad,field,Kolkata Knight Riders,10.0,,N Rana,0,2021
1254061,2021-04-12,2021,Indian Premier League,"Wankhede Stadium, Mumbai",Mumbai,Punjab Kings,Rajasthan Royals,Rajasthan Royals,field,Punjab Kings,4.0,,SV Samson,0,2021
1254062,2021-04-13,2021,Indian Premier League,"MA Chidambaram Stadium, Chepauk, Chennai",Chennai,Mumbai Indians,Kolkata Knight Riders,Kolkata Knight Riders,field,Mumbai Indians,10.0,,RD Chahar,0,2021
1254063,2021-04-14,2021,Indian Premier League,"MA Chidambaram Stadium, Chepauk, Chennai",Chennai,Royal Challengers Bangalore,Sunrisers Hyderabad,Sunrisers Hyderabad,field,Royal Challengers Bangalore,6.0,,GJ Maxwell,0,2021
1254064,2021-04-15,2021,Indian Premier League,"Wankhede Stadium, Mumbai",Mumbai,Delhi Capitals,Rajasthan Royals,Rajasthan Royals,field,Rajasthan Royals,,3.0,JD Unadkat,1,2021
1254065,2021-04-16,2021,Indian Premier League,"Wankhede Stadium, Mumbai",Mumbai,Punjab Kings,Chennai Super Kings,Chennai Super Kings,field,Chennai Super Kings,,6.0,DL Chahar,1,2021
1254066,2021-04-17,2021,Indian Premier League,"MA Chidambaram Stadium, Chepauk, Chennai",Chennai,Mumbai Indians,Sunrisers Hyderabad,Mumbai Indians,bat,Mumbai Indians,13.0,,KA Pollard,1,2021
1254067,2021-04-18,2021,Indian Premier League,"MA Chidambaram Stadium, Chepauk, Chennai",Chennai,Royal Challengers Bangalore,Kolkata Knight Riders,Royal Challengers Bangalore,bat,Royal Challengers Bangalore,38.0,,AB de Villiers,1,2021
1254068,2021-04-18,2021,Indian Premier League,"Wankhede Stadium, Mumbai",Mumbai,Punjab Kings,Delhi Capitals,Delhi Capitals,field,Delhi Capitals,,6.0,S Dhawan,1,2021
1254069,2021-04-19,2021,Indian Premier League,"Wankhede Stadium, Mumbai",Mumbai,Chennai Super Kings,Rajasthan Royals,Rajasthan Royals,field,Chennai Super Kings,45.0,,MM Ali,0,2021
1254070,2021-04-20,2021,Indian Premier League,"MA Chidambaram Stadium, Chepauk, Chennai",Chennai,Mumbai Indians,Delhi Capitals,Mumbai Indians,bat,Delhi Capitals,,6.0,A Mishra,0,2021
1254071,2021-04-21,2021,Indian Premier League,"MA Chidambaram Stadium, Chepauk, Chennai",Chennai,Punjab Kings,Sunrisers Hyderabad,Punjab Kings,bat,Sunrisers Hyderabad,,9.0,JM Bairstow,0,2021
1254072,2021-04-21,2021,Indian Premier League,"Wankhede Stadium, Mumbai",Mumbai,Chennai Super Kings,Kolkata Knight Riders,Kolkata Knight Riders,field,Chennai Super Kings,18.0,,F du Plessis,0,2021
1254073,2021-04-22,2021,Indian Premier League,"Wankhede Stadium, Mumbai",Mumbai,Rajasthan Royals,Royal Challengers Bangalore,Royal Challengers Bangalore,field,Royal Challengers Bangalore,,10.0,D Padikkal,1,2021
1254074,2021-04-23,2021,Indian Premier League,"MA Chidambaram Stadium, Chepauk, Chennai",Chennai,Mumbai Indians,Punjab Kings,Punjab Kings,field,Punjab Kings,,9.0,KL Rahul,1,2021
1254075,2021-04-24,2021,Indian Premier League,"Wankhede Stadium, Mumbai",Mumbai,Kolkata Knight Riders,Rajasthan Royals,Rajasthan Royals,field,Rajasthan Royals,,6.0,CH Morris,1,2021
1254076,2021-04-25,2021,Indian Premier League,"Wankhede Stadium, Mumbai",Mumbai,Chennai Super Kings,Royal Challengers Bangalore,Chennai Super Kings,bat,Chennai Super Kings,69.0,,RA Jadeja,1,2021
1254077,2021-04-25,2021,Indian Premier League,"MA Chidambaram Stadium, Chepauk, Chennai",Chennai,Delhi Capitals,Sunrisers Hyderabad,Delhi Capitals,bat,tie,,,PP Shaw,0,2021
1254078,2021-04-26,2021,Indian Premier League,"Narendra Modi Stadium, Ahmedabad",Ahmedabad,Punjab Kings,Kolkata Knight Riders,Kolkata Knight Riders,field,Kolkata Knight Riders,,5.0,EJG Morgan,1,2021
1254079,2021-04-27,2021,Indian Premier League,"Narendra Modi Stadium, Ahmedabad",Ahmedabad,Royal Challengers Bangalore,Delhi Capitals,Delhi Capitals,field,Royal Challengers Bangalore,1.0,,AB de Villiers,0,2021
1254080,2021-04-28,2021,Indian Premier League,"Arun Jaitley Stadium, Delhi",Delhi,Sunrisers Hyderabad,Chennai Super Kings,Sunrisers Hyderabad,bat,Chennai Super Kings,,7.0,RD Gaikwad,0,2021
1254081,2021-04-29,2021,Indian Premier League,"Arun Jaitley Stadium, Delhi",Delhi,Rajasthan Royals,Mumbai Indians,Mumbai Indians,field,Mumbai Indians,,7.0,Q de Kock,1,2021
1254082,2021-04-29,2021,Indian Premier League,"Narendra Modi Stadium, Ahmedabad",Ahmedabad,Kolkata Knight Riders,Delhi Capitals,Delhi Capitals,field,Delhi Capitals,,7.0,PP Shaw,1,2021
1254083,2021-04-30,2021,Indian Premier League,"Narendra Modi Stadium, Ahmedabad",Ahmedabad,Punjab Kings,Royal Challengers Bangalore,Royal Challengers Bangalore,field,Punjab Kings,34.0,,Harpreet Brar,0,2021
1254084,2021-05-01,2021,Indian Premier League,"Arun Jaitley Stadium, Delhi",Delhi,Chennai Super Kings,Mumbai Indians,Mumbai Indians,field,Mumbai Indians,,4.0,KA Pollard,1,2021
1254085,2021-05-02,2021,Indian Premier League,"Arun Jaitley Stadium, Delhi",Delhi,Rajasthan Royals,Sunrisers Hyderabad,Sunrisers Hyderabad,field,Rajasthan Royals,55.0,,JC Buttler,0,2021
1254086,2021-05-02,2021,Indian Premier League,"Narendra Modi Stadium, Ahmedabad",Ahmedabad,Punjab Kings,Delhi Capitals,Delhi Capitals,field,Delhi Capitals,,7.0,MA Agarwal,1,2021
1254087,2021-09-20,2021,Indian Premier League,"Zayed Cricket Stadium, Abu Dhabi",Abu Dhabi,Royal Challengers Bangalore,Kolkata Knight Riders,Royal Challengers Bangalore,bat,Kolkata Knight Riders,,9.0,CV Varun,0,2021
1254088,2021-10-08,2021,Indian Premier League,"Zayed Cricket Stadium, Abu Dhabi",Abu Dhabi,Mumbai Indians,Sunrisers Hyderabad,Mumbai Indians,bat,Mumbai Indians,42.0,,Ishan Kishan,1,2021
1254089,2021-10-02,2021,Indian Premier League,"Zayed Cricket Stadium, Abu Dhabi",Abu Dhabi,Chennai Super Kings,Rajasthan Royals,Rajasthan Royals,field,Rajasthan Royals,,7.0,RD Gaikwad,1,2021
1254090,2021-10-03,2021,Indian Premier League,Sharjah Cricket Stadium,Sharjah,Royal Challengers Bangalore,Punjab Kings,Royal Challengers Bangalore,bat,Royal Challengers Bangalore,6.0,,GJ Maxwell,1,2021
1254091,2021-09-30,2021,Indian Premier League,Sharjah Cricket Stadium,Sharjah,Sunrisers Hyderabad,Chennai Super Kings,Chennai Super Kings,field,Chennai Super Kings,,6.0,JR Hazlewood,1,2021
1254092,2021-09-28,2021,Indian Premier League,Sharjah Cricket Stadium,Sharjah,Delhi Capitals,Kolkata Knight Riders,Kolkata Knight Riders,field,Kolkata Knight Riders,,3.0,SP Narine,1,2021
1254093,2021-10-05,2021,Indian Premier League,Sharjah Cricket Stadium,Sharjah,Rajasthan Royals,Mumbai Indians,Mumbai Indians,field,Mumbai Indians,,8.0,NM Coulter-Nile,1,2021
1254094,2021-10-07,2021,Indian Premier League,Dubai International Cricket Stadium,Dubai,Chennai Super Kings,Punjab Kings,Punjab Kings,field,Punjab Kings,,6.0,KL Rahul,1,2021
1254095,2021-10-06,2021,Indian Premier League,"Zayed Cricket Stadium, Abu Dhabi",Abu Dhabi,Sunrisers Hyderabad,Royal Challengers Bangalore,Royal Challengers Bangalore,field,Sunrisers Hyderabad,4.0,,KS Williamson,0,2021
1254096,2021-09-23,2021,Indian Premier League,"Zayed Cricket Stadium, Abu Dhabi",Abu Dhabi,Mumbai Indians,Kolkata Knight Riders,Kolkata Knight Riders,field,Kolkata Knight Riders,,7.0,SP Narine,1,2021
1254097,2021-09-25,2021,Indian Premier League,"Zayed Cricket Stadium, Abu Dhabi",Abu Dhabi,Delhi Capitals,Rajasthan Royals,Rajasthan Royals,field,Delhi Capitals,33.0,,SS Iyer,0,2021
1254098,2021-09-26,2021,Indian Premier League,"Zayed Cricket Stadium, Abu Dhabi",Abu Dhabi,Kolkata Knight Riders,Chennai Super Kings,Kolkata Knight Riders,bat,Chennai Super Kings,,2.0,RA Jadeja,0,2021
1254099,2021-09-28,2021,Indian Premier League,"Zayed Cricket Stadium, Abu Dhabi",Abu Dhabi,Punjab Kings,Mumbai Indians,Mumbai Indians,field,Mumbai Indians,,6.0,KA Pollard,1,2021
1254100,2021-09-27,2021,Indian Premier League,Dubai International Cricket Stadium,Dubai,Rajasthan Royals,Sunrisers Hyderabad,Rajasthan Royals,bat,Sunrisers Hyderabad,,7.0,JJ Roy,0,2021
1254101,2021-10-08,2021,Indian Premier League,Dubai International Cricket Stadium,Dubai,Delhi Capitals,Royal Challengers Bangalore,Royal Challengers Bangalore,field,Royal Challengers Bangalore,,7.0,KS Bharat,1,2021
1254102,2021-10-01,2021,Indian Premier League,Dubai International Cricket Stadium,Dubai,Kolkata Knight Riders,Punjab Kings,Punjab Kings,field,Punjab Kings,,5.0,KL Rahul,1,2021
1254103,2021-09-29,2021,Indian Premier League,Dubai International Cricket Stadium,Dubai,Rajasthan Royals,Royal Challengers Bangalore,Royal Challengers Bangalore,field,Royal Challengers Bangalore,,7.0,YS Chahal,1,2021
1254104,2021-09-19,2021,Indian Premier League,Dubai International Cricket Stadium,Dubai,Chennai Super Kings,Mumbai Indians,Chennai Super Kings,bat,Chennai Super Kings,20.0,,RD Gaikwad,1,2021
1254105,2021-09-22,2021,Indian Premier League,Dubai International Cricket Stadium,Dubai,Sunrisers Hyderabad,Delhi Capitals,Sunrisers Hyderabad,bat,Delhi Capitals,,8.0,A Nortje,0,2021
1254106,2021-10-07,2021,Indian Premier League,Sharjah Cricket Stadium,Sharjah,Kolkata Knight Riders,Rajasthan Royals,Rajasthan Royals,field,Kolkata Knight Riders,86.0,,Shivam Mavi,0,2021
1254107,2021-09-25,2021,Indian Premier League,Sharjah Cricket Stadium,Sharjah,Punjab Kings,Sunrisers Hyderabad,Sunrisers Hyderabad,field,Punjab Kings,5.0,,JO Holder,0,2021
1254108,2021-09-26,2021,Indian Premier League,Dubai International Cricket Stadium,Dubai,Royal Challengers Bangalore,Mumbai Indians,Mumbai Indians,field,Royal Challengers Bangalore,54.0,,GJ Maxwell,0,2021
1254109,2021-10-03,2021,Indian Premier League,Dubai International Cricket Stadium,Dubai,Sunrisers Hyderabad,Kolkata Knight Riders,Sunrisers Hyderabad,bat,Kolkata Knight Riders,,6.0,Shubman Gill,0,2021
1254110,2021-10-04,2021,Indian Premier League,Dubai International Cricket Stadium,Dubai,Chennai Super Kings,Delhi Capitals,Delhi Capitals,field,Delhi Capitals,,3.0,AR Patel,1,2021
1254111,2021-09-21,2021,Indian Premier League,Dubai International Cricket Stadium,Dubai,Rajasthan Royals,Punjab Kings,Punjab Kings,field,Rajasthan Royals,2.0,,Kartik Tyagi,0,2021
1254112,2021-10-02,2021,Indian Premier League,Sharjah Cricket Stadium,Sharjah,Mumbai Indians,Delhi Capitals,Delhi Capitals,field,Delhi Capitals,,4.0,AR Patel,1,2021
1254113,2021-09-24,2021,Indian Premier League,Sharjah Cricket Stadium,Sharjah,Royal Challengers Bangalore,Chennai Super Kings,Chennai Super Kings,field,Chennai Super Kings,,6.0,DJ Bravo,1,2021
1254114,2021-10-10,2021,Indian Premier League,Dubai International Cricket Stadium,Dubai,Delhi Capitals,Chennai Super Kings,Chennai Super Kings,field,Chennai Super Kings,,4.0,RD Gaikwad,1,2021
1254115,2021-10-11,2021,Indian Premier League,Sharjah Cricket Stadium,Sharjah,Royal Challengers Bangalore,Kolkata Knight Riders,Royal Challengers Bangalore,bat,Kolkata Knight Riders,,4.0,SP Narine,0,2021
1254116,2021-10-13,2021,Indian Premier League,Sharjah Cricket Stadium,Sharjah,Delhi Capitals,Kolkata Knight Riders,Kolkata Knight Riders,field,Kolkata Knight Riders,,3.0,VR Iyer,1,2021
1254117,2021-10-15,2021,Indian Premier League,Dubai International Cricket Stadium,Dubai,Chennai Super Kings,Kolkata Knight Riders,Kolkata Knight Riders,field,Chennai Super Kings,27.0,,F du Plessis,0,2021
1304047,2022-03-26,2022,Indian Premier League,"Wankhede Stadium, Mumbai",Mumbai,Chennai Super Kings,Kolkata Knight Riders,Kolkata Knight Riders,field,Kolkata Knight Riders,,6.0,UT Yadav,1,2022
1304048,2022-03-27,2022,Indian Premier League,"Brabourne Stadium, Mumbai",Mumbai,Mumbai Indians,Delhi Capitals,Delhi Capitals,field,Delhi Capitals,,4.0,Kuldeep Yadav,1,2022
1304049,2022-03-27,2022,Indian Premier League,"Dr DY Patil Sports Academy, Mumbai",Mumbai,Royal Challengers Bangalore,Punjab Kings,Punjab Kings,field,Punjab Kings,,5.0,OF Smith,1,2022
1304050,2022-03-28,2022,Indian Premier League,"Wankhede Stadium, Mumbai",Mumbai,Lucknow Super Giants,Gujarat Titans,Gujarat Titans,field,Gujarat Titans,,5.0,Mohammed Shami,1,2022
1304051,2022-03-29,2022,Indian Premier League,"Maharashtra Cricket Association Stadium, Pune",Pune,Rajasthan Royals,Sunrisers Hyderabad,Sunrisers Hyderabad,field,Rajasthan Royals,61.0,,SV Samson,0,2022
1304052,2022-03-30,2022,Indian Premier League,"Dr DY Patil Sports Academy, Mumbai",Mumbai,Kolkata Knight Riders,Royal Challengers Bangalore,Royal Challengers Bangalore,field,Royal Challengers Bangalore,,3.0,PWH de Silva,1,2022
1304053,2022-03-31,2022,Indian Premier League,"Brabourne Stadium, Mumbai",Mumbai,Chennai Super Kings,Lucknow Super Giants,Lucknow Super Giants,field,Lucknow Super Giants,,6.0,E Lewis,1,2022
1304054,2022-04-01,2022,Indian Premier League,"Wankhede Stadium, Mumbai",Mumbai,Punjab Kings,Kolkata Knight Riders,Kolkata Knight Riders,field,Kolkata Knight Riders,,6.0,UT Yadav,1,2022
1304055,2022-04-02,2022,Indian Premier League,"Dr DY Patil Sports Academy, Mumbai",Mumbai,Rajasthan Royals,Mumbai Indians,Mumbai Indians,field,Rajasthan Royals,23.0,,JC Buttler,0,2022
1304056,2022-04-02,2022,Indian Premier League,"Maharashtra Cricket Association Stadium, Pune",Pune,Gujarat Titans,Delhi Capitals,Delhi Capitals,field,Gujarat Titans,14.0,,LH Ferguson,0,2022
1304057,2022-04-03,2022,Indian Premier League,"Brabourne Stadium, Mumbai",Mumbai,Punjab Kings,Chennai Super Kings,Chennai Super Kings,field,Punjab Kings,54.0,,LS Livingstone,0,2022
1304058,2022-04-04,2022,Indian Premier League,"Dr DY Patil Sports Academy, Mumbai",Mumbai,Lucknow Super Giants,Sunrisers Hyderabad,Sunrisers Hyderabad,field,Lucknow Super Giants,12.0,,Avesh Khan,0,2022
1304059,2022-04-05,2022,Indian Premier League,"Wankhede Stadium, Mumbai",Mumbai,Rajasthan Royals,Royal Challengers Bangalore,Royal Challengers Bangalore,field,Royal Challengers Bangalore,,4.0,KD Karthik,1,2022
1304060,2022-04-06,2022,Indian Premier League,"Maharashtra Cricket Association Stadium, Pune",Pune,Mumbai Indians,Kolkata Knight Riders,Kolkata Knight Riders,field,Kolkata Knight Riders,,5.0,PJ Cummins,1,2022
1304061,2022-04-07,2022,Indian Premier League,"Dr DY Patil Sports Academy, Mumbai",Mumbai,Delhi Capitals,Lucknow Super Giants,Lucknow Super Giants,field,Lucknow Super Giants,,6.0,Q de Kock,1,2022
1304062,2022-04-08,2022,Indian Premier League,"Brabourne Stadium, Mumbai",Mumbai,Punjab Kings,Gujarat Titans,Gujarat Titans,field,Gujarat Titans,,6.0,Shubman Gill,1,2022
1304063,2022-04-09,2022,Indian Premier League,"Dr DY Patil Sports Academy, Mumbai",Mumbai,Chennai Super Kings,Sunrisers Hyderabad,Sunrisers Hyderabad,field,Sunrisers Hyderabad,,8.0,Abhishek Sharma,1,2022
1304064,2022-04-09,2022,Indian Premier League,"Maharashtra Cricket Association Stadium, Pune",Pune,Mumbai Indians,Royal Challengers Bangalore,Royal Challengers Bangalore,field,Royal Challengers Bangalore,,7.0,Anuj Rawat,1,2022
1304065,2022-04-10,2022,Indian Premier League,"Brabourne Stadium, Mumbai",Mumbai,Delhi Capitals,Kolkata Knight Riders,Kolkata Knight Riders,field,Delhi Capitals,44.0,,Kuldeep Yadav,0,2022
1304066,2022-04-10,2022,Indian Premier League,"Wankhede Stadium, Mumbai",Mumbai,Rajasthan Royals,Lucknow Super Giants,Lucknow Super Giants,field,Rajasthan Royals,3.0,,YS Chahal,0,2022
1304067,2022-04-11,2022,Indian Premier League,"Dr DY Patil Sports Academy, Mumbai",Mumbai,Gujarat Titans,Sunrisers Hyderabad,Sunrisers Hyderabad,field,Sunrisers Hyderabad,,8.0,KS Williamson,1,2022
1304068,2022-04-12,2022,Indian Premier League,"Dr DY Patil Sports Academy, Mumbai",Mumbai,Chennai Super Kings,Royal Challengers Bangalore,Royal Challengers Bangalore,field,Chennai Super Kings,23.0,,S Dube,0,2022
1304069,2022-04-13,2022,Indian Premier League,"Maharashtra Cricket Association Stadium, Pune",Pune,Punjab Kings,Mumbai Indians,Mumbai Indians,field,Punjab Kings,12.0,,MA Agarwal,0,2022
1304070,2022-04-14,2022,Indian Premier League,"Dr DY Patil Sports Academy, Mumbai",Mumbai,Gujarat Titans,Rajasthan Royals,Rajasthan Royals,field,Gujarat Titans,37.0,,HH Pandya,0,2022
1304071,2022-04-15,2022,Indian Premier League,"Brabourne Stadium, Mumbai",Mumbai,Kolkata Knight Riders,Sunrisers Hyderabad,Sunrisers Hyderabad,field,Sunrisers Hyderabad,,7.0,RA Tripathi,1,2022
1304072,2022-04-16,2022,Indian Premier League,"Brabourne Stadium, Mumbai",Mumbai,Lucknow Super Giants,Mumbai Indians,Mumbai Indians,field,Lucknow Super Giants,18.0,,KL Rahul,0,2022
1304073,2022-04-16,2022,Indian Premier League,"Wankhede Stadium, Mumbai",Mumbai,Royal Challengers Bangalore,Delhi Capitals,Delhi Capitals,field,Royal Challengers Bangalore,16.0,,KD Karthik,0,2022
1304074,2022-04-17,2022,Indian Premier League,"Dr DY Patil Sports Academy, Mumbai",Mumbai,Punjab Kings,Sunrisers Hyderabad,Sunrisers Hyderabad,field,Sunrisers Hyderabad,,7.0,Umran Malik,1,2022
1304075,2022-04-17,2022,Indian Premier League,"Maharashtra Cricket Association Stadium, Pune",Pune,Chennai Super Kings,Gujarat Titans,Gujarat Titans,field,Gujarat Titans,,3.0,DA Miller,1,2022
1304076,2022-04-18,2022,Indian Premier League,"Brabourne Stadium, Mumbai",Mumbai,Rajasthan Royals,Kolkata Knight Riders,Kolkata Knight Riders,field,Rajasthan Royals,7.0,,YS Chahal,0,2022
1304077,2022-04-19,2022,Indian Premier League,"Dr DY Patil Sports Academy, Mumbai",Mumbai,Royal Challengers Bangalore,Lucknow Super Giants,Lucknow Super Giants,field,Royal Challengers Bangalore,18.0,,F du Plessis,0,2022
1304078,2022-04-20,2022,Indian Premier League,"Brabourne Stadium, Mumbai",Mumbai,Punjab Kings,Delhi Capitals,Delhi Capitals,field,Delhi Capitals,,9.0,Kuldeep Yadav,1,2022
1304079,2022-04-21,2022,Indian Premier League,"Dr DY Patil Sports Academy, Mumbai",Navi Mumbai,Mumbai Indians,Chennai Super Kings,Chennai Super Kings,field,Chennai Super Kings,,3.0,Mukesh Choudhary,1,2022
1304080,2022-04-22,2022,Indian Premier League,"Wankhede Stadium, Mumbai",Mumbai,Rajasthan Royals,Delhi Capitals,Delhi Capitals,field,Rajasthan Royals,15.0,,JC Buttler,0,2022
1304081,2022-04-23,2022,Indian Premier League,"Dr DY Patil Sports Academy, Mumbai",Navi Mumbai,Gujarat Titans,Kolkata Knight Riders,Gujarat Titans,bat,Gujarat Titans,8.0,,Rashid Khan,1,2022
1304082,2022-04-23,2022,Indian Premier League,"Brabourne Stadium, Mumbai",Mumbai,Royal Challengers Bangalore,Sunrisers Hyderabad,Sunrisers Hyderabad,field,Sunrisers Hyderabad,,9.0,M Jansen,1,2022
1304083,2022-04-24,2022,Indian Premier League,"Wankhede Stadium, Mumbai",Mumbai,Lucknow Super Giants,Mumbai Indians,Mumbai Indians,field,Lucknow Super Giants,36.0,,KL Rahul,0,2022
1304084,2022-04-25,2022,Indian Premier League,"Wankhede Stadium, Mumbai",Mumbai,Punjab Kings,Chennai Super Kings,Chennai Super Kings,field,Punjab Kings,11.0,,S Dhawan,0,2022
1304085,2022-04-26,2022,Indian Premier League,"Maharashtra Cricket Association Stadium, Pune",Pune,Rajasthan Royals,Royal Challengers Bangalore,Royal Challengers Bangalore,field,Rajasthan Royals,29.0,,R Parag,0,2022
1304086,2022-04-27,2022,Indian Premier League,"Wankhede Stadium, Mumbai",Mumbai,Sunrisers Hyderabad,Gujarat Titans,Gujarat Titans,field,Gujarat Titans,,5.0,Umran Malik,1,2022
1304087,2022-04-28,2022,Indian Premier League,"Wankhede Stadium, Mumbai",Mumbai,Kolkata Knight Riders,Delhi Capitals,Delhi Capitals,field,Delhi Capitals,,4.0,Kuldeep Yadav,1,2022
1304088,2022-04-29,2022,Indian Premier League,"Maharashtra Cricket Association Stadium, Pune",Pune,Lucknow Super Giants,Punjab Kings,Punjab Kings,field,Lucknow Super Giants,20.0,,KH Pandya,0,2022
1304089,2022-04-30,2022,Indian Premier League,"Brabourne Stadium, Mumbai",Mumbai,Royal Challengers Bangalore,Gujarat Titans,Royal Challengers Bangalore,bat,Gujarat Titans,,6.0,R Tewatia,0,2022
1304090,2022-04-30,2022,Indian Premier League,"Dr DY Patil Sports Academy, Mumbai",Navi Mumbai,Rajasthan Royals,Mumbai Indians,Mumbai Indians,field,Mumbai Indians,,5.0,SA Yadav,1,2022
1304091,2022-05-01,2022,Indian Premier League,"Wankhede Stadium, Mumbai",Mumbai,Lucknow Super Giants,Delhi Capitals,Lucknow Super Giants,bat,Lucknow Super Giants,6.0,,Mohsin Khan,1,2022
1304092,2022-05-01,2022,Indian Premier League,"Maharashtra Cricket Association Stadium, Pune",Pune,Chennai Super Kings,Sunrisers Hyderabad,Sunrisers Hyderabad,field,Chennai Super Kings,13.0,,RD Gaikwad,0,2022
1304093,2022-05-02,2022,Indian Premier League,"Wankhede Stadium, Mumbai",Mumbai,Rajasthan Royals,Kolkata Knight Riders,Kolkata Knight Riders,field,Kolkata Knight Riders,,7.0,RK Singh,1,2022
1304094,2022-05-03,2022,Indian Premier League,"Dr DY Patil Sports Academy, Mumbai",Navi Mumbai,Gujarat Titans,Punjab Kings,Gujarat Titans,bat,Punjab Kings,,8.0,K Rabada,0,2022
1304095,2022-05-04,2022,Indian Premier League,"Maharashtra Cricket Association Stadium, Pune",Pune,Royal Challengers Bangalore,Chennai Super Kings,Chennai Super Kings,field,Royal Challengers Bangalore,13.0,,HV Patel,0,2022
1304096,2022-05-05,2022,Indian Premier League,"Brabourne Stadium, Mumbai",Mumbai,Delhi Capitals,Sunrisers Hyderabad,Sunrisers Hyderabad,field,Delhi Capitals,21.0,,DA Warner,0,2022
1304097,2022-05-06,2022,Indian Premier League,"Brabourne Stadium, Mumbai",Mumbai,Mumbai Indians,Gujarat Titans,Gujarat Titans,field,Mumbai Indians,5.0,,TH David,0,2022
1304098,2022-05-07,2022,Indian Premier League,"Wankhede Stadium, Mumbai",Mumbai,Punjab Kings,Rajasthan Royals,Punjab Kings,bat,Rajasthan Royals,,6.0,YBK Jaiswal,0,2022
1304099,2022-05-07,2022,Indian Premier League,"Maharashtra Cricket Association Stadium, Pune",Pune,Lucknow Super Giants,Kolkata Knight Riders,Kolkata Knight Riders,field,Lucknow Super Giants,75.0,,Avesh Khan,0,2022
1304100,2022-05-08,2022,Indian Premier League,"Wankhede Stadium, Mumbai",Mumbai,Royal Challengers Bangalore,Sunrisers Hyderabad,Royal Challengers Bangalore,bat,Royal Challengers Bangalore,67.0,,PWH de Silva,1,2022
1304101,2022-05-08,2022,Indian Premier League,"Dr DY Patil Sports Academy, Mumbai",Navi Mumbai,Chennai Super Kings,Delhi Capitals,Delhi Capitals,field,Chennai Super Kings,91.0,,DP Conway,0,2022
1304102,2022-05-09,2022,Indian Premier League,"Dr DY Patil Sports Academy, Mumbai",Navi Mumbai,Kolkata Knight Riders,Mumbai Indians,Mumbai Indians,field,Kolkata Knight Riders,52.0,,JJ Bumrah,0,2022
1304103,2022-05-10,2022,Indian Premier League,"Maharashtra Cricket Association Stadium, Pune",Pune,Gujarat Titans,Lucknow Super Giants,Gujarat Titans,bat,Gujarat Titans,62.0,,Shubman Gill,1,2022
1304104,2022-05-11,2022,Indian Premier League,"Dr DY Patil Sports Academy, Mumbai",Navi Mumbai,Rajasthan Royals,Delhi Capitals,Delhi Capitals,field,Delhi Capitals,,8.0,MR Marsh,1,2022
1304105,2022-05-12,2022,Indian Premier League,"Wankhede Stadium, Mumbai",Mumbai,Chennai Super Kings,Mumbai Indians,Mumbai Indians,field,Mumbai Indians,,5.0,DR Sams,1,2022
1304106,2022-05-13,2022,Indian Premier League,"Brabourne Stadium, Mumbai",Mumbai,Punjab Kings,Royal Challengers Bangalore,Royal Challengers Bangalore,field,Punjab Kings,54.0,,JM Bairstow,0,2022
1304107,2022-05-14,2022,Indian Premier League,"Maharashtra Cricket Association Stadium, Pune",Pune,Kolkata Knight Riders,Sunrisers Hyderabad,Kolkata Knight Riders,bat,Kolkata Knight Riders,54.0,,AD Russell,1,2022
1304108,2022-05-15,2022,Indian Premier League,"Wankhede Stadium, Mumbai",Mumbai,Chennai Super Kings,Gujarat Titans,Chennai Super Kings,bat,Gujarat Titans,,7.0,WP Saha,0,2022
1304109,2022-05-15,2022,Indian Premier League,"Brabourne Stadium, Mumbai",Mumbai,Rajasthan Royals,Lucknow Super Giants,Rajasthan Royals,bat,Rajasthan Royals,24.0,,TA Boult,1,2022
1304110,2022-05-16,2022,Indian Premier League,"Dr DY Patil Sports Academy, Mumbai",Navi Mumbai,Delhi Capitals,Punjab Kings,Punjab Kings,field,Delhi Capitals,17.0,,SN Thakur,0,2022
1304111,2022-05-17,2022,Indian Premier League,"Wankhede Stadium, Mumbai",Mumbai,Sunrisers Hyderabad,Mumbai Indians,Mumbai Indians,field,Sunrisers Hyderabad,3.0,,RA Tripathi,0,2022
1304112,2022-05-18,2022,Indian Premier League,"Dr DY Patil Sports Academy, Mumbai",Navi Mumbai,Lucknow Super Giants,Kolkata Knight Riders,Lucknow Super Giants,bat,Lucknow Super Giants,2.0,,Q de Kock,1,2022
1304113,2022-05-19,2022,Indian Premier League,"Wankhede Stadium, Mumbai",Mumbai,Gujarat Titans,Royal Challengers Bangalore,Gujarat Titans,bat,Royal Challengers Bangalore,,8.0,V Kohli,0,2022
1304114,2022-05-20,2022,Indian Premier League,"Brabourne Stadium, Mumbai",Mumbai,Chennai Super Kings,Rajasthan Royals,Chennai Super Kings,bat,Rajasthan Royals,,5.0,R Ashwin,0,2022
1304115,2022-05-21,2022,Indian Premier League,"Wankhede Stadium, Mumbai",Mumbai,Delhi Capitals,Mumbai Indians,Mumbai Indians,field,Mumbai Indians,,5.0,JJ Bumrah,1,2022
1304116,2022-05-22,2022,Indian Premier League,"Wankhede Stadium, Mumbai",Mumbai,Sunrisers Hyderabad,Punjab Kings,Sunrisers Hyderabad,bat,Punjab Kings,,5.0,Harpreet Brar,0,2022
1312197,2022-05-24,2022,Indian Premier League,"Eden Gardens, Kolkata",Kolkata,Rajasthan Royals,Gujarat Titans,Gujarat Titans,field,Gujarat Titans,,7.0,DA Miller,1,2022
1312198,2022-05-25,2022,Indian Premier League,"Eden Gardens, Kolkata",Kolkata,Royal Challengers Bangalore,Lucknow Super Giants,Lucknow Super Giants,field,Royal Challengers Bangalore,14.0,,RM Patidar,0,2022
1312199,2022-05-27,2022,Indian Premier League,"Narendra Modi Stadium, Ahmedabad",Ahmedabad,Royal Challengers Bangalore,Rajasthan Royals,Rajasthan Royals,field,Rajasthan Royals,,7.0,JC Buttler,1,2022
1312200,2022-05-29,2022,Indian Premier League,"Narendra Modi Stadium, Ahmedabad",Ahmedabad,Rajasthan Royals,Gujarat Titans,Rajasthan Royals,bat,Gujarat Titans,,7.0,HH Pandya,0,2022
1359475,2023-03-31,2023,Indian Premier League,"Narendra Modi Stadium, Ahmedabad",Ahmedabad,Chennai Super Kings,Gujarat Titans,Gujarat Titans,field,Gujarat Titans,,5.0,Rashid Khan,1,2023
1359476,2023-04-01,2023,Indian Premier League,"Punjab Cricket Association IS Bindra Stadium, Mohali, Chandigarh",Chandigarh,Punjab Kings,Kolkata Knight Riders,Kolkata Knight Riders,field,Punjab Kings,7.0,,Arshdeep Singh,0,2023
1359477,2023-04-01,2023,Indian Premier League,"Bharat Ratna Shri Atal Bihari Vajpayee Ekana Cricket Stadium, Lucknow",Lucknow,Lucknow Super Giants,Delhi Capitals,Delhi Capitals,field,Lucknow Super Giants,50.0,,MA Wood,0,2023
1359478,2023-04-02,2023,Indian Premier League,"Rajiv Gandhi International Stadium, Uppal, Hyderabad",Hyderabad,Rajasthan Royals,Sunrisers Hyderabad,Sunrisers Hyderabad,field,Rajasthan Royals,72.0,,JC Buttler,0,2023
1359479,2023-04-02,2023,Indian Premier League,"M Chinnaswamy Stadium, Bengaluru",Bengaluru,Mumbai Indians,Royal Challengers Bangalore,Royal Challengers Bangalore,field,Royal Challengers Bangalore,,8.0,F du Plessis,1,2023
1359480,2023-04-03,2023,Indian Premier League,"MA Chidambaram Stadium, Chepauk, Chennai",Chennai,Chennai Super Kings,Lucknow Super Giants,Lucknow Super Giants,field,Chennai Super Kings,12.0,,MM Ali,0,2023
1359481,2023-04-04,2023,Indian Premier League,"Arun Jaitley Stadium, Delhi",Delhi,Delhi Capitals,Gujarat Titans,Gujarat Titans,field,Gujarat Titans,,6.0,B Sai Sudharsan,1,2023
1359482,2023-04-05,2023,Indian Premier League,"Barsapara Cricket Stadium, Guwahati",Guwahati,Punjab Kings,Rajasthan Royals,Rajasthan Royals,field,Punjab Kings,5.0,,NT Ellis,0,2023
1359483,2023-04-06,2023,Indian Premier League,"Eden Gardens, Kolkata",Kolkata,Kolkata Knight Riders,Royal Challengers Bangalore,Royal Challengers Bangalore,field,Kolkata Knight Riders,81.0,,SN Thakur,0,2023
1359484,2023-04-07,2023,Indian Premier League,"Bharat Ratna Shri Atal Bihari Vajpayee Ekana Cricket Stadium, Lucknow",Lucknow,Sunrisers Hyderabad,Lucknow Super Giants,Sunrisers Hyderabad,bat,Lucknow Super Giants,,5.0,KH Pandya,0,2023
1359485,2023-04-08,2023,Indian Premier League,"Barsapara Cricket Stadium, Guwahati",Guwahati,Rajasthan Royals,Delhi Capitals,Delhi Capitals,field,Rajasthan Royals,57.0,,YBK Jaiswal,0,2023
1359486,2023-04-08,2023,Indian Premier League,"Wankhede Stadium, Mumbai",Mumbai,Mumbai Indians,Chennai Super Kings,Chennai Super Kings,field,Chennai Super Kings,,7.0,RA Jadeja,1,2023
1359487,2023-04-09,2023,Indian Premier League,"Narendra Modi Stadium, Ahmedabad",Ahmedabad,Gujarat Titans,Kolkata Knight Riders,Gujarat Titans,bat,Kolkata Knight Riders,,3.0,RK Singh,0,2023
1359488,2023-04-09,2023,Indian Premier League,"Rajiv Gandhi International Stadium, Uppal, Hyderabad",Hyderabad,Punjab Kings,Sunrisers Hyderabad,Sunrisers Hyderabad,field,Sunrisers Hyderabad,,8.0,S Dhawan,1,2023
1359489,2023-04-10,2023,Indian Premier League,"M Chinnaswamy Stadium, Bengaluru",Bengaluru,Royal Challengers Bangalore,Lucknow Super Giants,Lucknow Super Giants,field,Lucknow Super Giants,,1.0,N Pooran,1,2023
1359490,2023-04-11,2023,Indian Premier League,"Arun Jaitley Stadium, Delhi",Delhi,Delhi Capitals,Mumbai Indians,Mumbai Indians,field,Mumbai Indians,,6.0,RG Sharma,1,2023
1359491,2023-04-12,2023,Indian Premier League,"MA Chidambaram Stadium, Chepauk, Chennai",Chennai,Rajasthan Royals,Chennai Super Kings,Chennai Super Kings,field,Rajasthan Royals,3.0,,R Ashwin,0,2023
1359492,2023-04-13,2023,Indian Premier League,"Punjab Cricket Association IS Bindra Stadium, Mohali, Chandigarh",Chandigarh,Punjab Kings,Gujarat Titans,Gujarat Titans,field,Gujarat Titans,,6.0,MM Sharma,1,2023
1359493,2023-04-14,2023,Indian Premier League,"Eden Gardens, Kolkata",Kolkata,Sunrisers Hyderabad,Kolkata Knight Riders,Kolkata Knight Riders,field,Sunrisers Hyderabad,23.0,,HC Brook,0,2023
1359494,2023-04-15,2023,Indian Premier League,"M Chinnaswamy Stadium, Bengaluru",Bengaluru,Royal Challengers Bangalore,Delhi Capitals,Delhi Capitals,field,Royal Challengers Bangalore,23.0,,V Kohli,0,2023
1359495,2023-04-15,2023,Indian Premier League,"Bharat Ratna Shri Atal Bihari Vajpayee Ekana Cricket Stadium, Lucknow",Lucknow,Lucknow Super Giants,Punjab Kings,Punjab Kings,field,Punjab Kings,,2.0,Sikandar Raza,1,2023
1359496,2023-04-16,2023,Indian Premier League,"Wankhede Stadium, Mumbai",Mumbai,Kolkata Knight Riders,Mumbai Indians,Mumbai Indians,field,Mumbai Indians,,5.0,VR Iyer,1,2023
1359497,2023-04-16,2023,Indian Premier League,"Narendra Modi Stadium, Ahmedabad",Ahmedabad,Gujarat Titans,Rajasthan Royals,Rajasthan Royals,field,Rajasthan Royals,,3.0,SO Hetmyer,1,2023
1359498,2023-04-17,2023,Indian Premier League,"M Chinnaswamy Stadium, Bengaluru",Bengaluru,Chennai Super Kings,Royal Challengers Bangalore,Royal Challengers Bangalore,field,Chennai Super Kings,8.0,,DP Conway,0,2023
1359499,2023-04-18,2023,Indian Premier League,"Rajiv Gandhi International Stadium, Uppal, Hyderabad",Hyderabad,Mumbai Indians,Sunrisers Hyderabad,Sunrisers Hyderabad,field,Mumbai Indians,14.0,,C Green,0,2023
1359500,2023-04-19,2023,Indian Premier League,"Sawai Mansingh Stadium, Jaipur",Jaipur,Lucknow Super Giants,Rajasthan Royals,Rajasthan Royals,field,Lucknow Super Giants,10.0,,MP Stoinis,0,2023
1359501,2023-04-20,2023,Indian Premier League,"Punjab Cricket Association IS Bindra Stadium, Mohali, Chandigarh",Chandigarh,Royal Challengers Bangalore,Punjab Kings,Punjab Kings,field,Royal Challengers Bangalore,24.0,,Mohammed Siraj,0,2023
1359502,2023-04-20,2023,Indian Premier League,"Arun Jaitley Stadium, Delhi",Delhi,Kolkata Knight Riders,Delhi Capitals,Delhi Capitals,field,Delhi Capitals,,4.0,I Sharma,1,2023
1359503,2023-04-21,2023,Indian Premier League,"MA Chidambaram Stadium, Chepauk, Chennai",Chennai,Sunrisers Hyderabad,Chennai Super Kings,Chennai Super Kings,field,Chennai Super Kings,,7.0,RA Jadeja,1,2023
1359504,2023-04-22,2023,Indian Premier League,"Bharat Ratna Shri Atal Bihari Vajpayee Ekana Cricket Stadium, Lucknow",Lucknow,Gujarat Titans,Lucknow Super Giants,Gujarat Titans,bat,Gujarat Titans,7.0,,MM Sharma,1,2023
1359505,2023-04-22,2023,Indian Premier League,"Wankhede Stadium, Mumbai",Mumbai,Punjab Kings,Mumbai Indians,Mumbai Indians,field,Punjab Kings,13.0,,SM Curran,0,2023
1359506,2023-04-23,2023,Indian Premier League,"M Chinnaswamy Stadium, Bengaluru",Bengaluru,Royal Challengers Bangalore,Rajasthan Royals,Rajasthan Royals,field,Royal Challengers Bangalore,7.0,,GJ Maxwell,0,2023
1359507,2023-04-23,2023,Indian Premier League,"Eden Gardens, Kolkata",Kolkata,Chennai Super Kings,Kolkata Knight Riders,Kolkata Knight Riders,field,Chennai Super Kings,49.0,,AM Rahane,0,2023
1359508,2023-04-24,2023,Indian Premier League,"Rajiv Gandhi International Stadium, Uppal, Hyderabad",Hyderabad,Delhi Capitals,Sunrisers Hyderabad,Delhi Capitals,bat,Delhi Capitals,7.0,,AR Patel,1,2023
1359509,2023-04-25,2023,Indian Premier League,"Narendra Modi Stadium, Ahmedabad",Ahmedabad,Gujarat Titans,Mumbai Indians,Mumbai Indians,field,Gujarat Titans,55.0,,A Manohar,0,2023
1359510,2023-04-26,2023,Indian Premier League,"M Chinnaswamy Stadium, Bengaluru",Bengaluru,Kolkata Knight Riders,Royal Challengers Bangalore,Royal Challengers Bangalore,field,Kolkata Knight Riders,21.0,,CV Varun,0,2023
1359511,2023-04-27,2023,Indian Premier League,"Sawai Mansingh Stadium, Jaipur",Jaipur,Rajasthan Royals,Chennai Super Kings,Rajasthan Royals,bat,Rajasthan Royals,32.0,,YBK Jaiswal,1,2023
1359512,2023-04-28,2023,Indian Premier League,"Punjab Cricket Association IS Bindra Stadium, Mohali, Chandigarh",Chandigarh,Lucknow Super Giants,Punjab Kings,Punjab Kings,field,Lucknow Super Giants,56.0,,MP Stoinis,0,2023
1359513,2023-04-29,2023,Indian Premier League,"Eden Gardens, Kolkata",Kolkata,Kolkata Knight Riders,Gujarat Titans,Gujarat Titans,field,Gujarat Titans,,7.0,J Little,1,2023
1359514,2023-04-29,2023,Indian Premier League,"Arun Jaitley Stadium, Delhi",Delhi,Sunrisers Hyderabad,Delhi Capitals,Sunrisers Hyderabad,bat,Sunrisers Hyderabad,9.0,,MR Marsh,1,2023
1359515,2023-04-30,2023,Indian Premier League,"MA Chidambaram Stadium, Chepauk, Chennai",Chennai,Chennai Super Kings,Punjab Kings,Chennai Super Kings,bat,Punjab Kings,,4.0,DP Conway,0,2023
1359516,2023-04-30,2023,Indian Premier League,"Wankhede Stadium, Mumbai",Mumbai,Rajasthan Royals,Mumbai Indians,Rajasthan Royals,bat,Mumbai Indians,,6.0,YBK Jaiswal,0,2023
1359517,2023-05-01,2023,Indian Premier League,"Bharat Ratna Shri Atal Bihari Vajpayee Ekana Cricket Stadium, Lucknow",Lucknow,Royal Challengers Bangalore,Lucknow Super Giants,Royal Challengers Bangalore,bat,Royal Challengers Bangalore,18.0,,F du Plessis,1,2023
1359518,2023-05-02,2023,Indian Premier League,"Narendra Modi Stadium, Ahmedabad",Ahmedabad,Delhi Capitals,Gujarat Titans,Delhi Capitals,bat,Delhi Capitals,5.0,,Mohammed Shami,1,2023
1359519,2023-05-03,2023,Indian Premier League,"Bharat Ratna Shri Atal Bihari Vajpayee Ekana Cricket Stadium, Lucknow",Lucknow,Lucknow Super Giants,Chennai Super Kings,Chennai Super Kings,field,no result,,,,0,2023
1359520,2023-05-03,2023,Indian Premier League,"Punjab Cricket Association IS Bindra Stadium, Mohali, Chandigarh",Chandigarh,Punjab Kings,Mumbai Indians,Mumbai Indians,field,Mumbai Indians,,6.0,Ishan Kishan,1,2023
1359521,2023-05-04,2023,Indian Premier League,"Rajiv Gandhi International Stadium, Uppal, Hyderabad",Hyderabad,Kolkata Knight Riders,Sunrisers Hyderabad,Kolkata Knight Riders,bat,Kolkata Knight Riders,5.0,,CV Varun,1,2023
1359522,2023-05-05,2023,Indian Premier League,"Sawai Mansingh Stadium, Jaipur",Jaipur,Rajasthan Royals,Gujarat Titans,Rajasthan Royals,bat,Gujarat Titans,,9.0,Rashid Khan,0,2023
1359523,2023-05-06,2023,Indian Premier League,"MA Chidambaram Stadium, Chepauk, Chennai",Chennai,Mumbai Indians,Chennai Super Kings,Chennai Super Kings,field,Chennai Super Kings,,6.0,M Pathirana,1,2023
1359524,2023-05-06,2023,Indian Premier League,"Arun Jaitley Stadium, Delhi",Delhi,Royal Challengers Bangalore,Delhi Capitals,Royal Challengers Bangalore,bat,Delhi Capitals,,7.0,PD Salt,0,2023
1359525,2023-05-07,2023,Indian Premier League,"Narendra Modi Stadium, Ahmedabad",Ahmedabad,Gujarat Titans,Lucknow Super Giants,Lucknow Super Giants,field,Gujarat Titans,56.0,,Shubman Gill,0,2023
1359526,2023-05-07,2023,Indian Premier League,"Sawai Mansingh Stadium, Jaipur",Jaipur,Rajasthan Royals,Sunrisers Hyderabad,Rajasthan Royals,bat,Sunrisers Hyderabad,,4.0,GD Phillips,0,2023
1359527,2023-05-08,2023,Indian Premier League,"Eden Gardens, Kolkata",Kolkata,Punjab Kings,Kolkata Knight Riders,Punjab Kings,bat,Kolkata Knight Riders,,5.0,AD Russell,0,2023
1359528,2023-05-09,2023,Indian Premier League,"Wankhede Stadium, Mumbai",Mumbai,Royal Challengers Bangalore,Mumbai Indians,Mumbai Indians,field,Mumbai Indians,,6.0,SA Yadav,1,2023
1359529,2023-05-10,2023,Indian Premier League,"MA Chidambaram Stadium, Chepauk, Chennai",Chennai,Chennai Super Kings,Delhi Capitals,Chennai Super Kings,bat,Chennai Super Kings,27.0,,RA Jadeja,1,2023
1359530,2023-05-11,2023,Indian Premier League,"Eden Gardens, Kolkata",Kolkata,Kolkata Knight Riders,Rajasthan Royals,Rajasthan Royals,field,Rajasthan Royals,,9.0,YBK Jaiswal,1,2023
1359531,2023-05-12,2023,Indian Premier League,"Wankhede Stadium, Mumbai",Mumbai,Mumbai Indians,Gujarat Titans,Gujarat Titans,field,Mumbai Indians,27.0,,SA Yadav,0,2023
1359532,2023-05-13,2023,Indian Premier League,"Rajiv Gandhi International Stadium, Uppal, Hyderabad",Hyderabad,Sunrisers Hyderabad,Lucknow Super Giants,Sunrisers Hyderabad,bat,Lucknow Super Giants,,7.0,PN Mankad,0,2023
1359533,2023-05-13,2023,Indian Premier League,"Arun Jaitley Stadium, Delhi",Delhi,Punjab Kings,Delhi Capitals,Delhi Capitals,field,Punjab Kings,31.0,,P Simran Singh,0,2023
1359534,2023-05-14,2023,Indian Premier League,"Sawai Mansingh Stadium, Jaipur",Jaipur,Royal Challengers Bangalore,Rajasthan Royals,Royal Challengers Bangalore,bat,Royal Challengers Bangalore,112.0,,WD Parnell,1,2023
1359535,2023-05-14,2023,Indian Premier League,"MA Chidambaram Stadium, Chepauk, Chennai",Chennai,Chennai Super Kings,Kolkata Knight Riders,Chennai Super Kings,bat,Kolkata Knight Riders,,6.0,RK Singh,0,2023
1359536,2023-05-15,2023,Indian Premier League,"Narendra Modi Stadium, Ahmedabad",Ahmedabad,Gujarat Titans,Sunrisers Hyderabad,Sunrisers Hyderabad,field,Gujarat Titans,34.0,,Shubman Gill,0,2023
1359537,2023-05-16,2023,Indian Premier League,"Bharat Ratna Shri Atal Bihari Vajpayee Ekana Cricket Stadium, Lucknow",Lucknow,Lucknow Super Giants,Mumbai Indians,Mumbai Indians,field,Lucknow Super Giants,5.0,,MP Stoinis,0,2023
1359538,2023-05-17,2023,Indian Premier League,"Himachal Pradesh Cricket Association Stadium, Dharamsala",Dharamsala,Delhi Capitals,Punjab Kings,Punjab Kings,field,Delhi Capitals,15.0,,RR Rossouw,0,2023
1359539,2023-05-18,2023,Indian Premier League,"Rajiv Gandhi International Stadium, Uppal, Hyderabad",Hyderabad,Sunrisers Hyderabad,Royal Challengers Bangalore,Royal Challengers Bangalore,field,Royal Challengers Bangalore,,8.0,V Kohli,1,2023
1359540,2023-05-19,2023,Indian Premier League,"Himachal Pradesh Cricket Association Stadium, Dharamsala",Dharamsala,Punjab Kings,Rajasthan Royals,Rajasthan Royals,field,Rajasthan Royals,,4.0,D Padikkal,1,2023
1359541,2023-05-20,2023,Indian Premier League,"Arun Jaitley Stadium, Delhi",Delhi,Chennai Super Kings,Delhi Capitals,Chennai Super Kings,bat,Chennai Super Kings,77.0,,RD Gaikwad,1,2023
1359542,2023-05-20,2023,Indian Premier League,"Eden Gardens, Kolkata",Kolkata,Lucknow Super Giants,Kolkata Knight Riders,Kolkata Knight Riders,field,Lucknow Super Giants,1.0,,N Pooran,0,2023
1359543,2023-05-21,2023,Indian Premier League,"Wankhede Stadium, Mumbai",Mumbai,Sunrisers Hyderabad,Mumbai Indians,Mumbai Indians,field,Mumbai Indians,,8.0,C Green,1,2023
1359544,2023-05-21,2023,Indian Premier League,"M Chinnaswamy Stadium, Bengaluru",Bengaluru,Royal Challengers Bangalore,Gujarat Titans,Gujarat Titans,field,Gujarat Titans,,6.0,Shubman Gill,1,2023
1370350,2023-05-23,2023,Indian Premier League,"MA Chidambaram Stadium, Chepauk, Chennai",Chennai,Chennai Super Kings,Gujarat Titans,Gujarat Titans,field,Chennai Super Kings,15.0,,RD Gaikwad,0,2023
1370351,2023-05-24,2023,Indian Premier League,"MA Chidambaram Stadium, Chepauk, Chennai",Chennai,Mumbai Indians,Lucknow Super Giants,Mumbai Indians,bat,Mumbai Indians,81.0,,Akash Madhwal,1,2023
1370352,2023-05-26,2023,Indian Premier League,"Narendra Modi Stadium, Ahmedabad",Ahmedabad,Gujarat Titans,Mumbai Indians,Mumbai Indians,field,Gujarat Titans,62.0,,Shubman Gill,0,2023
1370353,2023-05-29,2023,Indian Premier League,"Narendra Modi Stadium, Ahmedabad",Ahmedabad,Gujarat Titans,Chennai Super Kings,Chennai Super Kings,field,Chennai Super Kings,,5.0,DP Conway,1,2023
1422119,2024-03-22,2024,Indian Premier League,"MA Chidambaram Stadium, Chepauk, Chennai",Chennai,Royal Challengers Bengaluru,Chennai Super Kings,Royal Challengers Bengaluru,bat,Chennai Super Kings,,6.0,Mustafizur Rahman,0,2024
1422120,2024-03-23,2024,Indian Premier League,"Maharaja Yadavindra Singh International Cricket Stadium, Mullanpur",Mohali,Delhi Capitals,Punjab Kings,Punjab Kings,field,Punjab Kings,,4.0,SM Curran,1,2024
1422121,2024-03-23,2024,Indian Premier League,"Eden Gardens, Kolkata",Kolkata,Kolkata Knight Riders,Sunrisers Hyderabad,Sunrisers Hyderabad,field,Kolkata Knight Riders,4.0,,AD Russell,0,2024
1422122,2024-03-24,2024,Indian Premier League,"Sawai Mansingh Stadium, Jaipur",Jaipur,Rajasthan Royals,Lucknow Super Giants,Rajasthan Royals,bat,Rajasthan Royals,20.0,,SV Samson,1,2024
1422123,2024-03-24,2024,Indian Premier League,"Narendra Modi Stadium, Ahmedabad",Ahmedabad,Gujarat Titans,Mumbai Indians,Mumbai Indians,field,Gujarat Titans,6.0,,B Sai Sudharsan,0,2024
1422124,2024-03-25,2024,Indian Premier League,"M Chinnaswamy Stadium, Bengaluru",Bengaluru,Punjab Kings,Royal Challengers Bengaluru,Royal Challengers Bengaluru,field,Royal Challengers Bengaluru,,4.0,V Kohli,1,2024
1422125,2024-03-26,2024,Indian Premier League,"MA Chidambaram Stadium, Chepauk, Chennai",Chennai,Chennai Super Kings,Gujarat Titans,Gujarat Titans,field,Chennai Super Kings,63.0,,S Dube,0,2024
1422126,2024-03-27,2024,Indian Premier League,"Rajiv Gandhi International Stadium, Uppal, Hyderabad",Hyderabad,Sunrisers Hyderabad,Mumbai Indians,Mumbai Indians,field,Sunrisers Hyderabad,31.0,,Abhishek Sharma,0,2024
1422127,2024-03-28,2024,Indian Premier League,"Sawai Mansingh Stadium, Jaipur",Jaipur,Rajasthan Royals,Delhi Capitals,Delhi Capitals,field,Rajasthan Royals,12.0,,R Parag,0,2024
1422128,2024-03-29,2024,Indian Premier League,"M Chinnaswamy Stadium, Bengaluru",Bengaluru,Royal Challengers Bengaluru,Kolkata Knight Riders,Kolkata Knight Riders,field,Kolkata Knight Riders,,7.0,SP Narine,1,2024
1422129,2024-03-30,2024,Indian Premier League,"Bharat Ratna Shri Atal Bihari Vajpayee Ekana Cricket Stadium, Lucknow",Lucknow,Lucknow Super Giants,Punjab Kings,Lucknow Super Giants,bat,Lucknow Super Giants,21.0,,MP Yadav,1,2024
1422130,2024-03-31,2024,Indian Premier League,"Narendra Modi Stadium, Ahmedabad",Ahmedabad,Sunrisers Hyderabad,Gujarat Titans,Sunrisers Hyderabad,bat,Gujarat Titans,,7.0,MM Sharma,0,2024
1422131,2024-03-31,2024,Indian Premier League,"Dr. Y.S. Rajasekhara Reddy ACA-VDCA Cricket Stadium, Visakhapatnam",Visakhapatnam,Delhi Capitals,Chennai Super Kings,Delhi Capitals,bat,Delhi Capitals,20.0,,KK Ahmed,1,2024
1422132,2024-04-01,2024,Indian Premier League,"Wankhede Stadium, Mumbai",Mumbai,Mumbai Indians,Rajasthan Royals,Rajasthan Royals,field,Rajasthan Royals,,6.0,TA Boult,1,2024
1422133,2024-04-02,2024,Indian Premier League,"M Chinnaswamy Stadium, Bengaluru",Bengaluru,Lucknow Super Giants,Royal Challengers Bengaluru,Royal Challengers Bengaluru,field,Lucknow Super Giants,28.0,,MP Yadav,0,2024
1422134,2024-04-03,2024,Indian Premier League,"Dr. Y.S. Rajasekhara Reddy ACA-VDCA Cricket Stadium, Visakhapatnam",Visakhapatnam,Kolkata Knight Riders,Delhi Capitals,Kolkata Knight Riders,bat,Kolkata Knight Riders,106.0,,SP Narine,1,2024
1422135,2024-04-04,2024,Indian Premier League,"Narendra Modi Stadium, Ahmedabad",Ahmedabad,Gujarat Titans,Punjab Kings,Punjab Kings,field,Punjab Kings,,3.0,Shashank Singh,1,2024
1422136,2024-04-05,2024,Indian Premier League,"Rajiv Gandhi International Stadium, Uppal, Hyderabad",Hyderabad,Chennai Super Kings,Sunrisers Hyderabad,Sunrisers Hyderabad,field,Sunrisers Hyderabad,,6.0,Abhishek Sharma,1,2024
1422137,2024-04-06,2024,Indian Premier League,"Sawai Mansingh Stadium, Jaipur",Jaipur,Royal Challengers Bengaluru,Rajasthan Royals,Rajasthan Royals,field,Rajasthan Royals,,6.0,JC Buttler,1,2024
1422138,2024-04-07,2024,Indian Premier League,"Wankhede Stadium, Mumbai",Mumbai,Mumbai Indians,Delhi Capitals,Delhi Capitals,field,Mumbai Indians,29.0,,R Shepherd,0,2024
1422139,2024-04-07,2024,Indian Premier League,"Bharat Ratna Shri Atal Bihari Vajpayee Ekana Cricket Stadium, Lucknow",Lucknow,Lucknow Super Giants,Gujarat Titans,Lucknow Super Giants,bat,Lucknow Super Giants,33.0,,Yash Thakur,1,2024
1426260,2024-04-08,2024,Indian Premier League,"MA Chidambaram Stadium, Chepauk, Chennai",Chennai,Kolkata Knight Riders,Chennai Super Kings,Chennai Super Kings,field,Chennai Super Kings,,7.0,RA Jadeja,1,2024
1426261,2024-04-09,2024,Indian Premier League,"Maharaja Yadavindra Singh International Cricket Stadium, Mullanpur",Mohali,Sunrisers Hyderabad,Punjab Kings,Punjab Kings,field,Sunrisers Hyderabad,2.0,,Nithish Kumar Reddy,0,2024
1426262,2024-04-10,2024,Indian Premier League,"Sawai Mansingh Stadium, Jaipur",Jaipur,Rajasthan Royals,Gujarat Titans,Gujarat Titans,field,Gujarat Titans,,3.0,Rashid Khan,1,2024
1426263,2024-04-11,2024,Indian Premier League,"Wankhede Stadium, Mumbai",Mumbai,Royal Challengers Bengaluru,Mumbai Indians,Mumbai Indians,field,Mumbai Indians,,7.0,JJ Bumrah,1,2024
1426264,2024-04-12,2024,Indian Premier League,"Bharat Ratna Shri Atal Bihari Vajpayee Ekana Cricket Stadium, Lucknow",Lucknow,Lucknow Super Giants,Delhi Capitals,Lucknow Super Giants,bat,Delhi Capitals,,6.0,Kuldeep Yadav,0,2024
1426265,2024-04-13,2024,Indian Premier League,"Maharaja Yadavindra Singh International Cricket Stadium, Mullanpur",Mohali,Punjab Kings,Rajasthan Royals,Rajasthan Royals,field,Rajasthan Royals,,3.0,SO Hetmyer,1,2024
1426266,2024-04-14,2024,Indian Premier League,"Eden Gardens, Kolkata",Kolkata,Lucknow Super Giants,Kolkata Knight Riders,Kolkata Knight Riders,field,Kolkata Knight Riders,,8.0,PD Salt,1,2024
1426267,2024-04-14,2024,Indian Premier League,"Wankhede Stadium, Mumbai",Mumbai,Chennai Super Kings,Mumbai Indians,Mumbai Indians,field,Chennai Super Kings,20.0,,M Pathirana,0,2024
1426268,2024-04-15,2024,Indian Premier League,"M Chinnaswamy Stadium, Bengaluru",Bengaluru,Sunrisers Hyderabad,Royal Challengers Bengaluru,Royal Challengers Bengaluru,field,Sunrisers Hyderabad,25.0,,TM Head,0,2024
1426269,2024-04-16,2024,Indian Premier League,"Eden Gardens, Kolkata",Kolkata,Kolkata Knight Riders,Rajasthan Royals,Rajasthan Royals,field,Rajasthan Royals,,2.0,JC Buttler,1,2024
1426270,2024-04-17,2024,Indian Premier League,"Narendra Modi Stadium, Ahmedabad",Ahmedabad,Gujarat Titans,Delhi Capitals,Delhi Capitals,field,Delhi Capitals,,6.0,RR Pant,1,2024
1426271,2024-04-18,2024,Indian Premier League,"Maharaja Yadavindra Singh International Cricket Stadium, Mullanpur",Mohali,Mumbai Indians,Punjab Kings,Punjab Kings,field,Mumbai Indians,9.0,,JJ Bumrah,0,2024
1426272,2024-04-19,2024,Indian Premier League,"Bharat Ratna Shri Atal Bihari Vajpayee Ekana Cricket Stadium, Lucknow",Lucknow,Chennai Super Kings,Lucknow Super Giants,Lucknow Super Giants,field,Lucknow Super Giants,,8.0,KL Rahul,1,2024
1426273,2024-04-20,2024,Indian Premier League,"Arun Jaitley Stadium, Delhi",Delhi,Sunrisers Hyderabad,Delhi Capitals,Delhi Capitals,field,Sunrisers Hyderabad,67.0,,TM Head,0,2024
1426274,2024-04-21,2024,Indian Premier League,"Eden Gardens, Kolkata",Kolkata,Kolkata Knight Riders,Royal Challengers Bengaluru,Royal Challengers Bengaluru,field,Kolkata Knight Riders,1.0,,AD Russell,0,2024
1426275,2024-04-21,2024,Indian Premier League,"Maharaja Yadavindra Singh International Cricket Stadium, Mullanpur",Mohali,Punjab Kings,Gujarat Titans,Punjab Kings,bat,Gujarat Titans,,3.0,R Sai Kishore,0,2024
1426276,2024-04-22,2024,Indian Premier League,"Sawai Mansingh Stadium, Jaipur",Jaipur,Mumbai Indians,Rajasthan Royals,Mumbai Indians,bat,Rajasthan Royals,,9.0,Sandeep Sharma,0,2024
1426277,2024-04-23,2024,Indian Premier League,"MA Chidambaram Stadium, Chepauk, Chennai",Chennai,Chennai Super Kings,Lucknow Super Giants,Lucknow Super Giants,field,Lucknow Super Giants,,6.0,MP Stoinis,1,2024
1426278,2024-04-24,2024,Indian Premier League,"Arun Jaitley Stadium, Delhi",Delhi,Delhi Capitals,Gujarat Titans,Gujarat Titans,field,Delhi Capitals,4.0,,RR Pant,0,2024
1426279,2024-04-25,2024,Indian Premier League,"Rajiv Gandhi International Stadium, Uppal, Hyderabad",Hyderabad,Royal Challengers Bengaluru,Sunrisers Hyderabad,Royal Challengers Bengaluru,bat,Royal Challengers Bengaluru,35.0,,RM Patidar,1,2024
1426280,2024-04-26,2024,Indian Premier League,"Eden Gardens, Kolkata",Kolkata,Kolkata Knight Riders,Punjab Kings,Punjab Kings,field,Punjab Kings,,8.0,JM Bairstow,1,2024
1426281,2024-04-27,2024,Indian Premier League,"Arun Jaitley Stadium, Delhi",Delhi,Delhi Capitals,Mumbai Indians,Mumbai Indians,field,Delhi Capitals,10.0,,J Fraser-McGurk,0,2024
1426282,2024-04-27,2024,Indian Premier League,"Bharat Ratna Shri Atal Bihari Vajpayee Ekana Cricket Stadium, Lucknow",Lucknow,Lucknow Super Giants,Rajasthan Royals,Rajasthan Royals,field,Rajasthan Royals,,7.0,SV Samson,1,2024
1426283,2024-04-28,2024,Indian Premier League,"Narendra Modi Stadium, Ahmedabad",Ahmedabad,Gujarat Titans,Royal Challengers Bengaluru,Royal Challengers Bengaluru,field,Royal Challengers Bengaluru,,9.0,WG Jacks,1,2024
1426284,2024-04-28,2024,Indian Premier League,"MA Chidambaram Stadium, Chepauk, Chennai",Chennai,Chennai Super Kings,Sunrisers Hyderabad,Sunrisers Hyderabad,field,Chennai Super Kings,78.0,,RD Gaikwad,0,2024
1426285,2024-04-29,2024,Indian Premier League,"Eden Gardens, Kolkata",Kolkata,Delhi Capitals,Kolkata Knight Riders,Delhi Capitals,bat,Kolkata Knight Riders,,7.0,CV Varun,0,2024
1426286,2024-04-30,2024,Indian Premier League,"Bharat Ratna Shri Atal Bihari Vajpayee Ekana Cricket Stadium, Lucknow",Lucknow,Mumbai Indians,Lucknow Super Giants,Lucknow Super Giants,field,Lucknow Super Giants,,4.0,MP Stoinis,1,2024
1426287,2024-05-01,2024,Indian Premier League,"MA Chidambaram Stadium, Chepauk, Chennai",Chennai,Chennai Super Kings,Punjab Kings,Punjab Kings,field,Punjab Kings,,7.0,Harpreet Brar,1,2024
1426288,2024-05-02,2024,Indian Premier League,"Rajiv Gandhi International Stadium, Uppal, Hyderabad",Hyderabad,Sunrisers Hyderabad,Rajasthan Royals,Sunrisers Hyderabad,bat,Sunrisers Hyderabad,1.0,,B Kumar,1,2024
1426289,2024-05-03,2024,Indian Premier League,"Wankhede Stadium, Mumbai",Mumbai,Kolkata Knight Riders,Mumbai Indians,Mumbai Indians,field,Kolkata Knight Riders,24.0,,VR Iyer,0,2024
1426290,2024-05-04,2024,Indian Premier League,"M Chinnaswamy Stadium, Bengaluru",Bengaluru,Gujarat Titans,Royal Challengers Bengaluru,Royal Challengers Bengaluru,field,Royal Challengers Bengaluru,,4.0,Mohammed Siraj,1,2024
1426291,2024-05-05,2024,Indian Premier League,"Himachal Pradesh Cricket Association Stadium, Dharamsala",Dharamsala,Chennai Super Kings,Punjab Kings,Punjab Kings,field,Chennai Super Kings,28.0,,RA Jadeja,0,2024
1426292,2024-05-05,2024,Indian Premier League,"Bharat Ratna Shri Atal Bihari Vajpayee Ekana Cricket Stadium, Lucknow",Lucknow,Kolkata Knight Riders,Lucknow Super Giants,Lucknow Super Giants,field,Kolkata Knight Riders,98.0,,SP Narine,0,2024
1426293,2024-05-06,2024,Indian Premier League,"Wankhede Stadium, Mumbai",Mumbai,Sunrisers Hyderabad,Mumbai Indians,Mumbai Indians,field,Mumbai Indians,,7.0,SA Yadav,1,2024
1426294,2024-05-07,2024,Indian Premier League,"Arun Jaitley Stadium, Delhi",Delhi,Delhi Capitals,Rajasthan Royals,Rajasthan Royals,field,Delhi Capitals,20.0,,Kuldeep Yadav,0,2024
1426295,2024-05-08,2024,Indian Premier League,"Rajiv Gandhi International Stadium, Uppal, Hyderabad",Hyderabad,Lucknow Super Giants,Sunrisers Hyderabad,Lucknow Super Giants,bat,Sunrisers Hyderabad,,10.0,TM Head,0,2024
1426296,2024-05-09,2024,Indian Premier League,"Himachal Pradesh Cricket Association Stadium, Dharamsala",Dharamsala,Royal Challengers Bengaluru,Punjab Kings,Punjab Kings,field,Royal Challengers Bengaluru,60.0,,V Kohli,0,2024
1426297,2024-05-10,2024,Indian Premier League,"Narendra Modi Stadium, Ahmedabad",Ahmedabad,Gujarat Titans,Chennai Super Kings,Chennai Super Kings,field,Gujarat Titans,35.0,,Shubman Gill,0,2024
1426298,2024-05-11,2024,Indian Premier League,"Eden Gardens, Kolkata",Kolkata,Kolkata Knight Riders,Mumbai Indians,Mumbai Indians,field,Kolkata Knight Riders,18.0,,CV Varun,0,2024
1426299,2024-05-12,2024,Indian Premier League,"MA Chidambaram Stadium, Chepauk, Chennai",Chennai,Rajasthan Royals,Chennai Super Kings,Rajasthan Royals,bat,Chennai Super Kings,,5.0,Simarjeet Singh,0,2024
1426300,2024-05-12,2024,Indian Premier League,"M Chinnaswamy Stadium, Bengaluru",Bengaluru,Royal Challengers Bengaluru,Delhi Capitals,Delhi Capitals,field,Royal Challengers Bengaluru,47.0,,C Green,0,2024
1426302,2024-05-14,2024,Indian Premier League,"Arun Jaitley Stadium, Delhi",Delhi,Delhi Capitals,Lucknow Super Giants,Lucknow Super Giants,field,Delhi Capitals,19.0,,I Sharma,0,2024
1426303,2024-05-15,2024,Indian Premier League,"Barsapara Cricket Stadium, Guwahati",Guwahati,Rajasthan Royals,Punjab Kings,Rajasthan Royals,bat,Punjab Kings,,5.0,SM Curran,0,2024
1426305,2024-05-17,2024,Indian Premier League,"Wankhede Stadium, Mumbai",Mumbai,Lucknow Super Giants,Mumbai Indians,Mumbai Indians,field,Lucknow Super Giants,18.0,,N Pooran,0,2024
1426306,2024-05-18,2024,Indian Premier League,"M Chinnaswamy Stadium, Bengaluru",Bengaluru,Royal Challengers Bengaluru,Chennai Super Kings,Chennai Super Kings,field,Royal Challengers Bengaluru,27.0,,F du Plessis,0,2024
1426307,2024-05-19,2024,Indian Premier League,"Rajiv Gandhi International Stadium, Uppal, Hyderabad",Hyderabad,Punjab Kings,Sunrisers Hyderabad,Punjab Kings,bat,Sunrisers Hyderabad,,4.0,Abhishek Sharma,0,2024
1426309,2024-05-21,2024,Indian Premier League,"Narendra Modi Stadium, Ahmedabad",Ahmedabad,Sunrisers Hyderabad,Kolkata Knight Riders,Sunrisers Hyderabad,bat,Kolkata Knight Riders,,8.0,MA Starc,0,2024
1426310,2024-05-22,2024,Indian Premier League,"Narendra Modi Stadium, Ahmedabad",Ahmedabad,Royal Challengers Bengaluru,Rajasthan Royals,Rajasthan Royals,field,Rajasthan Royals,,4.0,R Ashwin,1,2024
1426311,2024-05-24,2024,Indian Premier League,"MA Chidambaram Stadium, Chepauk, Chennai",Chennai,Sunrisers Hyderabad,Rajasthan Royals,Rajasthan Royals,field,Sunrisers Hyderabad,36.0,,Shahbaz Ahmed,0,2024
1426312,2024-05-26,2024,Indian Premier League,"MA Chidambaram Stadium, Chepauk, Chennai",Chennai,Sunrisers Hyderabad,Kolkata Knight Riders,Sunrisers Hyderabad,bat,Kolkata Knight Riders,,8.0,MA Starc,0,2024
1473438,2025-03-22,2025,Indian Premier League,"Eden Gardens, Kolkata",Kolkata,Kolkata Knight Riders,Royal Challengers Bengaluru,Royal Challengers Bengaluru,field,Royal Challengers Bengaluru,,7.0,KH Pandya,1,2025
1473439,2025-03-23,2025,Indian Premier League,"Rajiv Gandhi International Stadium, Uppal, Hyderabad",Hyderabad,Sunrisers Hyderabad,Rajasthan Royals,Rajasthan Royals,field,Sunrisers Hyderabad,44.0,,Ishan Kishan,0,2025
1473440,2025-03-23,2025,Indian Premier League,"MA Chidambaram Stadium, Chepauk, Chennai",Chennai,Mumbai Indians,Chennai Super Kings,Chennai Super Kings,field,Chennai Super Kings,,4.0,Noor Ahmad,1,2025
1473441,2025-03-24,2025,Indian Premier League,"Dr. Y.S. Rajasekhara Reddy ACA-VDCA Cricket Stadium, Visakhapatnam",Visakhapatnam,Lucknow Super Giants,Delhi Capitals,Delhi Capitals,field,Delhi Capitals,,1.0,Ashutosh Sharma,1,2025
1473442,2025-03-25,2025,Indian Premier League,"Narendra Modi Stadium, Ahmedabad",Ahmedabad,Punjab Kings,Gujarat Titans,Gujarat Titans,field,Punjab Kings,11.0,,SS Iyer,0,2025
1473443,2025-03-26,2025,Indian Premier League,"Barsapara Cricket Stadium, Guwahati",Guwahati,Rajasthan Royals,Kolkata Knight Riders,Kolkata Knight Riders,field,Kolkata Knight Riders,,8.0,Q de Kock,1,2025
1473444,2025-03-27,2025,Indian Premier League,"Rajiv Gandhi International Stadium, Uppal, Hyderabad",Hyderabad,Sunrisers Hyderabad,Lucknow Super Giants,Lucknow Super Giants,field,Lucknow Super Giants,,5.0,SN Thakur,1,2025
1473445,2025-03-28,2025,Indian Premier League,"MA Chidambaram Stadium, Chepauk, Chennai",Chennai,Royal Challengers Bengaluru,Chennai Super Kings,Chennai Super Kings,field,Royal Challengers Bengaluru,50.0,,RM Patidar,0,2025
1473446,2025-03-29,2025,Indian Premier League,"Narendra Modi Stadium, Ahmedabad",Ahmedabad,Gujarat Titans,Mumbai Indians,Mumbai Indians,field,Gujarat Titans,36.0,,M Prasidh Krishna,0,2025
1473447,2025-03-30,2025,Indian Premier League,"Dr. Y.S. Rajasekhara Reddy ACA-VDCA Cricket Stadium, Visakhapatnam",Visakhapatnam,Sunrisers Hyderabad,Delhi Capitals,Sunrisers Hyderabad,bat,Delhi Capitals,,7.0,MA Starc,0,2025
1473448,2025-03-30,2025,Indian Premier League,"Barsapara Cricket Stadium, Guwahati",Guwahati,Rajasthan Royals,Chennai Super Kings,Chennai Super Kings,field,Rajasthan Royals,6.0,,N Rana,0,2025
1473449,2025-03-31,2025,Indian Premier League,"Wankhede Stadium, Mumbai",Mumbai,Kolkata Knight Riders,Mumbai Indians,Mumbai Indians,field,Mumbai Indians,,8.0,Ashwani Kumar,1,2025
1473450,2025-04-01,2025,Indian Premier League,"Bharat Ratna Shri Atal Bihari Vajpayee Ekana Cricket Stadium, Lucknow",Lucknow,Lucknow Super Giants,Punjab Kings,Punjab Kings,field,Punjab Kings,,8.0,P Simran Singh,1,2025
1473451,2025-04-02,2025,Indian Premier League,"M Chinnaswamy Stadium, Bengaluru",Bengaluru,Royal Challengers Bengaluru,Gujarat Titans,Gujarat Titans,field,Gujarat Titans,,8.0,Mohammed Siraj,1,2025
1473452,2025-04-03,2025,Indian Premier League,"Eden Gardens, Kolkata",Kolkata,Kolkata Knight Riders,Sunrisers Hyderabad,Sunrisers Hyderabad,field,Kolkata Knight Riders,80.0,,VG Arora,0,2025
1473453,2025-04-04,2025,Indian Premier League,"Bharat Ratna Shri Atal Bihari Vajpayee Ekana Cricket Stadium, Lucknow",Lucknow,Lucknow Super Giants,Mumbai Indians,Mumbai Indians,field,Lucknow Super Giants,12.0,,DS Rathi,0,2025
1473454,2025-04-05,2025,Indian Premier League,"MA Chidambaram Stadium, Chepauk, Chennai",Chennai,Delhi Capitals,Chennai Super Kings,Delhi Capitals,bat,Delhi Capitals,25.0,,KL Rahul,1,2025
1473455,2025-04-05,2025,Indian Premier League,"Maharaja Yadavindra Singh International Cricket Stadium, Mullanpur",Mohali,Rajasthan Royals,Punjab Kings,Punjab Kings,field,Rajasthan Royals,50.0,,JC Archer,0,2025
1473456,2025-04-08,2025,Indian Premier League,"Eden Gardens, Kolkata",Kolkata,Lucknow Super Giants,Kolkata Knight Riders,Kolkata Knight Riders,field,Lucknow Super Giants,4.0,,N Pooran,0,2025
1473457,2025-04-06,2025,Indian Premier League,"Rajiv Gandhi International Stadium, Uppal, Hyderabad",Hyderabad,Sunrisers Hyderabad,Gujarat Titans,Gujarat Titans,field,Gujarat Titans,,7.0,Mohammed Siraj,1,2025
1473458,2025-04-07,2025,Indian Premier League,"Wankhede Stadium, Mumbai",Mumbai,Royal Challengers Bengaluru,Mumbai Indians,Mumbai Indians,field,Royal Challengers Bengaluru,12.0,,RM Patidar,0,2025
1473459,2025-04-08,2025,Indian Premier League,"Maharaja Yadavindra Singh International Cricket Stadium, Mullanpur",Mohali,Punjab Kings,Chennai Super Kings,Punjab Kings,bat,Punjab Kings,18.0,,Priyansh Arya,1,2025
1473460,2025-04-09,2025,Indian Premier League,"Narendra Modi Stadium, Ahmedabad",Ahmedabad,Gujarat Titans,Rajasthan Royals,Rajasthan Royals,field,Gujarat Titans,58.0,,B Sai Sudharsan,0,2025
1473461,2025-04-10,2025,Indian Premier League,"M Chinnaswamy Stadium, Bengaluru",Bengaluru,Royal Challengers Bengaluru,Delhi Capitals,Delhi Capitals,field,Delhi Capitals,,6.0,KL Rahul,1,2025
1473462,2025-04-11,2025,Indian Premier League,"MA Chidambaram Stadium, Chepauk, Chennai",Chennai,Chennai Super Kings,Kolkata Knight Riders,Kolkata Knight Riders,field,Kolkata Knight Riders,,8.0,SP Narine,1,2025
1473463,2025-04-12,2025,Indian Premier League,"Bharat Ratna Shri Atal Bihari Vajpayee Ekana Cricket Stadium, Lucknow",Lucknow,Gujarat Titans,Lucknow Super Giants,Lucknow Super Giants,field,Lucknow Super Giants,,6.0,AK Markram,1,2025
1473464,2025-04-12,2025,Indian Premier League,"Rajiv Gandhi International Stadium, Uppal, Hyderabad",Hyderabad,Punjab Kings,Sunrisers Hyderabad,Punjab Kings,bat,Sunrisers Hyderabad,,8.0,Abhishek Sharma,0,2025
1473465,2025-04-13,2025,Indian Premier League,"Sawai Mansingh Stadium, Jaipur",Jaipur,Rajasthan Royals,Royal Challengers Bengaluru,Royal Challengers Bengaluru,field,Royal Challengers Bengaluru,,9.0,PD Salt,1,2025
1473466,2025-04-13,2025,Indian Premier League,"Arun Jaitley Stadium, Delhi",Delhi,Mumbai Indians,Delhi Capitals,Delhi Capitals,field,Mumbai Indians,12.0,,KV Sharma,0,2025
1473467,2025-04-14,2025,Indian Premier League,"Bharat Ratna Shri Atal Bihari Vajpayee Ekana Cricket Stadium, Lucknow",Lucknow,Lucknow Super Giants,Chennai Super Kings,Chennai Super Kings,field,Chennai Super Kings,,5.0,MS Dhoni,1,2025
1473468,2025-04-15,2025,Indian Premier League,"Maharaja Yadavindra Singh International Cricket Stadium, Mullanpur",Mohali,Punjab Kings,Kolkata Knight Riders,Punjab Kings,bat,Punjab Kings,16.0,,YS Chahal,1,2025
1473469,2025-04-16,2025,Indian Premier League,"Arun Jaitley Stadium, Delhi",Delhi,Delhi Capitals,Rajasthan Royals,Rajasthan Royals,field,tie,,,MA Starc,0,2025
1473470,2025-04-17,2025,Indian Premier League,"Wankhede Stadium, Mumbai",Mumbai,Sunrisers Hyderabad,Mumbai Indians,Mumbai Indians,field,Mumbai Indians,,4.0,WG Jacks,1,2025
1473471,2025-04-18,2025,Indian Premier League,"M Chinnaswamy Stadium, Bengaluru",Bengaluru,Royal Challengers Bengaluru,Punjab Kings,Punjab Kings,field,Punjab Kings,,5.0,TH David,1,2025
1473472,2025-04-19,2025,Indian Premier League,"Narendra Modi Stadium, Ahmedabad",Ahmedabad,Delhi Capitals,Gujarat Titans,Gujarat Titans,field,Gujarat Titans,,7.0,JC Buttler,1,2025
1473473,2025-04-19,2025,Indian Premier League,"Sawai Mansingh Stadium, Jaipur",Jaipur,Lucknow Super Giants,Rajasthan Royals,Lucknow Super Giants,bat,Lucknow Super Giants,2.0,,Avesh Khan,1,2025
1473474,2025-04-20,2025,Indian Premier League,"Maharaja Yadavindra Singh International Cricket Stadium, Mullanpur",Mohali,Punjab Kings,Royal Challengers Bengaluru,Royal Challengers Bengaluru,field,Royal Challengers Bengaluru,,7.0,V Kohli,1,2025
1473475,2025-04-20,2025,Indian Premier League,"Wankhede Stadium, Mumbai",Mumbai,Chennai Super Kings,Mumbai Indians,Mumbai Indians,field,Mumbai Indians,,9.0,RG Sharma,1,2025
1473476,2025-04-21,2025,Indian Premier League,"Eden Gardens, Kolkata",Kolkata,Gujarat Titans,Kolkata Knight Riders,Kolkata Knight Riders,field,Gujarat Titans,39.0,,Shubman Gill,0,2025
1473477,2025-04-22,2025,Indian Premier League,"Bharat Ratna Shri Atal Bihari Vajpayee Ekana Cricket Stadium, Lucknow",Lucknow,Lucknow Super Giants,Delhi Capitals,Delhi Capitals,field,Delhi Capitals,,8.0,Mukesh Kumar,1,2025
1473478,2025-04-23,2025,Indian Premier League,"Rajiv Gandhi International Stadium, Uppal, Hyderabad",Hyderabad,Sunrisers Hyderabad,Mumbai Indians,Mumbai Indians,field,Mumbai Indians,,7.0,TA Boult,1,2025
1473479,2025-04-24,2025,Indian Premier League,"M Chinnaswamy Stadium, Bengaluru",Bengaluru,Royal Challengers Bengaluru,Rajasthan Royals,Rajasthan Royals,field,Royal Challengers Bengaluru,11.0,,JR Hazlewood,0,2025
1473480,2025-04-25,2025,Indian Premier League,"MA Chidambaram Stadium, Chepauk, Chennai",Chennai,Chennai Super Kings,Sunrisers Hyderabad,Sunrisers Hyderabad,field,Sunrisers Hyderabad,,5.0,HV Patel,1,2025
1473481,2025-04-26,2025,Indian Premier League,"Eden Gardens, Kolkata",Kolkata,Punjab Kings,Kolkata Knight Riders,Punjab Kings,bat,no result,,,,0,2025
1473482,2025-04-27,2025,Indian Premier League,"Wankhede Stadium, Mumbai",Mumbai,Mumbai Indians,Lucknow Super Giants,Lucknow Super Giants,field,Mumbai Indians,54.0,,WG Jacks,0,2025
1473483,2025-04-27,2025,Indian Premier League,"Arun Jaitley Stadium, Delhi",Delhi,Delhi Capitals,Royal Challengers Bengaluru,Royal Challengers Bengaluru,field,Royal Challengers Bengaluru,,6.0,KH Pandya,1,2025
1473484,2025-04-28,2025,Indian Premier League,"Sawai Mansingh Stadium, Jaipur",Jaipur,Gujarat Titans,Rajasthan Royals,Rajasthan Royals,field,Rajasthan Royals,,8.0,V Suryavanshi,1,2025
1473485,2025-04-29,2025,Indian Premier League,"Arun Jaitley Stadium, Delhi",Delhi,Kolkata Knight Riders,Delhi Capitals,Delhi Capitals,field,Kolkata Knight Riders,14.0,,SP Narine,0,2025
1473486,2025-04-30,2025,Indian Premier League,"MA Chidambaram Stadium, Chepauk, Chennai",Chennai,Chennai Super Kings,Punjab Kings,Punjab Kings,field,Punjab Kings,,4.0,SS Iyer,1,2025
1473487,2025-05-01,2025,Indian Premier League,"Sawai Mansingh Stadium, Jaipur",Jaipur,Mumbai Indians,Rajasthan Royals,Rajasthan Royals,field,Mumbai Indians,100.0,,RD Rickelton,0,2025
1473488,2025-05-02,2025,Indian Premier League,"Narendra Modi Stadium, Ahmedabad",Ahmedabad,Gujarat Titans,Sunrisers Hyderabad,Sunrisers Hyderabad,field,Gujarat Titans,38.0,,M Prasidh Krishna,0,2025
1473489,2025-05-03,2025,Indian Premier League,"M Chinnaswamy Stadium, Bengaluru",Bengaluru,Royal Challengers Bengaluru,Chennai Super Kings,Chennai Super Kings,field,Royal Challengers Bengaluru,2.0,,R Shepherd,0,2025
1473490,2025-05-04,2025,Indian Premier League,"Eden Gardens, Kolkata",Kolkata,Kolkata Knight Riders,Rajasthan Royals,Kolkata Knight Riders,bat,Kolkata Knight Riders,1.0,,AD Russell,1,2025
1473491,2025-05-04,2025,Indian Premier League,"Himachal Pradesh Cricket Association Stadium, Dharamsala",Dharamsala,Punjab Kings,Lucknow Super Giants,Lucknow Super Giants,field,Punjab Kings,37.0,,P Simran Singh,0,2025
1473492,2025-05-05,2025,Indian Premier League,"Rajiv Gandhi International Stadium, Uppal, Hyderabad",Hyderabad,Delhi Capitals,Sunrisers Hyderabad,Sunrisers Hyderabad,field,no result,,,,0,2025
1473493,2025-05-06,2025,Indian Premier League,"Wankhede Stadium, Mumbai",Mumbai,Mumbai Indians,Gujarat Titans,Gujarat Titans,field,Gujarat Titans,,3.0,Shubman Gill,1,2025
1473494,2025-05-07,2025,Indian Premier League,"Eden Gardens, Kolkata",Kolkata,Kolkata Knight Riders,Chennai Super Kings,Kolkata Knight Riders,bat,Chennai Super Kings,,2.0,Noor Ahmad,0,2025
1473495,2025-05-08,2025,Indian Premier League,"Himachal Pradesh Cricket Association Stadium, Dharamsala",Dharamsala,Punjab Kings,Delhi Capitals,Punjab Kings,bat,no result,,,,0,2025
1473497,2025-05-18,2025,Indian Premier League,"Sawai Mansingh Stadium, Jaipur",Jaipur,Punjab Kings,Rajasthan Royals,Punjab Kings,bat,Punjab Kings,10.0,,Harpreet Brar,1,2025
1473498,2025-05-18,2025,Indian Premier League,"Arun Jaitley Stadium, Delhi",Delhi,Delhi Capitals,Gujarat Titans,Gujarat Titans,field,Gujarat Titans,,10.0,B Sai Sudharsan,1,2025
1473499,2025-05-19,2025,Indian Premier League,"Bharat Ratna Shri Atal Bihari Vajpayee Ekana Cricket Stadium, Lucknow",Lucknow,Lucknow Super Giants,Sunrisers Hyderabad,Sunrisers Hyderabad,field,Sunrisers Hyderabad,,6.0,Abhishek Sharma,1,2025
1473500,2025-05-20,2025,Indian Premier League,"Arun Jaitley Stadium, Delhi",Delhi,Chennai Super Kings,Rajasthan Royals,Rajasthan Royals,field,Rajasthan Royals,,6.0,Akash Madhwal,1,2025
1473501,2025-05-21,2025,Indian Premier League,"Wankhede Stadium, Mumbai",Mumbai,Mumbai Indians,Delhi Capitals,Delhi Capitals,field,Mumbai Indians,59.0,,SA Yadav,0,2025
1473502,2025-05-22,2025,Indian Premier League,"Narendra Modi Stadium, Ahmedabad",Ahmedabad,Lucknow Super Giants,Gujarat Titans,Gujarat Titans,field,Lucknow Super Giants,33.0,,MR Marsh,0,2025
1473503,2025-05-23,2025,Indian Premier League,"Bharat Ratna Shri Atal Bihari Vajpayee Ekana Cricket Stadium, Lucknow",Lucknow,Sunrisers Hyderabad,Royal Challengers Bengaluru,Royal Challengers Bengaluru,field,Sunrisers Hyderabad,42.0,,Ishan Kishan,0,2025
1473504,2025-05-25,2025,Indian Premier League,"Narendra Modi Stadium, Ahmedabad",Ahmedabad,Chennai Super Kings,Gujarat Titans,Chennai Super Kings,bat,Chennai Super Kings,83.0,,D Brevis,1,2025
1473505,2025-05-25,2025,Indian Premier League,"Arun Jaitley Stadium, Delhi",Delhi,Sunrisers Hyderabad,Kolkata Knight Riders,Sunrisers Hyderabad,bat,Sunrisers Hyderabad,110.0,,H Klaasen,1,2025
1473506,2025-05-26,2025,Indian Premier League,"Sawai Mansingh Stadium, Jaipur",Jaipur,Mumbai Indians,Punjab Kings,Punjab Kings,field,Punjab Kings,,7.0,JP Inglis,1,2025
1473507,2025-05-27,2025,Indian Premier League,"Bharat Ratna Shri Atal Bihari Vajpayee Ekana Cricket Stadium, Lucknow",Lucknow,Lucknow Super Giants,Royal Challengers Bengaluru,Royal Challengers Bengaluru,field,Royal Challengers Bengaluru,,6.0,JM Sharma,1,2025
1473508,2025-05-29,2025,Indian Premier League,"Maharaja Yadavindra Singh International Cricket Stadium, Mullanpur",New Chandigarh,Punjab Kings,Royal Challengers Bengaluru,Royal Challengers Bengaluru,field,Royal Challengers Bengaluru,,8.0,Suyash Sharma,1,2025
1473509,2025-05-30,2025,Indian Premier League,"Maharaja Yadavindra Singh International Cricket Stadium, New Chandigarh",New Chandigarh,Mumbai Indians,Gujarat Titans,Mumbai Indians,bat,Mumbai Indians,20.0,,RG Sharma,1,2025
1473510,2025-06-01,2025,Indian Premier League,"Narendra Modi Stadium, Ahmedabad",Ahmedabad,Mumbai Indians,Punjab Kings,Punjab Kings,field,Punjab Kings,,5.0,SS Iyer,1,2025
1473511,2025-06-03,2025,Indian Premier League,"Narendra Modi Stadium, Ahmedabad",Ahmedabad,Royal Challengers Bengaluru,Punjab Kings,Punjab Kings,field,Royal Challengers Bengaluru,6.0,,KH Pandya,0,2025
1485779,2025-05-24,2025,Indian Premier League,"Sawai Mansingh Stadium, Jaipur",Jaipur,Punjab Kings,Delhi Capitals,Delhi Capitals,field,Delhi Capitals,,6.0,Sameer Rizvi,1,2025
335982,2008-04-18,2007/08,Indian Premier League,M Chinnaswamy Stadium,Bangalore,Royal Challengers Bangalore,Kolkata Knight Riders,Royal Challengers Bangalore,field,Kolkata Knight Riders,140.0,,BB McCullum,0,2007
335983,2008-04-19,2007/08,Indian Premier League,"Punjab Cricket Association Stadium, Mohali",Chandigarh,Kings XI Punjab,Chennai Super Kings,Chennai Super Kings,bat,Chennai Super Kings,33.0,,MEK Hussey,1,2007
335984,2008-04-19,2007/08,Indian Premier League,Feroz Shah Kotla,Delhi,Delhi Daredevils,Rajasthan Royals,Rajasthan Royals,bat,Delhi Daredevils,,9.0,MF Maharoof,0,2007
335985,2008-04-20,2007/08,Indian Premier League,Wankhede Stadium,Mumbai,Mumbai Indians,Royal Challengers Bangalore,Mumbai Indians,bat,Royal Challengers Bangalore,,5.0,MV Boucher,0,2007
335986,2008-04-20,2007/08,Indian Premier League,Eden Gardens,Kolkata,Kolkata Knight Riders,Deccan Chargers,Deccan Chargers,bat,Kolkata Knight Riders,,5.0,DJ Hussey,0,2007
335987,2008-04-21,2007/08,Indian Premier League,Sawai Mansingh Stadium,Jaipur,Rajasthan Royals,Kings XI Punjab,Kings XI Punjab,bat,Rajasthan Royals,,6.0,SR Watson,0,2007
335988,2008-04-22,2007/08,Indian Premier League,"Rajiv Gandhi International Stadium, Uppal",Hyderabad,Deccan Chargers,Delhi Daredevils,Deccan Chargers,bat,Delhi Daredevils,,9.0,V Sehwag,0,2007
335989,2008-04-23,2007/08,Indian Premier League,"MA Chidambaram Stadium, Chepauk",Chennai,Chennai Super Kings,Mumbai Indians,Mumbai Indians,field,Chennai Super Kings,6.0,,ML Hayden,0,2007
335990,2008-04-24,2007/08,Indian Premier League,"Rajiv Gandhi International Stadium, Uppal",Hyderabad,Deccan Chargers,Rajasthan Royals,Rajasthan Royals,field,Rajasthan Royals,,3.0,YK Pathan,1,2007
335991,2008-04-25,2007/08,Indian Premier League,"Punjab Cricket Association Stadium, Mohali",Chandigarh,Kings XI Punjab,Mumbai Indians,Mumbai Indians,field,Kings XI Punjab,66.0,,KC Sangakkara,0,2007
335992,2008-04-26,2007/08,Indian Premier League,M Chinnaswamy Stadium,Bangalore,Royal Challengers Bangalore,Rajasthan Royals,Rajasthan Royals,field,Rajasthan Royals,,7.0,SR Watson,1,2007
335993,2008-04-26,2007/08,Indian Premier League,"MA Chidambaram Stadium, Chepauk",Chennai,Chennai Super Kings,Kolkata Knight Riders,Kolkata Knight Riders,bat,Chennai Super Kings,,9.0,JDP Oram,0,2007
335994,2008-04-27,2007/08,Indian Premier League,Dr DY Patil Sports Academy,Mumbai,Mumbai Indians,Deccan Chargers,Deccan Chargers,field,Deccan Chargers,,10.0,AC Gilchrist,1,2007
335995,2008-04-27,2007/08,Indian Premier League,"Punjab Cricket Association Stadium, Mohali",Chandigarh,Kings XI Punjab,Delhi Daredevils,Delhi Daredevils,bat,Kings XI Punjab,,4.0,SM Katich,0,2007
335996,2008-04-28,2007/08,Indian Premier League,M Chinnaswamy Stadium,Bangalore,Royal Challengers Bangalore,Chennai Super Kings,Chennai Super Kings,bat,Chennai Super Kings,13.0,,MS Dhoni,1,2007
335997,2008-04-29,2007/08,Indian Premier League,Eden Gardens,Kolkata,Kolkata Knight Riders,Mumbai Indians,Kolkata Knight Riders,bat,Mumbai Indians,,7.0,ST Jayasuriya,0,2007
335998,2008-04-30,2007/08,Indian Premier League,Feroz Shah Kotla,Delhi,Delhi Daredevils,Royal Challengers Bangalore,Royal Challengers Bangalore,field,Delhi Daredevils,10.0,,GD McGrath,0,2007
335999,2008-05-01,2007/08,Indian Premier League,"Rajiv Gandhi International Stadium, Uppal",Hyderabad,Deccan Chargers,Kings XI Punjab,Kings XI Punjab,field,Kings XI Punjab,,7.0,SE Marsh,1,2007
336000,2008-05-01,2007/08,Indian Premier League,Sawai Mansingh Stadium,Jaipur,Rajasthan Royals,Kolkata Knight Riders,Rajasthan Royals,bat,Rajasthan Royals,45.0,,SA Asnodkar,1,2007
336001,2008-05-02,2007/08,Indian Premier League,"MA Chidambaram Stadium, Chepauk",Chennai,Chennai Super Kings,Delhi Daredevils,Chennai Super Kings,bat,Delhi Daredevils,,8.0,V Sehwag,0,2007
336002,2008-05-25,2007/08,Indian Premier League,"Rajiv Gandhi International Stadium, Uppal",Hyderabad,Deccan Chargers,Royal Challengers Bangalore,Deccan Chargers,bat,Royal Challengers Bangalore,,5.0,R Vinay Kumar,0,2007
336003,2008-05-03,2007/08,Indian Premier League,"Punjab Cricket Association Stadium, Mohali",Chandigarh,Kings XI Punjab,Kolkata Knight Riders,Kings XI Punjab,bat,Kings XI Punjab,9.0,,IK Pathan,1,2007
336004,2008-05-04,2007/08,Indian Premier League,Dr DY Patil Sports Academy,Mumbai,Mumbai Indians,Delhi Daredevils,Delhi Daredevils,field,Mumbai Indians,29.0,,SM Pollock,0,2007
336005,2008-05-04,2007/08,Indian Premier League,Sawai Mansingh Stadium,Jaipur,Rajasthan Royals,Chennai Super Kings,Chennai Super Kings,bat,Rajasthan Royals,,8.0,Sohail Tanvir,0,2007
336006,2008-05-05,2007/08,Indian Premier League,M Chinnaswamy Stadium,Bangalore,Royal Challengers Bangalore,Kings XI Punjab,Kings XI Punjab,field,Kings XI Punjab,,6.0,S Sreesanth,1,2007
336007,2008-05-06,2007/08,Indian Premier League,"MA Chidambaram Stadium, Chepauk",Chennai,Chennai Super Kings,Deccan Chargers,Deccan Chargers,field,Deccan Chargers,,7.0,AC Gilchrist,1,2007
336008,2008-05-07,2007/08,Indian Premier League,Dr DY Patil Sports Academy,Mumbai,Mumbai Indians,Rajasthan Royals,Mumbai Indians,field,Mumbai Indians,,7.0,A Nehra,1,2007
336009,2008-05-08,2007/08,Indian Premier League,Feroz Shah Kotla,Delhi,Delhi Daredevils,Chennai Super Kings,Chennai Super Kings,field,Chennai Super Kings,,4.0,MS Dhoni,1,2007
336010,2008-05-08,2007/08,Indian Premier League,Eden Gardens,Kolkata,Kolkata Knight Riders,Royal Challengers Bangalore,Kolkata Knight Riders,bat,Kolkata Knight Riders,5.0,,SC Ganguly,1,2007
336011,2008-05-09,2007/08,Indian Premier League,Sawai Mansingh Stadium,Jaipur,Rajasthan Royals,Deccan Chargers,Rajasthan Royals,field,Rajasthan Royals,,8.0,YK Pathan,1,2007
336012,2008-05-28,2007/08,Indian Premier League,M Chinnaswamy Stadium,Bangalore,Royal Challengers Bangalore,Mumbai Indians,Mumbai Indians,field,Mumbai Indians,,9.0,CRD Fernando,1,2007
336013,2008-05-10,2007/08,Indian Premier League,"MA Chidambaram Stadium, Chepauk",Chennai,Chennai Super Kings,Kings XI Punjab,Kings XI Punjab,field,Chennai Super Kings,18.0,,L Balaji,0,2007
336014,2008-05-11,2007/08,Indian Premier League,"Rajiv Gandhi International Stadium, Uppal",Hyderabad,Deccan Chargers,Kolkata Knight Riders,Kolkata Knight Riders,bat,Kolkata Knight Riders,23.0,,SC Ganguly,1,2007
336015,2008-05-11,2007/08,Indian Premier League,Sawai Mansingh Stadium,Jaipur,Rajasthan Royals,Delhi Daredevils,Rajasthan Royals,field,Rajasthan Royals,,3.0,SR Watson,1,2007
336016,2008-05-12,2007/08,Indian Premier League,"Punjab Cricket Association Stadium, Mohali",Chandigarh,Kings XI Punjab,Royal Challengers Bangalore,Royal Challengers Bangalore,bat,Kings XI Punjab,,9.0,SE Marsh,0,2007
336017,2008-05-13,2007/08,Indian Premier League,Eden Gardens,Kolkata,Kolkata Knight Riders,Delhi Daredevils,Kolkata Knight Riders,bat,Kolkata Knight Riders,23.0,,Shoaib Akhtar,1,2007
336018,2008-05-14,2007/08,Indian Premier League,Wankhede Stadium,Mumbai,Mumbai Indians,Chennai Super Kings,Mumbai Indians,field,Mumbai Indians,,9.0,ST Jayasuriya,1,2007
336019,2008-05-28,2007/08,Indian Premier League,"Punjab Cricket Association Stadium, Mohali",Chandigarh,Kings XI Punjab,Rajasthan Royals,Rajasthan Royals,field,Kings XI Punjab,41.0,,SE Marsh,0,2007
336020,2008-05-15,2007/08,Indian Premier League,Feroz Shah Kotla,Delhi,Delhi Daredevils,Deccan Chargers,Deccan Chargers,field,Delhi Daredevils,12.0,,A Mishra,0,2007
336021,2008-05-16,2007/08,Indian Premier League,Wankhede Stadium,Mumbai,Mumbai Indians,Kolkata Knight Riders,Mumbai Indians,field,Mumbai Indians,,8.0,SM Pollock,1,2007
336022,2008-05-17,2007/08,Indian Premier League,Feroz Shah Kotla,Delhi,Delhi Daredevils,Kings XI Punjab,Delhi Daredevils,bat,Kings XI Punjab,6.0,,DPMD Jayawardene,0,2007
336023,2008-05-17,2007/08,Indian Premier League,Sawai Mansingh Stadium,Jaipur,Rajasthan Royals,Royal Challengers Bangalore,Royal Challengers Bangalore,field,Rajasthan Royals,65.0,,GC Smith,0,2007
336024,2008-05-18,2007/08,Indian Premier League,"Rajiv Gandhi International Stadium, Uppal",Hyderabad,Deccan Chargers,Mumbai Indians,Deccan Chargers,field,Mumbai Indians,25.0,,DJ Bravo,0,2007
336025,2008-05-18,2007/08,Indian Premier League,Eden Gardens,Kolkata,Kolkata Knight Riders,Chennai Super Kings,Kolkata Knight Riders,bat,Chennai Super Kings,3.0,,M Ntini,0,2007
336026,2008-05-19,2007/08,Indian Premier League,M Chinnaswamy Stadium,Bangalore,Royal Challengers Bangalore,Delhi Daredevils,Delhi Daredevils,field,Delhi Daredevils,,5.0,SP Goswami,1,2007
336027,2008-05-20,2007/08,Indian Premier League,Eden Gardens,Kolkata,Kolkata Knight Riders,Rajasthan Royals,Rajasthan Royals,field,Rajasthan Royals,,6.0,YK Pathan,1,2007
336028,2008-05-21,2007/08,Indian Premier League,Wankhede Stadium,Mumbai,Mumbai Indians,Kings XI Punjab,Mumbai Indians,field,Kings XI Punjab,1.0,,SE Marsh,0,2007
336029,2008-05-21,2007/08,Indian Premier League,"MA Chidambaram Stadium, Chepauk",Chennai,Chennai Super Kings,Royal Challengers Bangalore,Royal Challengers Bangalore,bat,Royal Challengers Bangalore,14.0,,A Kumble,1,2007
336031,2008-05-23,2007/08,Indian Premier League,"Punjab Cricket Association Stadium, Mohali",Chandigarh,Kings XI Punjab,Deccan Chargers,Kings XI Punjab,field,Kings XI Punjab,,6.0,SE Marsh,1,2007
336032,2008-05-24,2007/08,Indian Premier League,Feroz Shah Kotla,Delhi,Delhi Daredevils,Mumbai Indians,Delhi Daredevils,field,Delhi Daredevils,,5.0,KD Karthik,1,2007
336033,2008-05-24,2007/08,Indian Premier League,"MA Chidambaram Stadium, Chepauk",Chennai,Chennai Super Kings,Rajasthan Royals,Rajasthan Royals,bat,Rajasthan Royals,10.0,,JA Morkel,1,2007
336034,2008-05-03,2007/08,Indian Premier League,M Chinnaswamy Stadium,Bangalore,Royal Challengers Bangalore,Deccan Chargers,Deccan Chargers,field,Royal Challengers Bangalore,3.0,,P Kumar,0,2007
336035,2008-05-25,2007/08,Indian Premier League,Eden Gardens,Kolkata,Kolkata Knight Riders,Kings XI Punjab,Kings XI Punjab,bat,Kolkata Knight Riders,,3.0,Umar Gul,0,2007
336036,2008-05-26,2007/08,Indian Premier League,Sawai Mansingh Stadium,Jaipur,Rajasthan Royals,Mumbai Indians,Rajasthan Royals,field,Rajasthan Royals,,5.0,Sohail Tanvir,1,2007
336037,2008-05-27,2007/08,Indian Premier League,"Rajiv Gandhi International Stadium, Uppal",Hyderabad,Deccan Chargers,Chennai Super Kings,Deccan Chargers,bat,Chennai Super Kings,,7.0,SK Raina,0,2007
336038,2008-05-30,2007/08,Indian Premier League,Wankhede Stadium,Mumbai,Delhi Daredevils,Rajasthan Royals,Delhi Daredevils,field,Rajasthan Royals,105.0,,SR Watson,0,2007
336039,2008-05-31,2007/08,Indian Premier League,Wankhede Stadium,Mumbai,Chennai Super Kings,Kings XI Punjab,Kings XI Punjab,bat,Chennai Super Kings,,9.0,M Ntini,0,2007
336040,2008-06-01,2007/08,Indian Premier League,Dr DY Patil Sports Academy,Mumbai,Chennai Super Kings,Rajasthan Royals,Rajasthan Royals,field,Rajasthan Royals,,3.0,YK Pathan,1,2007
392181,2009-04-18,2009,Indian Premier League,Newlands,Cape Town,Chennai Super Kings,Mumbai Indians,Chennai Super Kings,field,Mumbai Indians,19.0,,SR Tendulkar,0,2009
392182,2009-04-18,2009,Indian Premier League,Newlands,Cape Town,Royal Challengers Bangalore,Rajasthan Royals,Royal Challengers Bangalore,bat,Royal Challengers Bangalore,75.0,,R Dravid,1,2009
392183,2009-04-19,2009,Indian Premier League,Newlands,Cape Town,Delhi Daredevils,Kings XI Punjab,Delhi Daredevils,field,Delhi Daredevils,,10.0,DL Vettori,1,2009
392184,2009-04-19,2009,Indian Premier League,Newlands,Cape Town,Deccan Chargers,Kolkata Knight Riders,Kolkata Knight Riders,bat,Deccan Chargers,,8.0,RP Singh,0,2009
392185,2009-04-20,2009,Indian Premier League,St George's Park,Port Elizabeth,Royal Challengers Bangalore,Chennai Super Kings,Chennai Super Kings,bat,Chennai Super Kings,92.0,,M Muralitharan,1,2009
392186,2009-04-21,2009,Indian Premier League,Kingsmead,Durban,Kings XI Punjab,Kolkata Knight Riders,Kolkata Knight Riders,field,Kolkata Knight Riders,11.0,,CH Gayle,1,2009
392188,2009-04-22,2009,Indian Premier League,Newlands,Cape Town,Royal Challengers Bangalore,Deccan Chargers,Deccan Chargers,bat,Deccan Chargers,24.0,,AC Gilchrist,1,2009
392189,2009-04-23,2009,Indian Premier League,Kingsmead,Durban,Chennai Super Kings,Delhi Daredevils,Delhi Daredevils,bat,Delhi Daredevils,9.0,,AB de Villiers,1,2009
392190,2009-04-23,2009,Indian Premier League,Newlands,Cape Town,Kolkata Knight Riders,Rajasthan Royals,Kolkata Knight Riders,field,tie,,,YK Pathan,0,2009
392191,2009-04-24,2009,Indian Premier League,Kingsmead,Durban,Royal Challengers Bangalore,Kings XI Punjab,Royal Challengers Bangalore,bat,Kings XI Punjab,,7.0,RS Bopara,0,2009
392192,2009-04-25,2009,Indian Premier League,Kingsmead,Durban,Deccan Chargers,Mumbai Indians,Deccan Chargers,bat,Deccan Chargers,12.0,,PP Ojha,1,2009
392194,2009-04-26,2009,Indian Premier League,St George's Park,Port Elizabeth,Royal Challengers Bangalore,Delhi Daredevils,Royal Challengers Bangalore,bat,Delhi Daredevils,,6.0,TM Dilshan,0,2009
392195,2009-04-26,2009,Indian Premier League,Newlands,Cape Town,Kings XI Punjab,Rajasthan Royals,Kings XI Punjab,bat,Kings XI Punjab,27.0,,KC Sangakkara,1,2009
392196,2009-04-27,2009,Indian Premier League,Kingsmead,Durban,Chennai Super Kings,Deccan Chargers,Deccan Chargers,field,Deccan Chargers,,6.0,HH Gibbs,1,2009
392197,2009-04-27,2009,Indian Premier League,St George's Park,Port Elizabeth,Kolkata Knight Riders,Mumbai Indians,Mumbai Indians,bat,Mumbai Indians,92.0,,SR Tendulkar,1,2009
392198,2009-04-28,2009,Indian Premier League,SuperSport Park,Centurion,Delhi Daredevils,Rajasthan Royals,Delhi Daredevils,bat,Rajasthan Royals,,5.0,YK Pathan,0,2009
392199,2009-04-29,2009,Indian Premier League,Kingsmead,Durban,Royal Challengers Bangalore,Kolkata Knight Riders,Kolkata Knight Riders,bat,Royal Challengers Bangalore,,5.0,MV Boucher,0,2009
392200,2009-04-29,2009,Indian Premier League,Kingsmead,Durban,Kings XI Punjab,Mumbai Indians,Kings XI Punjab,bat,Kings XI Punjab,3.0,,KC Sangakkara,1,2009
392201,2009-04-30,2009,Indian Premier League,SuperSport Park,Centurion,Deccan Chargers,Delhi Daredevils,Delhi Daredevils,field,Delhi Daredevils,,6.0,DP Nannes,1,2009
392202,2009-04-30,2009,Indian Premier League,SuperSport Park,Centurion,Chennai Super Kings,Rajasthan Royals,Rajasthan Royals,field,Chennai Super Kings,38.0,,SK Raina,0,2009
392203,2009-05-01,2009,Indian Premier League,Buffalo Park,East London,Kolkata Knight Riders,Mumbai Indians,Mumbai Indians,bat,Mumbai Indians,9.0,,JP Duminy,1,2009
392204,2009-05-01,2009,Indian Premier League,Kingsmead,Durban,Royal Challengers Bangalore,Kings XI Punjab,Royal Challengers Bangalore,bat,Royal Challengers Bangalore,8.0,,Yuvraj Singh,1,2009
392205,2009-05-02,2009,Indian Premier League,St George's Park,Port Elizabeth,Deccan Chargers,Rajasthan Royals,Deccan Chargers,bat,Rajasthan Royals,,3.0,YK Pathan,0,2009
392206,2009-05-02,2009,Indian Premier League,New Wanderers Stadium,Johannesburg,Chennai Super Kings,Delhi Daredevils,Delhi Daredevils,field,Chennai Super Kings,18.0,,SB Jakati,0,2009
392207,2009-05-03,2009,Indian Premier League,St George's Park,Port Elizabeth,Kings XI Punjab,Kolkata Knight Riders,Kolkata Knight Riders,bat,Kings XI Punjab,,6.0,DPMD Jayawardene,0,2009
392208,2009-05-03,2009,Indian Premier League,New Wanderers Stadium,Johannesburg,Royal Challengers Bangalore,Mumbai Indians,Mumbai Indians,bat,Royal Challengers Bangalore,,9.0,JH Kallis,0,2009
392209,2009-05-04,2009,Indian Premier League,Buffalo Park,East London,Chennai Super Kings,Deccan Chargers,Chennai Super Kings,bat,Chennai Super Kings,78.0,,MS Dhoni,1,2009
392210,2009-05-05,2009,Indian Premier League,Kingsmead,Durban,Kings XI Punjab,Rajasthan Royals,Kings XI Punjab,field,Rajasthan Royals,78.0,,GC Smith,0,2009
392211,2009-05-05,2009,Indian Premier League,Kingsmead,Durban,Delhi Daredevils,Kolkata Knight Riders,Kolkata Knight Riders,bat,Delhi Daredevils,,9.0,G Gambhir,0,2009
392212,2009-05-06,2009,Indian Premier League,SuperSport Park,Centurion,Deccan Chargers,Mumbai Indians,Deccan Chargers,bat,Deccan Chargers,19.0,,RG Sharma,1,2009
392213,2009-05-07,2009,Indian Premier League,SuperSport Park,Centurion,Royal Challengers Bangalore,Rajasthan Royals,Rajasthan Royals,field,Rajasthan Royals,,7.0,A Singh,1,2009
392214,2009-05-07,2009,Indian Premier League,SuperSport Park,Centurion,Chennai Super Kings,Kings XI Punjab,Chennai Super Kings,bat,Chennai Super Kings,12.0,,ML Hayden,1,2009
392215,2009-05-08,2009,Indian Premier League,Buffalo Park,East London,Delhi Daredevils,Mumbai Indians,Mumbai Indians,bat,Delhi Daredevils,,7.0,A Nehra,0,2009
392216,2009-05-09,2009,Indian Premier League,De Beers Diamond Oval,Kimberley,Deccan Chargers,Kings XI Punjab,Kings XI Punjab,field,Kings XI Punjab,,3.0,DPMD Jayawardene,1,2009
392217,2009-05-09,2009,Indian Premier League,De Beers Diamond Oval,Kimberley,Chennai Super Kings,Rajasthan Royals,Rajasthan Royals,bat,Chennai Super Kings,,7.0,S Badrinath,0,2009
392218,2009-05-10,2009,Indian Premier League,St George's Park,Port Elizabeth,Royal Challengers Bangalore,Mumbai Indians,Mumbai Indians,bat,Mumbai Indians,16.0,,JP Duminy,1,2009
392219,2009-05-10,2009,Indian Premier League,New Wanderers Stadium,Johannesburg,Delhi Daredevils,Kolkata Knight Riders,Delhi Daredevils,field,Delhi Daredevils,,7.0,A Mishra,1,2009
392220,2009-05-11,2009,Indian Premier League,De Beers Diamond Oval,Kimberley,Deccan Chargers,Rajasthan Royals,Deccan Chargers,bat,Deccan Chargers,53.0,,DR Smith,1,2009
392221,2009-05-12,2009,Indian Premier League,SuperSport Park,Centurion,Royal Challengers Bangalore,Kolkata Knight Riders,Royal Challengers Bangalore,field,Royal Challengers Bangalore,,6.0,LRPL Taylor,1,2009
392222,2009-05-12,2009,Indian Premier League,SuperSport Park,Centurion,Kings XI Punjab,Mumbai Indians,Kings XI Punjab,bat,Mumbai Indians,,8.0,Harbhajan Singh,0,2009
392223,2009-05-13,2009,Indian Premier League,Kingsmead,Durban,Deccan Chargers,Delhi Daredevils,Deccan Chargers,field,Delhi Daredevils,12.0,,R Bhatia,0,2009
392224,2009-05-14,2009,Indian Premier League,Kingsmead,Durban,Royal Challengers Bangalore,Chennai Super Kings,Chennai Super Kings,bat,Royal Challengers Bangalore,,2.0,LRPL Taylor,0,2009
392225,2009-05-14,2009,Indian Premier League,Kingsmead,Durban,Mumbai Indians,Rajasthan Royals,Rajasthan Royals,bat,Rajasthan Royals,2.0,,SK Warne,1,2009
392226,2009-05-15,2009,Indian Premier League,OUTsurance Oval,Bloemfontein,Delhi Daredevils,Kings XI Punjab,Kings XI Punjab,field,Kings XI Punjab,,6.0,B Lee,1,2009
392227,2009-05-16,2009,Indian Premier League,St George's Park,Port Elizabeth,Chennai Super Kings,Mumbai Indians,Mumbai Indians,bat,Chennai Super Kings,,7.0,ML Hayden,0,2009
392228,2009-05-16,2009,Indian Premier League,New Wanderers Stadium,Johannesburg,Deccan Chargers,Kolkata Knight Riders,Deccan Chargers,field,Deccan Chargers,,6.0,RG Sharma,1,2009
392229,2009-05-17,2009,Indian Premier League,New Wanderers Stadium,Johannesburg,Deccan Chargers,Kings XI Punjab,Deccan Chargers,field,Kings XI Punjab,1.0,,Yuvraj Singh,0,2009
392230,2009-05-17,2009,Indian Premier League,OUTsurance Oval,Bloemfontein,Delhi Daredevils,Rajasthan Royals,Delhi Daredevils,bat,Delhi Daredevils,14.0,,AB de Villiers,1,2009
392231,2009-05-18,2009,Indian Premier League,SuperSport Park,Centurion,Chennai Super Kings,Kolkata Knight Riders,Chennai Super Kings,bat,Kolkata Knight Riders,,7.0,BJ Hodge,0,2009
392232,2009-05-19,2009,Indian Premier League,New Wanderers Stadium,Johannesburg,Royal Challengers Bangalore,Delhi Daredevils,Delhi Daredevils,bat,Royal Challengers Bangalore,,7.0,JH Kallis,0,2009
392233,2009-05-20,2009,Indian Premier League,Kingsmead,Durban,Kolkata Knight Riders,Rajasthan Royals,Kolkata Knight Riders,field,Kolkata Knight Riders,,4.0,LR Shukla,1,2009
392234,2009-05-20,2009,Indian Premier League,Kingsmead,Durban,Chennai Super Kings,Kings XI Punjab,Chennai Super Kings,bat,Chennai Super Kings,24.0,,M Muralitharan,1,2009
392235,2009-05-21,2009,Indian Premier League,SuperSport Park,Centurion,Delhi Daredevils,Mumbai Indians,Delhi Daredevils,field,Delhi Daredevils,,4.0,V Sehwag,1,2009
392236,2009-05-21,2009,Indian Premier League,SuperSport Park,Centurion,Royal Challengers Bangalore,Deccan Chargers,Royal Challengers Bangalore,bat,Royal Challengers Bangalore,12.0,,MK Pandey,1,2009
392237,2009-05-22,2009,Indian Premier League,SuperSport Park,Centurion,Delhi Daredevils,Deccan Chargers,Deccan Chargers,field,Deccan Chargers,,6.0,AC Gilchrist,1,2009
392238,2009-05-23,2009,Indian Premier League,New Wanderers Stadium,Johannesburg,Royal Challengers Bangalore,Chennai Super Kings,Royal Challengers Bangalore,field,Royal Challengers Bangalore,,6.0,MK Pandey,1,2009
392239,2009-05-24,2009,Indian Premier League,New Wanderers Stadium,Johannesburg,Royal Challengers Bangalore,Deccan Chargers,Royal Challengers Bangalore,field,Deccan Chargers,6.0,,A Kumble,0,2009
419106,2010-03-12,2009/10,Indian Premier League,Dr DY Patil Sports Academy,Mumbai,Deccan Chargers,Kolkata Knight Riders,Deccan Chargers,field,Kolkata Knight Riders,11.0,,AD Mathews,0,2009
419107,2010-03-13,2009/10,Indian Premier League,Brabourne Stadium,Mumbai,Mumbai Indians,Rajasthan Royals,Mumbai Indians,bat,Mumbai Indians,4.0,,YK Pathan,1,2009
419108,2010-03-13,2009/10,Indian Premier League,"Punjab Cricket Association Stadium, Mohali",Chandigarh,Kings XI Punjab,Delhi Daredevils,Delhi Daredevils,field,Delhi Daredevils,,5.0,G Gambhir,1,2009
419109,2010-03-14,2009/10,Indian Premier League,Eden Gardens,Kolkata,Kolkata Knight Riders,Royal Challengers Bangalore,Kolkata Knight Riders,field,Kolkata Knight Riders,,7.0,MK Tiwary,1,2009
419110,2010-03-14,2009/10,Indian Premier League,"MA Chidambaram Stadium, Chepauk",Chennai,Chennai Super Kings,Deccan Chargers,Deccan Chargers,bat,Deccan Chargers,31.0,,WPUJC Vaas,1,2009
419111,2010-03-15,2009/10,Indian Premier League,"Sardar Patel Stadium, Motera",Ahmedabad,Rajasthan Royals,Delhi Daredevils,Delhi Daredevils,field,Delhi Daredevils,,6.0,V Sehwag,1,2009
419112,2010-03-16,2009/10,Indian Premier League,M Chinnaswamy Stadium,Bangalore,Royal Challengers Bangalore,Kings XI Punjab,Kings XI Punjab,bat,Royal Challengers Bangalore,,8.0,JH Kallis,0,2009
419113,2010-03-16,2009/10,Indian Premier League,Eden Gardens,Kolkata,Kolkata Knight Riders,Chennai Super Kings,Chennai Super Kings,bat,Chennai Super Kings,55.0,,MS Dhoni,1,2009
419114,2010-03-17,2009/10,Indian Premier League,Feroz Shah Kotla,Delhi,Delhi Daredevils,Mumbai Indians,Delhi Daredevils,field,Mumbai Indians,98.0,,SR Tendulkar,0,2009
419115,2010-03-18,2009/10,Indian Premier League,M Chinnaswamy Stadium,Bangalore,Royal Challengers Bangalore,Rajasthan Royals,Royal Challengers Bangalore,field,Royal Challengers Bangalore,,10.0,JH Kallis,1,2009
419116,2010-03-19,2009/10,Indian Premier League,Feroz Shah Kotla,Delhi,Delhi Daredevils,Chennai Super Kings,Delhi Daredevils,bat,Chennai Super Kings,,5.0,ML Hayden,0,2009
419117,2010-03-19,2009/10,Indian Premier League,Barabati Stadium,Cuttack,Deccan Chargers,Kings XI Punjab,Kings XI Punjab,field,Deccan Chargers,6.0,,A Symonds,0,2009
419118,2010-03-20,2009/10,Indian Premier League,"Sardar Patel Stadium, Motera",Ahmedabad,Rajasthan Royals,Kolkata Knight Riders,Rajasthan Royals,bat,Rajasthan Royals,34.0,,AA Jhunjhunwala,1,2009
419119,2010-03-20,2009/10,Indian Premier League,Brabourne Stadium,Mumbai,Mumbai Indians,Royal Challengers Bangalore,Mumbai Indians,bat,Royal Challengers Bangalore,,7.0,JH Kallis,0,2009
419120,2010-03-21,2009/10,Indian Premier League,Barabati Stadium,Cuttack,Deccan Chargers,Delhi Daredevils,Deccan Chargers,bat,Deccan Chargers,10.0,,A Symonds,1,2009
419121,2010-03-21,2009/10,Indian Premier League,"MA Chidambaram Stadium, Chepauk",Chennai,Chennai Super Kings,Kings XI Punjab,Chennai Super Kings,field,tie,,,J Theron,0,2009
419122,2010-03-22,2009/10,Indian Premier League,Brabourne Stadium,Mumbai,Mumbai Indians,Kolkata Knight Riders,Kolkata Knight Riders,bat,Mumbai Indians,,7.0,SR Tendulkar,0,2009
419123,2010-03-23,2009/10,Indian Premier League,M Chinnaswamy Stadium,Bangalore,Royal Challengers Bangalore,Chennai Super Kings,Chennai Super Kings,field,Royal Challengers Bangalore,36.0,,RV Uthappa,0,2009
419124,2010-03-24,2009/10,Indian Premier League,"Punjab Cricket Association Stadium, Mohali",Chandigarh,Kings XI Punjab,Rajasthan Royals,Kings XI Punjab,field,Rajasthan Royals,31.0,,AC Voges,0,2009
419125,2010-03-25,2009/10,Indian Premier League,"Brabourne Stadium, Mumbai",Mumbai,Chennai Super Kings,Mumbai Indians,Mumbai Indians,field,Mumbai Indians,,5.0,SR Tendulkar,1,2009
419126,2010-03-26,2009/10,Indian Premier League,"Sardar Patel Stadium, Motera",Ahmedabad,Rajasthan Royals,Deccan Chargers,Deccan Chargers,bat,Rajasthan Royals,,8.0,YK Pathan,0,2009
419127,2010-03-27,2009/10,Indian Premier League,"Punjab Cricket Association Stadium, Mohali",Chandigarh,Kings XI Punjab,Kolkata Knight Riders,Kolkata Knight Riders,bat,Kolkata Knight Riders,39.0,,MK Tiwary,1,2009
419128,2010-03-25,2009/10,Indian Premier League,M Chinnaswamy Stadium,Bangalore,Royal Challengers Bangalore,Delhi Daredevils,Royal Challengers Bangalore,field,Delhi Daredevils,17.0,,KM Jadhav,0,2009
419129,2010-03-28,2009/10,Indian Premier League,"Sardar Patel Stadium, Motera",Ahmedabad,Rajasthan Royals,Chennai Super Kings,Rajasthan Royals,bat,Rajasthan Royals,17.0,,NV Ojha,1,2009
419130,2010-03-28,2009/10,Indian Premier League,Dr DY Patil Sports Academy,Mumbai,Deccan Chargers,Mumbai Indians,Deccan Chargers,field,Mumbai Indians,41.0,,Harbhajan Singh,0,2009
419131,2010-03-29,2009/10,Indian Premier League,Feroz Shah Kotla,Delhi,Delhi Daredevils,Kolkata Knight Riders,Delhi Daredevils,bat,Delhi Daredevils,40.0,,DA Warner,1,2009
419132,2010-03-30,2009/10,Indian Premier League,Brabourne Stadium,Mumbai,Mumbai Indians,Kings XI Punjab,Mumbai Indians,field,Mumbai Indians,,4.0,SL Malinga,1,2009
419133,2010-03-31,2009/10,Indian Premier League,"MA Chidambaram Stadium, Chepauk",Chennai,Chennai Super Kings,Royal Challengers Bangalore,Royal Challengers Bangalore,bat,Chennai Super Kings,,5.0,M Vijay,0,2009
419134,2010-03-31,2009/10,Indian Premier League,Feroz Shah Kotla,Delhi,Delhi Daredevils,Rajasthan Royals,Delhi Daredevils,bat,Delhi Daredevils,67.0,,KD Karthik,1,2009
419135,2010-04-01,2009/10,Indian Premier League,Eden Gardens,Kolkata,Kolkata Knight Riders,Deccan Chargers,Kolkata Knight Riders,bat,Kolkata Knight Riders,24.0,,SC Ganguly,1,2009
419136,2010-04-02,2009/10,Indian Premier League,"Punjab Cricket Association Stadium, Mohali",Chandigarh,Kings XI Punjab,Royal Challengers Bangalore,Kings XI Punjab,bat,Royal Challengers Bangalore,,6.0,KP Pietersen,0,2009
419137,2010-04-03,2009/10,Indian Premier League,"MA Chidambaram Stadium, Chepauk",Chennai,Chennai Super Kings,Rajasthan Royals,Chennai Super Kings,bat,Chennai Super Kings,23.0,,M Vijay,1,2009
419138,2010-04-03,2009/10,Indian Premier League,Brabourne Stadium,Mumbai,Mumbai Indians,Deccan Chargers,Mumbai Indians,bat,Mumbai Indians,63.0,,AT Rayudu,1,2009
419139,2010-04-04,2009/10,Indian Premier League,Eden Gardens,Kolkata,Kolkata Knight Riders,Kings XI Punjab,Kolkata Knight Riders,bat,Kings XI Punjab,,8.0,DPMD Jayawardene,0,2009
419140,2010-04-04,2009/10,Indian Premier League,Feroz Shah Kotla,Delhi,Delhi Daredevils,Royal Challengers Bangalore,Delhi Daredevils,bat,Delhi Daredevils,37.0,,PD Collingwood,1,2009
419141,2010-04-05,2009/10,Indian Premier League,"Vidarbha Cricket Association Stadium, Jamtha",Nagpur,Deccan Chargers,Rajasthan Royals,Rajasthan Royals,bat,Rajasthan Royals,2.0,,SK Warne,1,2009
419142,2010-04-06,2009/10,Indian Premier League,"MA Chidambaram Stadium, Chepauk",Chennai,Chennai Super Kings,Mumbai Indians,Chennai Super Kings,bat,Chennai Super Kings,24.0,,SK Raina,1,2009
419143,2010-04-07,2009/10,Indian Premier League,Sawai Mansingh Stadium,Jaipur,Rajasthan Royals,Kings XI Punjab,Kings XI Punjab,bat,Rajasthan Royals,,9.0,MJ Lumb,0,2009
419144,2010-04-07,2009/10,Indian Premier League,Eden Gardens,Kolkata,Kolkata Knight Riders,Delhi Daredevils,Kolkata Knight Riders,bat,Kolkata Knight Riders,14.0,,SC Ganguly,1,2009
419145,2010-04-08,2009/10,Indian Premier League,M Chinnaswamy Stadium,Bangalore,Royal Challengers Bangalore,Deccan Chargers,Deccan Chargers,field,Deccan Chargers,,7.0,TL Suman,1,2009
419146,2010-04-09,2009/10,Indian Premier League,"Punjab Cricket Association Stadium, Mohali",Chandigarh,Kings XI Punjab,Mumbai Indians,Mumbai Indians,bat,Kings XI Punjab,,6.0,KC Sangakkara,0,2009
419147,2010-04-10,2009/10,Indian Premier League,"Vidarbha Cricket Association Stadium, Jamtha",Nagpur,Deccan Chargers,Chennai Super Kings,Chennai Super Kings,bat,Deccan Chargers,,6.0,RJ Harris,0,2009
419148,2010-04-10,2009/10,Indian Premier League,M Chinnaswamy Stadium,Bangalore,Royal Challengers Bangalore,Kolkata Knight Riders,Royal Challengers Bangalore,field,Royal Challengers Bangalore,,7.0,R Vinay Kumar,1,2009
419149,2010-04-11,2009/10,Indian Premier League,Feroz Shah Kotla,Delhi,Delhi Daredevils,Kings XI Punjab,Delhi Daredevils,bat,Kings XI Punjab,,7.0,PP Chawla,0,2009
419150,2010-04-11,2009/10,Indian Premier League,Sawai Mansingh Stadium,Jaipur,Rajasthan Royals,Mumbai Indians,Rajasthan Royals,field,Mumbai Indians,37.0,,SR Tendulkar,0,2009
419151,2010-04-12,2009/10,Indian Premier League,"Vidarbha Cricket Association Stadium, Jamtha",Nagpur,Deccan Chargers,Royal Challengers Bangalore,Royal Challengers Bangalore,field,Deccan Chargers,13.0,,Harmeet Singh,0,2009
419152,2010-04-13,2009/10,Indian Premier League,Brabourne Stadium,Mumbai,Mumbai Indians,Delhi Daredevils,Mumbai Indians,bat,Mumbai Indians,39.0,,KA Pollard,1,2009
419153,2010-04-13,2009/10,Indian Premier League,"MA Chidambaram Stadium, Chepauk",Chennai,Chennai Super Kings,Kolkata Knight Riders,Kolkata Knight Riders,bat,Chennai Super Kings,,9.0,R Ashwin,0,2009
419154,2010-04-14,2009/10,Indian Premier League,Sawai Mansingh Stadium,Jaipur,Rajasthan Royals,Royal Challengers Bangalore,Rajasthan Royals,bat,Royal Challengers Bangalore,,5.0,KP Pietersen,0,2009
419155,2010-04-15,2009/10,Indian Premier League,"MA Chidambaram Stadium, Chepauk",Chennai,Chennai Super Kings,Delhi Daredevils,Chennai Super Kings,bat,Delhi Daredevils,,6.0,G Gambhir,0,2009
419156,2010-04-16,2009/10,Indian Premier League,Himachal Pradesh Cricket Association Stadium,Dharamsala,Kings XI Punjab,Deccan Chargers,Deccan Chargers,field,Deccan Chargers,,5.0,RG Sharma,1,2009
419157,2010-04-17,2009/10,Indian Premier League,M Chinnaswamy Stadium,Bangalore,Royal Challengers Bangalore,Mumbai Indians,Royal Challengers Bangalore,field,Mumbai Indians,57.0,,R McLaren,0,2009
419158,2010-04-17,2009/10,Indian Premier League,Eden Gardens,Kolkata,Kolkata Knight Riders,Rajasthan Royals,Rajasthan Royals,bat,Kolkata Knight Riders,,8.0,JD Unadkat,0,2009
419159,2010-04-18,2009/10,Indian Premier League,Himachal Pradesh Cricket Association Stadium,Dharamsala,Kings XI Punjab,Chennai Super Kings,Chennai Super Kings,field,Chennai Super Kings,,6.0,MS Dhoni,1,2009
419160,2010-04-18,2009/10,Indian Premier League,Feroz Shah Kotla,Delhi,Delhi Daredevils,Deccan Chargers,Deccan Chargers,bat,Deccan Chargers,11.0,,A Symonds,1,2009
419161,2010-04-19,2009/10,Indian Premier League,Eden Gardens,Kolkata,Kolkata Knight Riders,Mumbai Indians,Mumbai Indians,bat,Kolkata Knight Riders,,9.0,M Kartik,0,2009
419162,2010-04-21,2009/10,Indian Premier League,Dr DY Patil Sports Academy,Mumbai,Royal Challengers Bangalore,Mumbai Indians,Mumbai Indians,bat,Mumbai Indians,35.0,,KA Pollard,1,2009
419163,2010-04-22,2009/10,Indian Premier League,Dr DY Patil Sports Academy,Mumbai,Chennai Super Kings,Deccan Chargers,Chennai Super Kings,bat,Chennai Super Kings,38.0,,DE Bollinger,1,2009
419164,2010-04-24,2009/10,Indian Premier League,Dr DY Patil Sports Academy,Mumbai,Royal Challengers Bangalore,Deccan Chargers,Deccan Chargers,bat,Royal Challengers Bangalore,,9.0,A Kumble,0,2009
419165,2010-04-25,2009/10,Indian Premier League,Dr DY Patil Sports Academy,Mumbai,Chennai Super Kings,Mumbai Indians,Chennai Super Kings,bat,Chennai Super Kings,22.0,,SK Raina,1,2009
501198,2011-04-08,2011,Indian Premier League,"MA Chidambaram Stadium, Chepauk",Chennai,Chennai Super Kings,Kolkata Knight Riders,Chennai Super Kings,bat,Chennai Super Kings,2.0,,S Anirudha,1,2011
501199,2011-04-09,2011,Indian Premier League,"Rajiv Gandhi International Stadium, Uppal",Hyderabad,Deccan Chargers,Rajasthan Royals,Rajasthan Royals,field,Rajasthan Royals,,8.0,SK Trivedi,1,2011
501200,2011-04-09,2011,Indian Premier League,Nehru Stadium,Kochi,Kochi Tuskers Kerala,Royal Challengers Bangalore,Kochi Tuskers Kerala,bat,Royal Challengers Bangalore,,6.0,AB de Villiers,0,2011
501201,2011-04-10,2011,Indian Premier League,Feroz Shah Kotla,Delhi,Delhi Daredevils,Mumbai Indians,Delhi Daredevils,bat,Mumbai Indians,,8.0,SL Malinga,0,2011
501202,2011-04-10,2011,Indian Premier League,Dr DY Patil Sports Academy,Mumbai,Pune Warriors,Kings XI Punjab,Kings XI Punjab,bat,Pune Warriors,,7.0,SB Wagh,0,2011
501203,2011-04-11,2011,Indian Premier League,Eden Gardens,Kolkata,Kolkata Knight Riders,Deccan Chargers,Kolkata Knight Riders,bat,Kolkata Knight Riders,9.0,,JH Kallis,1,2011
501204,2011-04-12,2011,Indian Premier League,Sawai Mansingh Stadium,Jaipur,Rajasthan Royals,Delhi Daredevils,Delhi Daredevils,bat,Rajasthan Royals,,6.0,SK Warne,0,2011
501205,2011-04-12,2011,Indian Premier League,M Chinnaswamy Stadium,Bangalore,Royal Challengers Bangalore,Mumbai Indians,Mumbai Indians,field,Mumbai Indians,,9.0,SR Tendulkar,1,2011
501206,2011-04-13,2011,Indian Premier League,"Punjab Cricket Association Stadium, Mohali",Chandigarh,Kings XI Punjab,Chennai Super Kings,Kings XI Punjab,field,Kings XI Punjab,,6.0,PC Valthaty,1,2011
501207,2011-04-13,2011,Indian Premier League,Dr DY Patil Sports Academy,Mumbai,Pune Warriors,Kochi Tuskers Kerala,Kochi Tuskers Kerala,bat,Pune Warriors,,4.0,MD Mishra,0,2011
501208,2011-04-14,2011,Indian Premier League,"Rajiv Gandhi International Stadium, Uppal",Hyderabad,Deccan Chargers,Royal Challengers Bangalore,Royal Challengers Bangalore,field,Deccan Chargers,33.0,,DW Steyn,0,2011
501209,2011-04-15,2011,Indian Premier League,Sawai Mansingh Stadium,Jaipur,Rajasthan Royals,Kolkata Knight Riders,Kolkata Knight Riders,field,Kolkata Knight Riders,,9.0,G Gambhir,1,2011
501210,2011-04-15,2011,Indian Premier League,Wankhede Stadium,Mumbai,Mumbai Indians,Kochi Tuskers Kerala,Kochi Tuskers Kerala,field,Kochi Tuskers Kerala,,8.0,BB McCullum,1,2011
501211,2011-04-16,2011,Indian Premier League,"MA Chidambaram Stadium, Chepauk",Chennai,Chennai Super Kings,Royal Challengers Bangalore,Chennai Super Kings,bat,Chennai Super Kings,21.0,,MEK Hussey,1,2011
501212,2011-04-16,2011,Indian Premier League,"Rajiv Gandhi International Stadium, Uppal",Hyderabad,Deccan Chargers,Kings XI Punjab,Kings XI Punjab,field,Kings XI Punjab,,8.0,PC Valthaty,1,2011
501213,2011-04-17,2011,Indian Premier League,Dr DY Patil Sports Academy,Mumbai,Pune Warriors,Delhi Daredevils,Delhi Daredevils,field,Delhi Daredevils,,3.0,Yuvraj Singh,1,2011
501214,2011-04-17,2011,Indian Premier League,Eden Gardens,Kolkata,Kolkata Knight Riders,Rajasthan Royals,Kolkata Knight Riders,field,Kolkata Knight Riders,,8.0,L Balaji,1,2011
501215,2011-04-18,2011,Indian Premier League,Nehru Stadium,Kochi,Kochi Tuskers Kerala,Chennai Super Kings,Kochi Tuskers Kerala,field,Kochi Tuskers Kerala,,7.0,BB McCullum,1,2011
501216,2011-04-19,2011,Indian Premier League,Feroz Shah Kotla,Delhi,Delhi Daredevils,Deccan Chargers,Deccan Chargers,bat,Deccan Chargers,16.0,,S Sohal,1,2011
501218,2011-04-20,2011,Indian Premier League,Wankhede Stadium,Mumbai,Mumbai Indians,Pune Warriors,Pune Warriors,bat,Mumbai Indians,,7.0,MM Patel,0,2011
501219,2011-04-20,2011,Indian Premier League,Eden Gardens,Kolkata,Kolkata Knight Riders,Kochi Tuskers Kerala,Kolkata Knight Riders,field,Kochi Tuskers Kerala,6.0,,DPMD Jayawardene,0,2011
501220,2011-04-21,2011,Indian Premier League,"Punjab Cricket Association Stadium, Mohali",Chandigarh,Kings XI Punjab,Rajasthan Royals,Rajasthan Royals,field,Kings XI Punjab,48.0,,SE Marsh,0,2011
501221,2011-04-22,2011,Indian Premier League,Wankhede Stadium,Mumbai,Mumbai Indians,Chennai Super Kings,Chennai Super Kings,field,Mumbai Indians,8.0,,Harbhajan Singh,0,2011
501222,2011-04-22,2011,Indian Premier League,Eden Gardens,Kolkata,Kolkata Knight Riders,Royal Challengers Bangalore,Royal Challengers Bangalore,field,Royal Challengers Bangalore,,9.0,CH Gayle,1,2011
501223,2011-04-23,2011,Indian Premier League,Feroz Shah Kotla,Delhi,Delhi Daredevils,Kings XI Punjab,Kings XI Punjab,field,Delhi Daredevils,29.0,,DA Warner,0,2011
501224,2011-04-24,2011,Indian Premier League,"Rajiv Gandhi International Stadium, Uppal",Hyderabad,Deccan Chargers,Mumbai Indians,Deccan Chargers,field,Mumbai Indians,37.0,,SL Malinga,0,2011
501225,2011-04-24,2011,Indian Premier League,Sawai Mansingh Stadium,Jaipur,Rajasthan Royals,Kochi Tuskers Kerala,Rajasthan Royals,field,Rajasthan Royals,,8.0,SK Warne,1,2011
501226,2011-04-25,2011,Indian Premier League,"MA Chidambaram Stadium, Chepauk",Chennai,Chennai Super Kings,Pune Warriors,Pune Warriors,field,Chennai Super Kings,25.0,,MEK Hussey,0,2011
501227,2011-04-26,2011,Indian Premier League,Feroz Shah Kotla,Delhi,Delhi Daredevils,Royal Challengers Bangalore,Royal Challengers Bangalore,field,Royal Challengers Bangalore,,3.0,V Kohli,1,2011
501228,2011-04-27,2011,Indian Premier League,Dr DY Patil Sports Academy,Mumbai,Pune Warriors,Chennai Super Kings,Pune Warriors,bat,Chennai Super Kings,,8.0,DE Bollinger,0,2011
501229,2011-04-27,2011,Indian Premier League,Nehru Stadium,Kochi,Kochi Tuskers Kerala,Deccan Chargers,Kochi Tuskers Kerala,field,Deccan Chargers,55.0,,I Sharma,0,2011
501230,2011-04-28,2011,Indian Premier League,Feroz Shah Kotla,Delhi,Delhi Daredevils,Kolkata Knight Riders,Delhi Daredevils,field,Kolkata Knight Riders,17.0,,MK Tiwary,0,2011
501231,2011-04-29,2011,Indian Premier League,Sawai Mansingh Stadium,Jaipur,Rajasthan Royals,Mumbai Indians,Rajasthan Royals,field,Rajasthan Royals,,7.0,J Botha,1,2011
501232,2011-04-29,2011,Indian Premier League,M Chinnaswamy Stadium,Bangalore,Royal Challengers Bangalore,Pune Warriors,Pune Warriors,field,Royal Challengers Bangalore,26.0,,V Kohli,0,2011
501233,2011-04-30,2011,Indian Premier League,Nehru Stadium,Kochi,Kochi Tuskers Kerala,Delhi Daredevils,Delhi Daredevils,bat,Delhi Daredevils,38.0,,V Sehwag,1,2011
501234,2011-04-30,2011,Indian Premier League,Eden Gardens,Kolkata,Kolkata Knight Riders,Kings XI Punjab,Kolkata Knight Riders,field,Kolkata Knight Riders,,8.0,Iqbal Abdulla,1,2011
501235,2011-05-01,2011,Indian Premier League,Sawai Mansingh Stadium,Jaipur,Rajasthan Royals,Pune Warriors,Rajasthan Royals,field,Rajasthan Royals,,6.0,LRPL Taylor,1,2011
501236,2011-05-01,2011,Indian Premier League,"MA Chidambaram Stadium, Chepauk",Chennai,Chennai Super Kings,Deccan Chargers,Chennai Super Kings,bat,Chennai Super Kings,19.0,,JA Morkel,1,2011
501237,2011-05-02,2011,Indian Premier League,Wankhede Stadium,Mumbai,Mumbai Indians,Kings XI Punjab,Kings XI Punjab,field,Mumbai Indians,23.0,,KA Pollard,0,2011
501238,2011-05-02,2011,Indian Premier League,Feroz Shah Kotla,Delhi,Delhi Daredevils,Kochi Tuskers Kerala,Kochi Tuskers Kerala,field,Kochi Tuskers Kerala,,7.0,P Parameswaran,1,2011
501239,2011-05-03,2011,Indian Premier League,"Rajiv Gandhi International Stadium, Uppal",Hyderabad,Deccan Chargers,Kolkata Knight Riders,Deccan Chargers,field,Kolkata Knight Riders,20.0,,YK Pathan,0,2011
501240,2011-05-04,2011,Indian Premier League,"MA Chidambaram Stadium, Chepauk",Chennai,Chennai Super Kings,Rajasthan Royals,Rajasthan Royals,bat,Chennai Super Kings,,8.0,MEK Hussey,0,2011
501241,2011-05-04,2011,Indian Premier League,Dr DY Patil Sports Academy,Mumbai,Pune Warriors,Mumbai Indians,Pune Warriors,field,Mumbai Indians,21.0,,R Sharma,0,2011
501242,2011-05-05,2011,Indian Premier League,Nehru Stadium,Kochi,Kochi Tuskers Kerala,Kolkata Knight Riders,Kolkata Knight Riders,field,Kochi Tuskers Kerala,17.0,,BJ Hodge,0,2011
501243,2011-05-05,2011,Indian Premier League,"Rajiv Gandhi International Stadium, Uppal",Hyderabad,Deccan Chargers,Delhi Daredevils,Delhi Daredevils,field,Delhi Daredevils,,4.0,V Sehwag,1,2011
501244,2011-05-06,2011,Indian Premier League,M Chinnaswamy Stadium,Bangalore,Royal Challengers Bangalore,Kings XI Punjab,Kings XI Punjab,field,Royal Challengers Bangalore,85.0,,CH Gayle,0,2011
501245,2011-05-07,2011,Indian Premier League,Eden Gardens,Kolkata,Kolkata Knight Riders,Chennai Super Kings,Chennai Super Kings,bat,Kolkata Knight Riders,10.0,,Iqbal Abdulla,0,2011
501246,2011-05-07,2011,Indian Premier League,Wankhede Stadium,Mumbai,Mumbai Indians,Delhi Daredevils,Delhi Daredevils,field,Mumbai Indians,32.0,,AT Rayudu,0,2011
501247,2011-05-08,2011,Indian Premier League,M Chinnaswamy Stadium,Bangalore,Royal Challengers Bangalore,Kochi Tuskers Kerala,Kochi Tuskers Kerala,bat,Royal Challengers Bangalore,,9.0,CH Gayle,0,2011
501248,2011-05-08,2011,Indian Premier League,"Punjab Cricket Association Stadium, Mohali",Chandigarh,Kings XI Punjab,Pune Warriors,Kings XI Punjab,bat,Pune Warriors,,5.0,R Sharma,0,2011
501249,2011-05-09,2011,Indian Premier League,Sawai Mansingh Stadium,Jaipur,Rajasthan Royals,Chennai Super Kings,Rajasthan Royals,field,Chennai Super Kings,63.0,,M Vijay,0,2011
501250,2011-05-10,2011,Indian Premier League,"Rajiv Gandhi International Stadium, Uppal",Hyderabad,Deccan Chargers,Pune Warriors,Deccan Chargers,bat,Pune Warriors,,6.0,MR Marsh,0,2011
501251,2011-05-10,2011,Indian Premier League,"Punjab Cricket Association Stadium, Mohali",Chandigarh,Kings XI Punjab,Mumbai Indians,Mumbai Indians,field,Kings XI Punjab,76.0,,BA Bhatt,0,2011
501252,2011-05-11,2011,Indian Premier League,Sawai Mansingh Stadium,Jaipur,Rajasthan Royals,Royal Challengers Bangalore,Royal Challengers Bangalore,field,Royal Challengers Bangalore,,9.0,S Aravind,1,2011
501253,2011-05-12,2011,Indian Premier League,"MA Chidambaram Stadium, Chepauk",Chennai,Chennai Super Kings,Delhi Daredevils,Chennai Super Kings,bat,Chennai Super Kings,18.0,,MS Dhoni,1,2011
501254,2011-05-13,2011,Indian Premier League,Holkar Cricket Stadium,Indore,Kochi Tuskers Kerala,Kings XI Punjab,Kings XI Punjab,field,Kings XI Punjab,,6.0,KD Karthik,1,2011
501255,2011-05-14,2011,Indian Premier League,M Chinnaswamy Stadium,Bangalore,Royal Challengers Bangalore,Kolkata Knight Riders,Royal Challengers Bangalore,field,Royal Challengers Bangalore,,4.0,CH Gayle,1,2011
501256,2011-05-14,2011,Indian Premier League,Wankhede Stadium,Mumbai,Mumbai Indians,Deccan Chargers,Deccan Chargers,bat,Deccan Chargers,10.0,,A Mishra,1,2011
501257,2011-05-15,2011,Indian Premier League,Himachal Pradesh Cricket Association Stadium,Dharamsala,Kings XI Punjab,Delhi Daredevils,Delhi Daredevils,field,Kings XI Punjab,29.0,,PP Chawla,0,2011
501258,2011-05-15,2011,Indian Premier League,Holkar Cricket Stadium,Indore,Kochi Tuskers Kerala,Rajasthan Royals,Kochi Tuskers Kerala,field,Kochi Tuskers Kerala,,8.0,BJ Hodge,1,2011
501259,2011-05-16,2011,Indian Premier League,Dr DY Patil Sports Academy,Mumbai,Pune Warriors,Deccan Chargers,Deccan Chargers,field,Deccan Chargers,,6.0,A Mishra,1,2011
501260,2011-05-17,2011,Indian Premier League,Himachal Pradesh Cricket Association Stadium,Dharamsala,Kings XI Punjab,Royal Challengers Bangalore,Kings XI Punjab,bat,Kings XI Punjab,111.0,,AC Gilchrist,1,2011
501261,2011-05-18,2011,Indian Premier League,"MA Chidambaram Stadium, Chepauk",Chennai,Chennai Super Kings,Kochi Tuskers Kerala,Chennai Super Kings,bat,Chennai Super Kings,11.0,,WP Saha,1,2011
501262,2011-05-19,2011,Indian Premier League,Dr DY Patil Sports Academy,Mumbai,Pune Warriors,Kolkata Knight Riders,Kolkata Knight Riders,field,Kolkata Knight Riders,,7.0,YK Pathan,1,2011
501263,2011-05-20,2011,Indian Premier League,Wankhede Stadium,Mumbai,Mumbai Indians,Rajasthan Royals,Mumbai Indians,bat,Rajasthan Royals,,10.0,SR Watson,0,2011
501264,2011-05-21,2011,Indian Premier League,Himachal Pradesh Cricket Association Stadium,Dharamsala,Kings XI Punjab,Deccan Chargers,Kings XI Punjab,field,Deccan Chargers,82.0,,S Dhawan,0,2011
501265,2011-05-21,2011,Indian Premier League,Feroz Shah Kotla,Delhi,Delhi Daredevils,Pune Warriors,Delhi Daredevils,bat,no result,,,,0,2011
501266,2011-05-22,2011,Indian Premier League,M Chinnaswamy Stadium,Bangalore,Royal Challengers Bangalore,Chennai Super Kings,Royal Challengers Bangalore,field,Royal Challengers Bangalore,,8.0,CH Gayle,1,2011
501267,2011-05-22,2011,Indian Premier League,Eden Gardens,Kolkata,Kolkata Knight Riders,Mumbai Indians,Mumbai Indians,field,Mumbai Indians,,5.0,JEC Franklin,1,2011
501268,2011-05-24,2011,Indian Premier League,Wankhede Stadium,Mumbai,Royal Challengers Bangalore,Chennai Super Kings,Chennai Super Kings,field,Chennai Super Kings,,6.0,SK Raina,1,2011
501269,2011-05-25,2011,Indian Premier League,Wankhede Stadium,Mumbai,Mumbai Indians,Kolkata Knight Riders,Mumbai Indians,field,Mumbai Indians,,4.0,MM Patel,1,2011
501270,2011-05-27,2011,Indian Premier League,"MA Chidambaram Stadium, Chepauk",Chennai,Royal Challengers Bangalore,Mumbai Indians,Mumbai Indians,field,Royal Challengers Bangalore,43.0,,CH Gayle,0,2011
501271,2011-05-28,2011,Indian Premier League,"MA Chidambaram Stadium, Chepauk",Chennai,Chennai Super Kings,Royal Challengers Bangalore,Chennai Super Kings,bat,Chennai Super Kings,58.0,,M Vijay,1,2011
548306,2012-04-04,2012,Indian Premier League,"MA Chidambaram Stadium, Chepauk",Chennai,Chennai Super Kings,Mumbai Indians,Mumbai Indians,field,Mumbai Indians,,8.0,RE Levi,1,2012
548307,2012-04-05,2012,Indian Premier League,Eden Gardens,Kolkata,Kolkata Knight Riders,Delhi Daredevils,Delhi Daredevils,field,Delhi Daredevils,,8.0,IK Pathan,1,2012
548308,2012-04-06,2012,Indian Premier League,Wankhede Stadium,Mumbai,Mumbai Indians,Pune Warriors,Mumbai Indians,field,Pune Warriors,28.0,,SPD Smith,0,2012
548309,2012-04-06,2012,Indian Premier League,Sawai Mansingh Stadium,Jaipur,Rajasthan Royals,Kings XI Punjab,Kings XI Punjab,field,Rajasthan Royals,31.0,,AM Rahane,0,2012
548310,2012-04-07,2012,Indian Premier League,M Chinnaswamy Stadium,Bangalore,Royal Challengers Bangalore,Delhi Daredevils,Delhi Daredevils,field,Royal Challengers Bangalore,20.0,,AB de Villiers,0,2012
548311,2012-04-07,2012,Indian Premier League,Dr. Y.S. Rajasekhara Reddy ACA-VDCA Cricket Stadium,Visakhapatnam,Deccan Chargers,Chennai Super Kings,Deccan Chargers,field,Chennai Super Kings,74.0,,RA Jadeja,0,2012
548312,2012-04-08,2012,Indian Premier League,Sawai Mansingh Stadium,Jaipur,Rajasthan Royals,Kolkata Knight Riders,Kolkata Knight Riders,field,Rajasthan Royals,22.0,,BJ Hodge,0,2012
548313,2012-04-08,2012,Indian Premier League,Subrata Roy Sahara Stadium,Pune,Pune Warriors,Kings XI Punjab,Pune Warriors,bat,Pune Warriors,22.0,,MN Samuels,1,2012
548314,2012-04-09,2012,Indian Premier League,Dr. Y.S. Rajasekhara Reddy ACA-VDCA Cricket Stadium,Visakhapatnam,Deccan Chargers,Mumbai Indians,Deccan Chargers,bat,Mumbai Indians,,5.0,RG Sharma,0,2012
548315,2012-04-10,2012,Indian Premier League,M Chinnaswamy Stadium,Bangalore,Royal Challengers Bangalore,Kolkata Knight Riders,Royal Challengers Bangalore,field,Kolkata Knight Riders,42.0,,L Balaji,0,2012
548316,2012-04-10,2012,Indian Premier League,Feroz Shah Kotla,Delhi,Delhi Daredevils,Chennai Super Kings,Delhi Daredevils,field,Delhi Daredevils,,8.0,M Morkel,1,2012
548317,2012-04-11,2012,Indian Premier League,Wankhede Stadium,Mumbai,Mumbai Indians,Rajasthan Royals,Rajasthan Royals,field,Mumbai Indians,27.0,,KA Pollard,0,2012
548318,2012-04-12,2012,Indian Premier League,"MA Chidambaram Stadium, Chepauk",Chennai,Chennai Super Kings,Royal Challengers Bangalore,Royal Challengers Bangalore,bat,Chennai Super Kings,,5.0,F du Plessis,0,2012
548319,2012-04-12,2012,Indian Premier League,"Punjab Cricket Association Stadium, Mohali",Chandigarh,Kings XI Punjab,Pune Warriors,Kings XI Punjab,field,Kings XI Punjab,,7.0,AD Mascarenhas,1,2012
548320,2012-04-13,2012,Indian Premier League,Eden Gardens,Kolkata,Kolkata Knight Riders,Rajasthan Royals,Rajasthan Royals,bat,Kolkata Knight Riders,,5.0,Shakib Al Hasan,0,2012
548321,2012-04-19,2012,Indian Premier League,Feroz Shah Kotla,Delhi,Delhi Daredevils,Deccan Chargers,Deccan Chargers,bat,Delhi Daredevils,,5.0,KP Pietersen,0,2012
548322,2012-04-14,2012,Indian Premier League,Subrata Roy Sahara Stadium,Pune,Pune Warriors,Chennai Super Kings,Chennai Super Kings,bat,Pune Warriors,,7.0,JD Ryder,0,2012
548323,2012-04-15,2012,Indian Premier League,Eden Gardens,Kolkata,Kolkata Knight Riders,Kings XI Punjab,Kolkata Knight Riders,field,Kings XI Punjab,2.0,,SP Narine,0,2012
548324,2012-04-15,2012,Indian Premier League,M Chinnaswamy Stadium,Bangalore,Royal Challengers Bangalore,Rajasthan Royals,Rajasthan Royals,bat,Rajasthan Royals,59.0,,AM Rahane,1,2012
548325,2012-04-16,2012,Indian Premier League,Wankhede Stadium,Mumbai,Mumbai Indians,Delhi Daredevils,Delhi Daredevils,field,Delhi Daredevils,,7.0,S Nadeem,1,2012
548326,2012-04-17,2012,Indian Premier League,Sawai Mansingh Stadium,Jaipur,Rajasthan Royals,Deccan Chargers,Deccan Chargers,bat,Rajasthan Royals,,5.0,BJ Hodge,0,2012
548327,2012-04-17,2012,Indian Premier League,M Chinnaswamy Stadium,Bangalore,Royal Challengers Bangalore,Pune Warriors,Pune Warriors,bat,Royal Challengers Bangalore,,6.0,CH Gayle,0,2012
548328,2012-04-18,2012,Indian Premier League,"Punjab Cricket Association Stadium, Mohali",Chandigarh,Kings XI Punjab,Kolkata Knight Riders,Kings XI Punjab,bat,Kolkata Knight Riders,,8.0,G Gambhir,0,2012
548329,2012-05-10,2012,Indian Premier League,"Rajiv Gandhi International Stadium, Uppal",Hyderabad,Deccan Chargers,Delhi Daredevils,Deccan Chargers,bat,Delhi Daredevils,,9.0,DA Warner,0,2012
548330,2012-04-19,2012,Indian Premier League,"MA Chidambaram Stadium, Chepauk",Chennai,Chennai Super Kings,Pune Warriors,Pune Warriors,field,Chennai Super Kings,13.0,,KMDN Kulasekara,0,2012
548331,2012-04-20,2012,Indian Premier League,"Punjab Cricket Association Stadium, Mohali",Chandigarh,Kings XI Punjab,Royal Challengers Bangalore,Royal Challengers Bangalore,field,Royal Challengers Bangalore,,5.0,CH Gayle,1,2012
548332,2012-04-21,2012,Indian Premier League,"MA Chidambaram Stadium, Chepauk",Chennai,Chennai Super Kings,Rajasthan Royals,Rajasthan Royals,bat,Chennai Super Kings,,7.0,F du Plessis,0,2012
548333,2012-04-21,2012,Indian Premier League,Feroz Shah Kotla,Delhi,Delhi Daredevils,Pune Warriors,Delhi Daredevils,field,Pune Warriors,20.0,,SC Ganguly,0,2012
548334,2012-04-22,2012,Indian Premier League,Wankhede Stadium,Mumbai,Mumbai Indians,Kings XI Punjab,Mumbai Indians,bat,Kings XI Punjab,,6.0,SE Marsh,0,2012
548335,2012-04-22,2012,Indian Premier League,Barabati Stadium,Cuttack,Deccan Chargers,Kolkata Knight Riders,Kolkata Knight Riders,field,Kolkata Knight Riders,,5.0,B Lee,1,2012
548336,2012-04-23,2012,Indian Premier League,Sawai Mansingh Stadium,Jaipur,Rajasthan Royals,Royal Challengers Bangalore,Rajasthan Royals,field,Royal Challengers Bangalore,46.0,,AB de Villiers,0,2012
548337,2012-04-24,2012,Indian Premier League,Subrata Roy Sahara Stadium,Pune,Pune Warriors,Delhi Daredevils,Pune Warriors,bat,Delhi Daredevils,,8.0,V Sehwag,0,2012
548339,2012-04-25,2012,Indian Premier League,"Punjab Cricket Association Stadium, Mohali",Chandigarh,Kings XI Punjab,Mumbai Indians,Kings XI Punjab,bat,Mumbai Indians,,4.0,AT Rayudu,0,2012
548341,2012-04-26,2012,Indian Premier League,Subrata Roy Sahara Stadium,Pune,Pune Warriors,Deccan Chargers,Deccan Chargers,bat,Deccan Chargers,18.0,,CL White,1,2012
548342,2012-04-27,2012,Indian Premier League,Feroz Shah Kotla,Delhi,Delhi Daredevils,Mumbai Indians,Mumbai Indians,field,Delhi Daredevils,37.0,,V Sehwag,0,2012
548343,2012-04-28,2012,Indian Premier League,"MA Chidambaram Stadium, Chepauk",Chennai,Chennai Super Kings,Kings XI Punjab,Kings XI Punjab,bat,Kings XI Punjab,7.0,,Mandeep Singh,1,2012
548344,2012-04-28,2012,Indian Premier League,Eden Gardens,Kolkata,Kolkata Knight Riders,Royal Challengers Bangalore,Kolkata Knight Riders,bat,Kolkata Knight Riders,47.0,,G Gambhir,1,2012
548345,2012-04-29,2012,Indian Premier League,Feroz Shah Kotla,Delhi,Delhi Daredevils,Rajasthan Royals,Delhi Daredevils,bat,Delhi Daredevils,1.0,,V Sehwag,1,2012
548346,2012-04-29,2012,Indian Premier League,Wankhede Stadium,Mumbai,Mumbai Indians,Deccan Chargers,Mumbai Indians,field,Mumbai Indians,,5.0,DW Steyn,1,2012
548347,2012-04-30,2012,Indian Premier League,"MA Chidambaram Stadium, Chepauk",Chennai,Chennai Super Kings,Kolkata Knight Riders,Chennai Super Kings,bat,Kolkata Knight Riders,,5.0,G Gambhir,0,2012
548348,2012-05-01,2012,Indian Premier League,Barabati Stadium,Cuttack,Deccan Chargers,Pune Warriors,Deccan Chargers,bat,Deccan Chargers,13.0,,KC Sangakkara,1,2012
548349,2012-05-01,2012,Indian Premier League,Sawai Mansingh Stadium,Jaipur,Rajasthan Royals,Delhi Daredevils,Rajasthan Royals,bat,Delhi Daredevils,,6.0,P Negi,0,2012
548350,2012-05-02,2012,Indian Premier League,M Chinnaswamy Stadium,Bangalore,Royal Challengers Bangalore,Kings XI Punjab,Kings XI Punjab,field,Kings XI Punjab,,4.0,Azhar Mahmood,1,2012
548351,2012-05-03,2012,Indian Premier League,Subrata Roy Sahara Stadium,Pune,Pune Warriors,Mumbai Indians,Mumbai Indians,bat,Mumbai Indians,1.0,,SL Malinga,1,2012
548352,2012-05-04,2012,Indian Premier League,"MA Chidambaram Stadium, Chepauk",Chennai,Chennai Super Kings,Deccan Chargers,Chennai Super Kings,bat,Chennai Super Kings,10.0,,SK Raina,1,2012
548353,2012-05-05,2012,Indian Premier League,Eden Gardens,Kolkata,Kolkata Knight Riders,Pune Warriors,Kolkata Knight Riders,bat,Kolkata Knight Riders,7.0,,SP Narine,1,2012
548354,2012-05-05,2012,Indian Premier League,"Punjab Cricket Association Stadium, Mohali",Chandigarh,Kings XI Punjab,Rajasthan Royals,Rajasthan Royals,bat,Rajasthan Royals,43.0,,SR Watson,1,2012
548355,2012-05-06,2012,Indian Premier League,Wankhede Stadium,Mumbai,Mumbai Indians,Chennai Super Kings,Mumbai Indians,field,Mumbai Indians,,2.0,DR Smith,1,2012
548356,2012-05-06,2012,Indian Premier League,M Chinnaswamy Stadium,Bangalore,Royal Challengers Bangalore,Deccan Chargers,Royal Challengers Bangalore,field,Royal Challengers Bangalore,,5.0,AB de Villiers,1,2012
548357,2012-05-07,2012,Indian Premier League,Feroz Shah Kotla,Delhi,Delhi Daredevils,Kolkata Knight Riders,Delhi Daredevils,bat,Kolkata Knight Riders,,6.0,JH Kallis,0,2012
548358,2012-05-08,2012,Indian Premier League,Subrata Roy Sahara Stadium,Pune,Pune Warriors,Rajasthan Royals,Pune Warriors,bat,Rajasthan Royals,,7.0,SR Watson,0,2012
548359,2012-05-08,2012,Indian Premier League,"Rajiv Gandhi International Stadium, Uppal",Hyderabad,Deccan Chargers,Kings XI Punjab,Deccan Chargers,field,Kings XI Punjab,25.0,,Mandeep Singh,0,2012
548360,2012-05-09,2012,Indian Premier League,Wankhede Stadium,Mumbai,Mumbai Indians,Royal Challengers Bangalore,Royal Challengers Bangalore,field,Royal Challengers Bangalore,,9.0,CH Gayle,1,2012
548361,2012-05-10,2012,Indian Premier League,Sawai Mansingh Stadium,Jaipur,Rajasthan Royals,Chennai Super Kings,Chennai Super Kings,field,Chennai Super Kings,,4.0,BW Hilfenhaus,1,2012
548362,2012-05-11,2012,Indian Premier League,Subrata Roy Sahara Stadium,Pune,Pune Warriors,Royal Challengers Bangalore,Pune Warriors,field,Royal Challengers Bangalore,35.0,,CH Gayle,0,2012
548363,2012-05-12,2012,Indian Premier League,Eden Gardens,Kolkata,Kolkata Knight Riders,Mumbai Indians,Mumbai Indians,bat,Mumbai Indians,27.0,,RG Sharma,1,2012
548364,2012-05-12,2012,Indian Premier League,"MA Chidambaram Stadium, Chepauk",Chennai,Chennai Super Kings,Delhi Daredevils,Chennai Super Kings,field,Chennai Super Kings,,9.0,BW Hilfenhaus,1,2012
548365,2012-05-13,2012,Indian Premier League,Sawai Mansingh Stadium,Jaipur,Rajasthan Royals,Pune Warriors,Rajasthan Royals,bat,Rajasthan Royals,45.0,,A Chandila,1,2012
548366,2012-05-13,2012,Indian Premier League,"Punjab Cricket Association Stadium, Mohali",Chandigarh,Kings XI Punjab,Deccan Chargers,Deccan Chargers,bat,Kings XI Punjab,,4.0,DJ Hussey,0,2012
548367,2012-05-14,2012,Indian Premier League,M Chinnaswamy Stadium,Bangalore,Royal Challengers Bangalore,Mumbai Indians,Mumbai Indians,field,Mumbai Indians,,5.0,AT Rayudu,1,2012
548368,2012-05-14,2012,Indian Premier League,Eden Gardens,Kolkata,Kolkata Knight Riders,Chennai Super Kings,Chennai Super Kings,field,Chennai Super Kings,,5.0,MEK Hussey,1,2012
548369,2012-05-15,2012,Indian Premier League,Feroz Shah Kotla,Delhi,Delhi Daredevils,Kings XI Punjab,Kings XI Punjab,bat,Delhi Daredevils,,5.0,UT Yadav,0,2012
548370,2012-05-16,2012,Indian Premier League,Wankhede Stadium,Mumbai,Mumbai Indians,Kolkata Knight Riders,Mumbai Indians,field,Kolkata Knight Riders,32.0,,SP Narine,0,2012
548371,2012-05-17,2012,Indian Premier League,Himachal Pradesh Cricket Association Stadium,Dharamsala,Kings XI Punjab,Chennai Super Kings,Kings XI Punjab,field,Kings XI Punjab,,6.0,AC Gilchrist,1,2012
548372,2012-05-17,2012,Indian Premier League,Feroz Shah Kotla,Delhi,Delhi Daredevils,Royal Challengers Bangalore,Delhi Daredevils,field,Royal Challengers Bangalore,21.0,,CH Gayle,0,2012
548373,2012-05-18,2012,Indian Premier League,"Rajiv Gandhi International Stadium, Uppal",Hyderabad,Deccan Chargers,Rajasthan Royals,Rajasthan Royals,bat,Deccan Chargers,,5.0,DW Steyn,0,2012
548374,2012-05-19,2012,Indian Premier League,Himachal Pradesh Cricket Association Stadium,Dharamsala,Kings XI Punjab,Delhi Daredevils,Delhi Daredevils,field,Delhi Daredevils,,6.0,UT Yadav,1,2012
548375,2012-05-19,2012,Indian Premier League,Subrata Roy Sahara Stadium,Pune,Pune Warriors,Kolkata Knight Riders,Kolkata Knight Riders,bat,Kolkata Knight Riders,34.0,,Shakib Al Hasan,1,2012
548376,2012-05-20,2012,Indian Premier League,"Rajiv Gandhi International Stadium, Uppal",Hyderabad,Deccan Chargers,Royal Challengers Bangalore,Royal Challengers Bangalore,field,Deccan Chargers,9.0,,DW Steyn,0,2012
548377,2012-05-20,2012,Indian Premier League,Sawai Mansingh Stadium,Jaipur,Rajasthan Royals,Mumbai Indians,Rajasthan Royals,bat,Mumbai Indians,,10.0,DR Smith,0,2012
548378,2012-05-22,2012,Indian Premier League,Subrata Roy Sahara Stadium,Pune,Delhi Daredevils,Kolkata Knight Riders,Kolkata Knight Riders,bat,Kolkata Knight Riders,18.0,,YK Pathan,1,2012
548379,2012-05-23,2012,Indian Premier League,M Chinnaswamy Stadium,Bangalore,Chennai Super Kings,Mumbai Indians,Mumbai Indians,field,Chennai Super Kings,38.0,,MS Dhoni,0,2012
548380,2012-05-25,2012,Indian Premier League,"MA Chidambaram Stadium, Chepauk",Chennai,Delhi Daredevils,Chennai Super Kings,Delhi Daredevils,field,Chennai Super Kings,86.0,,M Vijay,0,2012
548381,2012-05-27,2012,Indian Premier League,"MA Chidambaram Stadium, Chepauk",Chennai,Kolkata Knight Riders,Chennai Super Kings,Chennai Super Kings,bat,Kolkata Knight Riders,,5.0,MS Bisla,0,2012
597998,2013-04-03,2013,Indian Premier League,Eden Gardens,Kolkata,Kolkata Knight Riders,Delhi Daredevils,Kolkata Knight Riders,field,Kolkata Knight Riders,,6.0,SP Narine,1,2013
597999,2013-04-04,2013,Indian Premier League,M Chinnaswamy Stadium,Bangalore,Royal Challengers Bangalore,Mumbai Indians,Mumbai Indians,field,Royal Challengers Bangalore,2.0,,CH Gayle,0,2013
598000,2013-04-05,2013,Indian Premier League,"Rajiv Gandhi International Stadium, Uppal",Hyderabad,Sunrisers Hyderabad,Pune Warriors,Pune Warriors,field,Sunrisers Hyderabad,22.0,,A Mishra,0,2013
598001,2013-04-06,2013,Indian Premier League,Feroz Shah Kotla,Delhi,Delhi Daredevils,Rajasthan Royals,Rajasthan Royals,bat,Rajasthan Royals,5.0,,R Dravid,1,2013
598002,2013-04-06,2013,Indian Premier League,"MA Chidambaram Stadium, Chepauk",Chennai,Chennai Super Kings,Mumbai Indians,Mumbai Indians,bat,Mumbai Indians,9.0,,KA Pollard,1,2013
598003,2013-04-07,2013,Indian Premier League,Subrata Roy Sahara Stadium,Pune,Pune Warriors,Kings XI Punjab,Pune Warriors,bat,Kings XI Punjab,,8.0,M Vohra,0,2013
598004,2013-04-07,2013,Indian Premier League,"Rajiv Gandhi International Stadium, Uppal",Hyderabad,Sunrisers Hyderabad,Royal Challengers Bangalore,Royal Challengers Bangalore,bat,tie,,,GH Vihari,0,2013
598005,2013-04-08,2013,Indian Premier League,Sawai Mansingh Stadium,Jaipur,Rajasthan Royals,Kolkata Knight Riders,Kolkata Knight Riders,field,Rajasthan Royals,19.0,,SK Trivedi,0,2013
598006,2013-04-09,2013,Indian Premier League,Wankhede Stadium,Mumbai,Mumbai Indians,Delhi Daredevils,Mumbai Indians,bat,Mumbai Indians,44.0,,KD Karthik,1,2013
598007,2013-04-10,2013,Indian Premier League,"Punjab Cricket Association Stadium, Mohali",Chandigarh,Kings XI Punjab,Chennai Super Kings,Chennai Super Kings,field,Chennai Super Kings,,10.0,MEK Hussey,1,2013
598008,2013-04-11,2013,Indian Premier League,M Chinnaswamy Stadium,Bangalore,Royal Challengers Bangalore,Kolkata Knight Riders,Royal Challengers Bangalore,field,Royal Challengers Bangalore,,8.0,CH Gayle,1,2013
598009,2013-04-11,2013,Indian Premier League,Subrata Roy Sahara Stadium,Pune,Pune Warriors,Rajasthan Royals,Rajasthan Royals,bat,Pune Warriors,,7.0,AJ Finch,0,2013
598010,2013-04-12,2013,Indian Premier League,Feroz Shah Kotla,Delhi,Delhi Daredevils,Sunrisers Hyderabad,Delhi Daredevils,bat,Sunrisers Hyderabad,,3.0,A Mishra,0,2013
598011,2013-04-13,2013,Indian Premier League,Wankhede Stadium,Mumbai,Mumbai Indians,Pune Warriors,Mumbai Indians,bat,Mumbai Indians,41.0,,RG Sharma,1,2013
598012,2013-04-13,2013,Indian Premier League,"MA Chidambaram Stadium, Chepauk",Chennai,Chennai Super Kings,Royal Challengers Bangalore,Chennai Super Kings,field,Chennai Super Kings,,4.0,RA Jadeja,1,2013
598013,2013-04-14,2013,Indian Premier League,Eden Gardens,Kolkata,Kolkata Knight Riders,Sunrisers Hyderabad,Kolkata Knight Riders,bat,Kolkata Knight Riders,48.0,,G Gambhir,1,2013
598014,2013-04-14,2013,Indian Premier League,Sawai Mansingh Stadium,Jaipur,Rajasthan Royals,Kings XI Punjab,Rajasthan Royals,field,Rajasthan Royals,,6.0,JP Faulkner,1,2013
598015,2013-04-15,2013,Indian Premier League,"MA Chidambaram Stadium, Chepauk",Chennai,Chennai Super Kings,Pune Warriors,Pune Warriors,bat,Pune Warriors,24.0,,SPD Smith,1,2013
598016,2013-04-16,2013,Indian Premier League,"Punjab Cricket Association Stadium, Mohali",Chandigarh,Kings XI Punjab,Kolkata Knight Riders,Kolkata Knight Riders,field,Kings XI Punjab,4.0,,MS Gony,0,2013
598017,2013-04-16,2013,Indian Premier League,M Chinnaswamy Stadium,Bangalore,Royal Challengers Bangalore,Delhi Daredevils,Royal Challengers Bangalore,field,tie,,,V Kohli,0,2013
598018,2013-04-17,2013,Indian Premier League,Maharashtra Cricket Association Stadium,Pune,Pune Warriors,Sunrisers Hyderabad,Pune Warriors,field,Sunrisers Hyderabad,11.0,,A Mishra,0,2013
598019,2013-04-17,2013,Indian Premier League,Sawai Mansingh Stadium,Jaipur,Rajasthan Royals,Mumbai Indians,Rajasthan Royals,bat,Rajasthan Royals,87.0,,AM Rahane,1,2013
598020,2013-04-18,2013,Indian Premier League,Feroz Shah Kotla,Delhi,Delhi Daredevils,Chennai Super Kings,Chennai Super Kings,bat,Chennai Super Kings,86.0,,MEK Hussey,1,2013
598021,2013-04-19,2013,Indian Premier League,"Rajiv Gandhi International Stadium, Uppal",Hyderabad,Sunrisers Hyderabad,Kings XI Punjab,Kings XI Punjab,bat,Sunrisers Hyderabad,,5.0,GH Vihari,0,2013
598022,2013-04-20,2013,Indian Premier League,Eden Gardens,Kolkata,Kolkata Knight Riders,Chennai Super Kings,Kolkata Knight Riders,bat,Chennai Super Kings,,4.0,RA Jadeja,0,2013
598023,2013-04-20,2013,Indian Premier League,M Chinnaswamy Stadium,Bangalore,Royal Challengers Bangalore,Rajasthan Royals,Royal Challengers Bangalore,field,Royal Challengers Bangalore,,7.0,R Vinay Kumar,1,2013
598024,2013-04-21,2013,Indian Premier League,Feroz Shah Kotla,Delhi,Delhi Daredevils,Mumbai Indians,Mumbai Indians,bat,Delhi Daredevils,,9.0,V Sehwag,0,2013
598025,2013-04-21,2013,Indian Premier League,"Punjab Cricket Association Stadium, Mohali",Chandigarh,Kings XI Punjab,Pune Warriors,Kings XI Punjab,field,Kings XI Punjab,,7.0,DA Miller,1,2013
598026,2013-04-22,2013,Indian Premier League,"MA Chidambaram Stadium, Chepauk",Chennai,Chennai Super Kings,Rajasthan Royals,Rajasthan Royals,bat,Chennai Super Kings,,5.0,MEK Hussey,0,2013
598027,2013-04-23,2013,Indian Premier League,M Chinnaswamy Stadium,Bangalore,Royal Challengers Bangalore,Pune Warriors,Pune Warriors,field,Royal Challengers Bangalore,130.0,,CH Gayle,0,2013
598028,2013-05-16,2013,Indian Premier League,Himachal Pradesh Cricket Association Stadium,Dharamsala,Kings XI Punjab,Delhi Daredevils,Delhi Daredevils,field,Kings XI Punjab,7.0,,DA Miller,0,2013
598029,2013-04-24,2013,Indian Premier League,Eden Gardens,Kolkata,Kolkata Knight Riders,Mumbai Indians,Kolkata Knight Riders,bat,Mumbai Indians,,5.0,DR Smith,0,2013
598030,2013-04-25,2013,Indian Premier League,"MA Chidambaram Stadium, Chepauk",Chennai,Chennai Super Kings,Sunrisers Hyderabad,Sunrisers Hyderabad,bat,Chennai Super Kings,,5.0,MS Dhoni,0,2013
598031,2013-04-26,2013,Indian Premier League,Eden Gardens,Kolkata,Kolkata Knight Riders,Kings XI Punjab,Kings XI Punjab,bat,Kolkata Knight Riders,,6.0,JH Kallis,0,2013
598032,2013-04-27,2013,Indian Premier League,Sawai Mansingh Stadium,Jaipur,Rajasthan Royals,Sunrisers Hyderabad,Sunrisers Hyderabad,bat,Rajasthan Royals,,8.0,JP Faulkner,0,2013
598033,2013-04-27,2013,Indian Premier League,Wankhede Stadium,Mumbai,Mumbai Indians,Royal Challengers Bangalore,Mumbai Indians,bat,Mumbai Indians,58.0,,DR Smith,1,2013
598034,2013-04-28,2013,Indian Premier League,"MA Chidambaram Stadium, Chepauk",Chennai,Chennai Super Kings,Kolkata Knight Riders,Kolkata Knight Riders,field,Chennai Super Kings,14.0,,MEK Hussey,0,2013
598035,2013-04-28,2013,Indian Premier League,Shaheed Veer Narayan Singh International Stadium,Raipur,Delhi Daredevils,Pune Warriors,Pune Warriors,field,Delhi Daredevils,15.0,,DA Warner,0,2013
598036,2013-04-29,2013,Indian Premier League,Sawai Mansingh Stadium,Jaipur,Rajasthan Royals,Royal Challengers Bangalore,Rajasthan Royals,field,Rajasthan Royals,,4.0,SV Samson,1,2013
598037,2013-04-29,2013,Indian Premier League,Wankhede Stadium,Mumbai,Mumbai Indians,Kings XI Punjab,Mumbai Indians,bat,Mumbai Indians,4.0,,RG Sharma,1,2013
598038,2013-04-30,2013,Indian Premier League,Subrata Roy Sahara Stadium,Pune,Pune Warriors,Chennai Super Kings,Chennai Super Kings,bat,Chennai Super Kings,37.0,,MS Dhoni,1,2013
598039,2013-05-01,2013,Indian Premier League,"Rajiv Gandhi International Stadium, Uppal",Hyderabad,Sunrisers Hyderabad,Mumbai Indians,Mumbai Indians,bat,Sunrisers Hyderabad,,7.0,I Sharma,0,2013
598040,2013-05-01,2013,Indian Premier League,Shaheed Veer Narayan Singh International Stadium,Raipur,Delhi Daredevils,Kolkata Knight Riders,Kolkata Knight Riders,bat,Delhi Daredevils,,7.0,DA Warner,0,2013
598041,2013-05-02,2013,Indian Premier League,"MA Chidambaram Stadium, Chepauk",Chennai,Chennai Super Kings,Kings XI Punjab,Chennai Super Kings,bat,Chennai Super Kings,15.0,,SK Raina,1,2013
598042,2013-05-02,2013,Indian Premier League,Subrata Roy Sahara Stadium,Pune,Pune Warriors,Royal Challengers Bangalore,Royal Challengers Bangalore,bat,Royal Challengers Bangalore,17.0,,AB de Villiers,1,2013
598043,2013-05-03,2013,Indian Premier League,Eden Gardens,Kolkata,Kolkata Knight Riders,Rajasthan Royals,Rajasthan Royals,bat,Kolkata Knight Riders,,8.0,YK Pathan,0,2013
598044,2013-05-04,2013,Indian Premier League,"Rajiv Gandhi International Stadium, Uppal",Hyderabad,Sunrisers Hyderabad,Delhi Daredevils,Delhi Daredevils,bat,Sunrisers Hyderabad,,6.0,DJG Sammy,0,2013
598045,2013-05-14,2013,Indian Premier League,M Chinnaswamy Stadium,Bangalore,Royal Challengers Bangalore,Kings XI Punjab,Kings XI Punjab,field,Kings XI Punjab,,7.0,AC Gilchrist,1,2013
598046,2013-05-05,2013,Indian Premier League,Wankhede Stadium,Mumbai,Mumbai Indians,Chennai Super Kings,Mumbai Indians,bat,Mumbai Indians,60.0,,MG Johnson,1,2013
598047,2013-05-05,2013,Indian Premier League,Sawai Mansingh Stadium,Jaipur,Rajasthan Royals,Pune Warriors,Pune Warriors,bat,Rajasthan Royals,,5.0,AM Rahane,0,2013
598048,2013-04-09,2013,Indian Premier League,M Chinnaswamy Stadium,Bangalore,Royal Challengers Bangalore,Sunrisers Hyderabad,Sunrisers Hyderabad,bat,Royal Challengers Bangalore,,7.0,V Kohli,0,2013
598049,2013-05-07,2013,Indian Premier League,Sawai Mansingh Stadium,Jaipur,Rajasthan Royals,Delhi Daredevils,Delhi Daredevils,bat,Rajasthan Royals,,9.0,AM Rahane,0,2013
598050,2013-05-07,2013,Indian Premier League,Wankhede Stadium,Mumbai,Mumbai Indians,Kolkata Knight Riders,Mumbai Indians,bat,Mumbai Indians,65.0,,SR Tendulkar,1,2013
598051,2013-05-08,2013,Indian Premier League,"Rajiv Gandhi International Stadium, Uppal",Hyderabad,Sunrisers Hyderabad,Chennai Super Kings,Sunrisers Hyderabad,field,Chennai Super Kings,77.0,,SK Raina,0,2013
598052,2013-05-09,2013,Indian Premier League,"Punjab Cricket Association Stadium, Mohali",Chandigarh,Kings XI Punjab,Rajasthan Royals,Rajasthan Royals,field,Rajasthan Royals,,8.0,KK Cooper,1,2013
598053,2013-05-09,2013,Indian Premier League,Subrata Roy Sahara Stadium,Pune,Pune Warriors,Kolkata Knight Riders,Kolkata Knight Riders,bat,Kolkata Knight Riders,46.0,,G Gambhir,1,2013
598054,2013-05-10,2013,Indian Premier League,Feroz Shah Kotla,Delhi,Delhi Daredevils,Royal Challengers Bangalore,Delhi Daredevils,field,Royal Challengers Bangalore,4.0,,JD Unadkat,0,2013
598055,2013-05-11,2013,Indian Premier League,Subrata Roy Sahara Stadium,Pune,Pune Warriors,Mumbai Indians,Pune Warriors,bat,Mumbai Indians,,5.0,MG Johnson,0,2013
598056,2013-05-11,2013,Indian Premier League,"Punjab Cricket Association Stadium, Mohali",Chandigarh,Kings XI Punjab,Sunrisers Hyderabad,Kings XI Punjab,field,Sunrisers Hyderabad,30.0,,PA Patel,0,2013
598057,2013-05-12,2013,Indian Premier League,JSCA International Stadium Complex,Ranchi,Kolkata Knight Riders,Royal Challengers Bangalore,Kolkata Knight Riders,field,Kolkata Knight Riders,,5.0,JH Kallis,1,2013
598058,2013-05-12,2013,Indian Premier League,Sawai Mansingh Stadium,Jaipur,Rajasthan Royals,Chennai Super Kings,Rajasthan Royals,field,Rajasthan Royals,,5.0,SR Watson,1,2013
598059,2013-04-23,2013,Indian Premier League,Feroz Shah Kotla,Delhi,Delhi Daredevils,Kings XI Punjab,Kings XI Punjab,field,Kings XI Punjab,,5.0,Harmeet Singh,1,2013
598060,2013-05-13,2013,Indian Premier League,Wankhede Stadium,Mumbai,Mumbai Indians,Sunrisers Hyderabad,Sunrisers Hyderabad,bat,Mumbai Indians,,7.0,KA Pollard,0,2013
598061,2013-05-15,2013,Indian Premier League,JSCA International Stadium Complex,Ranchi,Kolkata Knight Riders,Pune Warriors,Kolkata Knight Riders,field,Pune Warriors,7.0,,MK Pandey,0,2013
598062,2013-05-14,2013,Indian Premier League,"MA Chidambaram Stadium, Chepauk",Chennai,Chennai Super Kings,Delhi Daredevils,Chennai Super Kings,bat,Chennai Super Kings,33.0,,MS Dhoni,1,2013
598063,2013-05-15,2013,Indian Premier League,Wankhede Stadium,Mumbai,Mumbai Indians,Rajasthan Royals,Rajasthan Royals,field,Mumbai Indians,14.0,,AP Tare,0,2013
598064,2013-05-06,2013,Indian Premier League,"Punjab Cricket Association Stadium, Mohali",Chandigarh,Kings XI Punjab,Royal Challengers Bangalore,Kings XI Punjab,field,Kings XI Punjab,,6.0,DA Miller,1,2013
598065,2013-05-17,2013,Indian Premier League,"Rajiv Gandhi International Stadium, Uppal",Hyderabad,Sunrisers Hyderabad,Rajasthan Royals,Sunrisers Hyderabad,bat,Sunrisers Hyderabad,23.0,,A Mishra,1,2013
598066,2013-05-18,2013,Indian Premier League,Himachal Pradesh Cricket Association Stadium,Dharamsala,Kings XI Punjab,Mumbai Indians,Mumbai Indians,field,Kings XI Punjab,50.0,,Azhar Mahmood,0,2013
598067,2013-05-19,2013,Indian Premier League,Subrata Roy Sahara Stadium,Pune,Pune Warriors,Delhi Daredevils,Pune Warriors,bat,Pune Warriors,38.0,,LJ Wright,1,2013
598068,2013-05-18,2013,Indian Premier League,M Chinnaswamy Stadium,Bangalore,Royal Challengers Bangalore,Chennai Super Kings,Chennai Super Kings,field,Royal Challengers Bangalore,24.0,,V Kohli,0,2013
598069,2013-05-19,2013,Indian Premier League,"Rajiv Gandhi International Stadium, Uppal",Hyderabad,Sunrisers Hyderabad,Kolkata Knight Riders,Kolkata Knight Riders,bat,Sunrisers Hyderabad,,5.0,PA Patel,0,2013
598070,2013-05-21,2013,Indian Premier League,Feroz Shah Kotla,Delhi,Chennai Super Kings,Mumbai Indians,Chennai Super Kings,bat,Chennai Super Kings,48.0,,MEK Hussey,1,2013
598071,2013-05-22,2013,Indian Premier League,Feroz Shah Kotla,Delhi,Rajasthan Royals,Sunrisers Hyderabad,Sunrisers Hyderabad,bat,Rajasthan Royals,,4.0,BJ Hodge,0,2013
598072,2013-05-24,2013,Indian Premier League,Eden Gardens,Kolkata,Mumbai Indians,Rajasthan Royals,Rajasthan Royals,bat,Mumbai Indians,,4.0,Harbhajan Singh,0,2013
598073,2013-05-26,2013,Indian Premier League,Eden Gardens,Kolkata,Chennai Super Kings,Mumbai Indians,Mumbai Indians,bat,Mumbai Indians,23.0,,KA Pollard,1,2013
729279,2014-04-16,2014,Indian Premier League,Sheikh Zayed Stadium,Abu Dhabi,Mumbai Indians,Kolkata Knight Riders,Kolkata Knight Riders,bat,Kolkata Knight Riders,41.0,,JH Kallis,1,2014
729281,2014-04-17,2014,Indian Premier League,Sharjah Cricket Stadium,,Delhi Daredevils,Royal Challengers Bangalore,Royal Challengers Bangalore,field,Royal Challengers Bangalore,,8.0,YS Chahal,1,2014
729283,2014-04-18,2014,Indian Premier League,Sheikh Zayed Stadium,Abu Dhabi,Chennai Super Kings,Kings XI Punjab,Chennai Super Kings,bat,Kings XI Punjab,,6.0,GJ Maxwell,0,2014
729285,2014-04-18,2014,Indian Premier League,Sheikh Zayed Stadium,Abu Dhabi,Sunrisers Hyderabad,Rajasthan Royals,Rajasthan Royals,field,Rajasthan Royals,,4.0,AM Rahane,1,2014
729287,2014-04-19,2014,Indian Premier League,Dubai International Cricket Stadium,,Royal Challengers Bangalore,Mumbai Indians,Royal Challengers Bangalore,field,Royal Challengers Bangalore,,7.0,PA Patel,1,2014
729289,2014-04-19,2014,Indian Premier League,Dubai International Cricket Stadium,,Kolkata Knight Riders,Delhi Daredevils,Kolkata Knight Riders,bat,Delhi Daredevils,,4.0,JP Duminy,0,2014
729291,2014-04-20,2014,Indian Premier League,Sharjah Cricket Stadium,,Rajasthan Royals,Kings XI Punjab,Kings XI Punjab,field,Kings XI Punjab,,7.0,GJ Maxwell,1,2014
729293,2014-04-21,2014,Indian Premier League,Sheikh Zayed Stadium,Abu Dhabi,Chennai Super Kings,Delhi Daredevils,Chennai Super Kings,bat,Chennai Super Kings,93.0,,SK Raina,1,2014
729295,2014-04-22,2014,Indian Premier League,Sharjah Cricket Stadium,,Kings XI Punjab,Sunrisers Hyderabad,Sunrisers Hyderabad,field,Kings XI Punjab,72.0,,GJ Maxwell,0,2014
729297,2014-04-23,2014,Indian Premier League,Dubai International Cricket Stadium,,Rajasthan Royals,Chennai Super Kings,Rajasthan Royals,field,Chennai Super Kings,7.0,,RA Jadeja,0,2014
729299,2014-04-24,2014,Indian Premier League,Sharjah Cricket Stadium,,Royal Challengers Bangalore,Kolkata Knight Riders,Royal Challengers Bangalore,field,Kolkata Knight Riders,2.0,,CA Lynn,0,2014
729301,2014-04-25,2014,Indian Premier League,Dubai International Cricket Stadium,,Sunrisers Hyderabad,Delhi Daredevils,Sunrisers Hyderabad,bat,Sunrisers Hyderabad,4.0,,AJ Finch,1,2014
729303,2014-04-25,2014,Indian Premier League,Dubai International Cricket Stadium,,Chennai Super Kings,Mumbai Indians,Mumbai Indians,bat,Chennai Super Kings,,7.0,MM Sharma,0,2014
729305,2014-04-26,2014,Indian Premier League,Sheikh Zayed Stadium,Abu Dhabi,Rajasthan Royals,Royal Challengers Bangalore,Rajasthan Royals,field,Rajasthan Royals,,6.0,PV Tambe,1,2014
729307,2014-04-26,2014,Indian Premier League,Sheikh Zayed Stadium,Abu Dhabi,Kolkata Knight Riders,Kings XI Punjab,Kolkata Knight Riders,field,Kings XI Punjab,23.0,,Sandeep Sharma,0,2014
729309,2014-04-27,2014,Indian Premier League,Sharjah Cricket Stadium,,Delhi Daredevils,Mumbai Indians,Mumbai Indians,bat,Delhi Daredevils,,6.0,M Vijay,0,2014
729311,2014-04-27,2014,Indian Premier League,Sharjah Cricket Stadium,,Sunrisers Hyderabad,Chennai Super Kings,Sunrisers Hyderabad,bat,Chennai Super Kings,,5.0,DR Smith,0,2014
729313,2014-04-28,2014,Indian Premier League,Dubai International Cricket Stadium,,Kings XI Punjab,Royal Challengers Bangalore,Kings XI Punjab,field,Kings XI Punjab,,5.0,Sandeep Sharma,1,2014
729315,2014-04-29,2014,Indian Premier League,Sheikh Zayed Stadium,Abu Dhabi,Kolkata Knight Riders,Rajasthan Royals,Rajasthan Royals,bat,tie,,,JP Faulkner,0,2014
729317,2014-04-30,2014,Indian Premier League,Dubai International Cricket Stadium,,Mumbai Indians,Sunrisers Hyderabad,Mumbai Indians,field,Sunrisers Hyderabad,15.0,,B Kumar,0,2014
733971,2014-05-02,2014,Indian Premier League,JSCA International Stadium Complex,Ranchi,Chennai Super Kings,Kolkata Knight Riders,Chennai Super Kings,bat,Chennai Super Kings,34.0,,RA Jadeja,1,2014
733973,2014-05-03,2014,Indian Premier League,Wankhede Stadium,Mumbai,Mumbai Indians,Kings XI Punjab,Kings XI Punjab,bat,Mumbai Indians,,5.0,CJ Anderson,0,2014
733975,2014-05-03,2014,Indian Premier League,Feroz Shah Kotla,Delhi,Delhi Daredevils,Rajasthan Royals,Rajasthan Royals,field,Rajasthan Royals,,7.0,KK Nair,1,2014
733977,2014-05-04,2014,Indian Premier League,M Chinnaswamy Stadium,Bangalore,Royal Challengers Bangalore,Sunrisers Hyderabad,Royal Challengers Bangalore,field,Royal Challengers Bangalore,,4.0,AB de Villiers,1,2014
733979,2014-05-05,2014,Indian Premier League,"Sardar Patel Stadium, Motera",Ahmedabad,Rajasthan Royals,Kolkata Knight Riders,Kolkata Knight Riders,field,Rajasthan Royals,10.0,,PV Tambe,0,2014
733981,2014-05-05,2014,Indian Premier League,Feroz Shah Kotla,Delhi,Delhi Daredevils,Chennai Super Kings,Chennai Super Kings,field,Chennai Super Kings,,8.0,DR Smith,1,2014
733983,2014-05-06,2014,Indian Premier League,Wankhede Stadium,Mumbai,Mumbai Indians,Royal Challengers Bangalore,Royal Challengers Bangalore,field,Mumbai Indians,19.0,,RG Sharma,0,2014
733985,2014-05-07,2014,Indian Premier League,Feroz Shah Kotla,Delhi,Delhi Daredevils,Kolkata Knight Riders,Delhi Daredevils,bat,Kolkata Knight Riders,,8.0,G Gambhir,0,2014
733987,2014-05-07,2014,Indian Premier League,Barabati Stadium,Cuttack,Kings XI Punjab,Chennai Super Kings,Chennai Super Kings,field,Kings XI Punjab,44.0,,GJ Maxwell,0,2014
733989,2014-05-08,2014,Indian Premier League,"Sardar Patel Stadium, Motera",Ahmedabad,Rajasthan Royals,Sunrisers Hyderabad,Rajasthan Royals,field,Sunrisers Hyderabad,32.0,,B Kumar,0,2014
733991,2014-05-09,2014,Indian Premier League,M Chinnaswamy Stadium,Bangalore,Royal Challengers Bangalore,Kings XI Punjab,Royal Challengers Bangalore,field,Kings XI Punjab,32.0,,Sandeep Sharma,0,2014
733993,2014-05-10,2014,Indian Premier League,Feroz Shah Kotla,Delhi,Delhi Daredevils,Sunrisers Hyderabad,Sunrisers Hyderabad,field,Sunrisers Hyderabad,,8.0,DW Steyn,1,2014
733995,2014-05-10,2014,Indian Premier League,Wankhede Stadium,Mumbai,Mumbai Indians,Chennai Super Kings,Chennai Super Kings,field,Chennai Super Kings,,4.0,DR Smith,1,2014
733997,2014-05-11,2014,Indian Premier League,Barabati Stadium,Cuttack,Kings XI Punjab,Kolkata Knight Riders,Kolkata Knight Riders,field,Kolkata Knight Riders,,9.0,G Gambhir,1,2014
733999,2014-05-11,2014,Indian Premier League,M Chinnaswamy Stadium,Bangalore,Royal Challengers Bangalore,Rajasthan Royals,Royal Challengers Bangalore,bat,Rajasthan Royals,,5.0,JP Faulkner,0,2014
734001,2014-05-12,2014,Indian Premier League,"Rajiv Gandhi International Stadium, Uppal",Hyderabad,Sunrisers Hyderabad,Mumbai Indians,Sunrisers Hyderabad,bat,Mumbai Indians,,7.0,AT Rayudu,0,2014
734003,2014-05-13,2014,Indian Premier League,JSCA International Stadium Complex,Ranchi,Chennai Super Kings,Rajasthan Royals,Rajasthan Royals,bat,Chennai Super Kings,,5.0,RA Jadeja,0,2014
734005,2014-05-13,2014,Indian Premier League,M Chinnaswamy Stadium,Bangalore,Royal Challengers Bangalore,Delhi Daredevils,Delhi Daredevils,field,Royal Challengers Bangalore,16.0,,Yuvraj Singh,0,2014
734007,2014-05-14,2014,Indian Premier League,"Rajiv Gandhi International Stadium, Uppal",Hyderabad,Sunrisers Hyderabad,Kings XI Punjab,Kings XI Punjab,field,Kings XI Punjab,,6.0,WP Saha,1,2014
734009,2014-05-14,2014,Indian Premier League,Barabati Stadium,Cuttack,Kolkata Knight Riders,Mumbai Indians,Kolkata Knight Riders,field,Kolkata Knight Riders,,6.0,RV Uthappa,1,2014
734011,2014-05-15,2014,Indian Premier League,"Sardar Patel Stadium, Motera",Ahmedabad,Rajasthan Royals,Delhi Daredevils,Delhi Daredevils,field,Rajasthan Royals,62.0,,AM Rahane,0,2014
734013,2014-05-18,2014,Indian Premier League,JSCA International Stadium Complex,Ranchi,Chennai Super Kings,Royal Challengers Bangalore,Chennai Super Kings,bat,Royal Challengers Bangalore,,5.0,AB de Villiers,0,2014
734015,2014-05-18,2014,Indian Premier League,"Rajiv Gandhi International Stadium, Uppal",Hyderabad,Sunrisers Hyderabad,Kolkata Knight Riders,Sunrisers Hyderabad,bat,Kolkata Knight Riders,,7.0,UT Yadav,0,2014
734017,2014-05-19,2014,Indian Premier League,"Sardar Patel Stadium, Motera",Ahmedabad,Rajasthan Royals,Mumbai Indians,Mumbai Indians,bat,Mumbai Indians,25.0,,MEK Hussey,1,2014
734019,2014-05-19,2014,Indian Premier League,Feroz Shah Kotla,Delhi,Delhi Daredevils,Kings XI Punjab,Kings XI Punjab,field,Kings XI Punjab,,4.0,AR Patel,1,2014
734021,2014-05-20,2014,Indian Premier League,"Rajiv Gandhi International Stadium, Uppal",Hyderabad,Sunrisers Hyderabad,Royal Challengers Bangalore,Royal Challengers Bangalore,bat,Sunrisers Hyderabad,,7.0,DA Warner,0,2014
734023,2014-05-20,2014,Indian Premier League,Eden Gardens,Kolkata,Kolkata Knight Riders,Chennai Super Kings,Kolkata Knight Riders,field,Kolkata Knight Riders,,8.0,RV Uthappa,1,2014
734025,2014-05-21,2014,Indian Premier League,"Punjab Cricket Association Stadium, Mohali",Chandigarh,Kings XI Punjab,Mumbai Indians,Mumbai Indians,field,Mumbai Indians,,7.0,LMP Simmons,1,2014
734027,2014-05-22,2014,Indian Premier League,Eden Gardens,Kolkata,Kolkata Knight Riders,Royal Challengers Bangalore,Royal Challengers Bangalore,field,Kolkata Knight Riders,30.0,,RV Uthappa,0,2014
734029,2014-05-22,2014,Indian Premier League,JSCA International Stadium Complex,Ranchi,Chennai Super Kings,Sunrisers Hyderabad,Sunrisers Hyderabad,field,Sunrisers Hyderabad,,6.0,DA Warner,1,2014
734031,2014-05-23,2014,Indian Premier League,Wankhede Stadium,Mumbai,Mumbai Indians,Delhi Daredevils,Delhi Daredevils,field,Mumbai Indians,15.0,,MEK Hussey,0,2014
734033,2014-05-23,2014,Indian Premier League,"Punjab Cricket Association Stadium, Mohali",Chandigarh,Kings XI Punjab,Rajasthan Royals,Rajasthan Royals,field,Kings XI Punjab,16.0,,SE Marsh,0,2014
734035,2014-05-24,2014,Indian Premier League,M Chinnaswamy Stadium,Bangalore,Royal Challengers Bangalore,Chennai Super Kings,Chennai Super Kings,field,Chennai Super Kings,,8.0,MS Dhoni,1,2014
734037,2014-05-24,2014,Indian Premier League,Eden Gardens,Kolkata,Kolkata Knight Riders,Sunrisers Hyderabad,Kolkata Knight Riders,field,Kolkata Knight Riders,,4.0,YK Pathan,1,2014
734039,2014-05-25,2014,Indian Premier League,"Punjab Cricket Association Stadium, Mohali",Chandigarh,Kings XI Punjab,Delhi Daredevils,Kings XI Punjab,field,Kings XI Punjab,,7.0,M Vohra,1,2014
734041,2014-05-25,2014,Indian Premier League,Wankhede Stadium,Mumbai,Mumbai Indians,Rajasthan Royals,Mumbai Indians,field,Mumbai Indians,,5.0,CJ Anderson,1,2014
734043,2014-05-27,2014,Indian Premier League,Eden Gardens,Kolkata,Kings XI Punjab,Kolkata Knight Riders,Kings XI Punjab,field,Kolkata Knight Riders,28.0,,UT Yadav,0,2014
734045,2014-05-28,2014,Indian Premier League,Brabourne Stadium,Mumbai,Chennai Super Kings,Mumbai Indians,Chennai Super Kings,field,Chennai Super Kings,,7.0,SK Raina,1,2014
734047,2014-05-30,2014,Indian Premier League,Wankhede Stadium,Mumbai,Chennai Super Kings,Kings XI Punjab,Chennai Super Kings,field,Kings XI Punjab,24.0,,V Sehwag,0,2014
734049,2014-06-01,2014,Indian Premier League,M Chinnaswamy Stadium,Bangalore,Kolkata Knight Riders,Kings XI Punjab,Kolkata Knight Riders,field,Kolkata Knight Riders,,3.0,MK Pandey,1,2014
829705,2015-04-08,2015,Indian Premier League,Eden Gardens,Kolkata,Kolkata Knight Riders,Mumbai Indians,Kolkata Knight Riders,field,Kolkata Knight Riders,,7.0,M Morkel,1,2015
829707,2015-04-09,2015,Indian Premier League,"MA Chidambaram Stadium, Chepauk",Chennai,Chennai Super Kings,Delhi Daredevils,Delhi Daredevils,field,Chennai Super Kings,1.0,,A Nehra,0,2015
829709,2015-04-10,2015,Indian Premier League,Maharashtra Cricket Association Stadium,Pune,Kings XI Punjab,Rajasthan Royals,Kings XI Punjab,field,Rajasthan Royals,26.0,,JP Faulkner,0,2015
829711,2015-04-11,2015,Indian Premier League,"MA Chidambaram Stadium, Chepauk",Chennai,Chennai Super Kings,Sunrisers Hyderabad,Chennai Super Kings,bat,Chennai Super Kings,45.0,,BB McCullum,1,2015
829713,2015-04-11,2015,Indian Premier League,Eden Gardens,Kolkata,Kolkata Knight Riders,Royal Challengers Bangalore,Royal Challengers Bangalore,field,Royal Challengers Bangalore,,3.0,CH Gayle,1,2015
829715,2015-04-12,2015,Indian Premier League,Feroz Shah Kotla,Delhi,Delhi Daredevils,Rajasthan Royals,Rajasthan Royals,field,Rajasthan Royals,,3.0,DJ Hooda,1,2015
829717,2015-04-12,2015,Indian Premier League,Wankhede Stadium,Mumbai,Mumbai Indians,Kings XI Punjab,Mumbai Indians,field,Kings XI Punjab,18.0,,GJ Bailey,0,2015
829719,2015-04-13,2015,Indian Premier League,M Chinnaswamy Stadium,Bangalore,Royal Challengers Bangalore,Sunrisers Hyderabad,Sunrisers Hyderabad,field,Sunrisers Hyderabad,,8.0,DA Warner,1,2015
829721,2015-04-14,2015,Indian Premier League,"Sardar Patel Stadium, Motera",Ahmedabad,Rajasthan Royals,Mumbai Indians,Mumbai Indians,bat,Rajasthan Royals,,7.0,SPD Smith,0,2015
829723,2015-04-30,2015,Indian Premier League,Eden Gardens,Kolkata,Kolkata Knight Riders,Chennai Super Kings,Kolkata Knight Riders,field,Kolkata Knight Riders,,7.0,AD Russell,1,2015
829725,2015-04-15,2015,Indian Premier League,Maharashtra Cricket Association Stadium,Pune,Kings XI Punjab,Delhi Daredevils,Kings XI Punjab,bat,Delhi Daredevils,,5.0,MA Agarwal,0,2015
829727,2015-04-16,2015,Indian Premier League,Dr. Y.S. Rajasekhara Reddy ACA-VDCA Cricket Stadium,Visakhapatnam,Sunrisers Hyderabad,Rajasthan Royals,Rajasthan Royals,field,Rajasthan Royals,,6.0,AM Rahane,1,2015
829729,2015-04-17,2015,Indian Premier League,Wankhede Stadium,Mumbai,Mumbai Indians,Chennai Super Kings,Mumbai Indians,bat,Chennai Super Kings,,6.0,A Nehra,0,2015
829731,2015-04-18,2015,Indian Premier League,Dr. Y.S. Rajasekhara Reddy ACA-VDCA Cricket Stadium,Visakhapatnam,Sunrisers Hyderabad,Delhi Daredevils,Delhi Daredevils,bat,Delhi Daredevils,4.0,,JP Duminy,1,2015
829733,2015-04-18,2015,Indian Premier League,Maharashtra Cricket Association Stadium,Pune,Kings XI Punjab,Kolkata Knight Riders,Kolkata Knight Riders,field,Kolkata Knight Riders,,4.0,AD Russell,1,2015
829735,2015-04-19,2015,Indian Premier League,"Sardar Patel Stadium, Motera",Ahmedabad,Rajasthan Royals,Chennai Super Kings,Chennai Super Kings,bat,Rajasthan Royals,,8.0,AM Rahane,0,2015
829737,2015-04-19,2015,Indian Premier League,M Chinnaswamy Stadium,Bangalore,Royal Challengers Bangalore,Mumbai Indians,Royal Challengers Bangalore,field,Mumbai Indians,18.0,,Harbhajan Singh,0,2015
829739,2015-04-20,2015,Indian Premier League,Feroz Shah Kotla,Delhi,Delhi Daredevils,Kolkata Knight Riders,Kolkata Knight Riders,field,Kolkata Knight Riders,,6.0,UT Yadav,1,2015
829741,2015-04-21,2015,Indian Premier League,"Sardar Patel Stadium, Motera",Ahmedabad,Rajasthan Royals,Kings XI Punjab,Kings XI Punjab,field,tie,,,SE Marsh,0,2015
829743,2015-04-22,2015,Indian Premier League,Dr. Y.S. Rajasekhara Reddy ACA-VDCA Cricket Stadium,Visakhapatnam,Sunrisers Hyderabad,Kolkata Knight Riders,Kolkata Knight Riders,field,Sunrisers Hyderabad,16.0,,DA Warner,0,2015
829745,2015-04-22,2015,Indian Premier League,M Chinnaswamy Stadium,Bangalore,Royal Challengers Bangalore,Chennai Super Kings,Royal Challengers Bangalore,field,Chennai Super Kings,27.0,,SK Raina,0,2015
829747,2015-04-23,2015,Indian Premier League,Feroz Shah Kotla,Delhi,Delhi Daredevils,Mumbai Indians,Mumbai Indians,field,Delhi Daredevils,37.0,,SS Iyer,0,2015
829749,2015-04-24,2015,Indian Premier League,"Sardar Patel Stadium, Motera",Ahmedabad,Rajasthan Royals,Royal Challengers Bangalore,Royal Challengers Bangalore,field,Royal Challengers Bangalore,,9.0,MA Starc,1,2015
829751,2015-04-25,2015,Indian Premier League,Wankhede Stadium,Mumbai,Mumbai Indians,Sunrisers Hyderabad,Mumbai Indians,bat,Mumbai Indians,20.0,,SL Malinga,1,2015
829753,2015-04-25,2015,Indian Premier League,"MA Chidambaram Stadium, Chepauk",Chennai,Chennai Super Kings,Kings XI Punjab,Chennai Super Kings,bat,Chennai Super Kings,97.0,,BB McCullum,1,2015
829757,2015-04-26,2015,Indian Premier League,Feroz Shah Kotla,Delhi,Delhi Daredevils,Royal Challengers Bangalore,Royal Challengers Bangalore,field,Royal Challengers Bangalore,,10.0,VR Aaron,1,2015
829759,2015-04-27,2015,Indian Premier League,"Punjab Cricket Association Stadium, Mohali",Chandigarh,Kings XI Punjab,Sunrisers Hyderabad,Kings XI Punjab,field,Sunrisers Hyderabad,20.0,,TA Boult,0,2015
829761,2015-05-07,2015,Indian Premier League,Eden Gardens,Kolkata,Kolkata Knight Riders,Delhi Daredevils,Kolkata Knight Riders,bat,Kolkata Knight Riders,13.0,,PP Chawla,1,2015
829763,2015-04-29,2015,Indian Premier League,M Chinnaswamy Stadium,Bangalore,Royal Challengers Bangalore,Rajasthan Royals,Rajasthan Royals,field,no result,,,,0,2015
829765,2015-04-28,2015,Indian Premier League,"MA Chidambaram Stadium, Chepauk",Chennai,Chennai Super Kings,Kolkata Knight Riders,Kolkata Knight Riders,field,Chennai Super Kings,2.0,,DJ Bravo,0,2015
829767,2015-05-01,2015,Indian Premier League,Feroz Shah Kotla,Delhi,Delhi Daredevils,Kings XI Punjab,Delhi Daredevils,field,Delhi Daredevils,,9.0,NM Coulter-Nile,1,2015
829769,2015-05-01,2015,Indian Premier League,Wankhede Stadium,Mumbai,Mumbai Indians,Rajasthan Royals,Rajasthan Royals,field,Mumbai Indians,8.0,,AT Rayudu,0,2015
829771,2015-05-02,2015,Indian Premier League,M Chinnaswamy Stadium,Bangalore,Royal Challengers Bangalore,Kolkata Knight Riders,Royal Challengers Bangalore,field,Royal Challengers Bangalore,,7.0,Mandeep Singh,1,2015
829773,2015-05-02,2015,Indian Premier League,"Rajiv Gandhi International Stadium, Uppal",Hyderabad,Sunrisers Hyderabad,Chennai Super Kings,Chennai Super Kings,field,Sunrisers Hyderabad,22.0,,DA Warner,0,2015
829775,2015-05-03,2015,Indian Premier League,"Punjab Cricket Association Stadium, Mohali",Chandigarh,Kings XI Punjab,Mumbai Indians,Mumbai Indians,bat,Mumbai Indians,23.0,,LMP Simmons,1,2015
829777,2015-05-03,2015,Indian Premier League,Brabourne Stadium,Mumbai,Rajasthan Royals,Delhi Daredevils,Delhi Daredevils,field,Rajasthan Royals,14.0,,AM Rahane,0,2015
829779,2015-05-04,2015,Indian Premier League,"MA Chidambaram Stadium, Chepauk",Chennai,Chennai Super Kings,Royal Challengers Bangalore,Chennai Super Kings,bat,Chennai Super Kings,24.0,,SK Raina,1,2015
829781,2015-05-04,2015,Indian Premier League,Eden Gardens,Kolkata,Kolkata Knight Riders,Sunrisers Hyderabad,Sunrisers Hyderabad,field,Kolkata Knight Riders,35.0,,UT Yadav,0,2015
829783,2015-05-05,2015,Indian Premier League,Wankhede Stadium,Mumbai,Mumbai Indians,Delhi Daredevils,Delhi Daredevils,bat,Mumbai Indians,,5.0,Harbhajan Singh,0,2015
829785,2015-05-06,2015,Indian Premier League,M Chinnaswamy Stadium,Bangalore,Royal Challengers Bangalore,Kings XI Punjab,Kings XI Punjab,field,Royal Challengers Bangalore,138.0,,CH Gayle,0,2015
829787,2015-05-07,2015,Indian Premier League,Brabourne Stadium,Mumbai,Rajasthan Royals,Sunrisers Hyderabad,Rajasthan Royals,field,Sunrisers Hyderabad,7.0,,EJG Morgan,0,2015
829789,2015-05-08,2015,Indian Premier League,"MA Chidambaram Stadium, Chepauk",Chennai,Chennai Super Kings,Mumbai Indians,Chennai Super Kings,bat,Mumbai Indians,,6.0,HH Pandya,0,2015
829791,2015-05-09,2015,Indian Premier League,Eden Gardens,Kolkata,Kolkata Knight Riders,Kings XI Punjab,Kings XI Punjab,bat,Kolkata Knight Riders,,1.0,AD Russell,0,2015
829793,2015-05-09,2015,Indian Premier League,Shaheed Veer Narayan Singh International Stadium,Raipur,Delhi Daredevils,Sunrisers Hyderabad,Sunrisers Hyderabad,bat,Sunrisers Hyderabad,6.0,,MC Henriques,1,2015
829795,2015-05-10,2015,Indian Premier League,Wankhede Stadium,Mumbai,Mumbai Indians,Royal Challengers Bangalore,Royal Challengers Bangalore,bat,Royal Challengers Bangalore,39.0,,AB de Villiers,1,2015
829797,2015-05-10,2015,Indian Premier League,"MA Chidambaram Stadium, Chepauk",Chennai,Chennai Super Kings,Rajasthan Royals,Chennai Super Kings,bat,Chennai Super Kings,12.0,,RA Jadeja,1,2015
829799,2015-05-11,2015,Indian Premier League,"Rajiv Gandhi International Stadium, Uppal",Hyderabad,Sunrisers Hyderabad,Kings XI Punjab,Sunrisers Hyderabad,bat,Sunrisers Hyderabad,5.0,,DA Warner,1,2015
829801,2015-05-12,2015,Indian Premier League,Shaheed Veer Narayan Singh International Stadium,Raipur,Delhi Daredevils,Chennai Super Kings,Chennai Super Kings,bat,Delhi Daredevils,,6.0,Z Khan,0,2015
829803,2015-05-13,2015,Indian Premier League,"Punjab Cricket Association Stadium, Mohali",Chandigarh,Kings XI Punjab,Royal Challengers Bangalore,Royal Challengers Bangalore,field,Kings XI Punjab,22.0,,AR Patel,0,2015
829805,2015-05-14,2015,Indian Premier League,Wankhede Stadium,Mumbai,Mumbai Indians,Kolkata Knight Riders,Kolkata Knight Riders,field,Mumbai Indians,5.0,,HH Pandya,0,2015
829807,2015-05-15,2015,Indian Premier League,"Rajiv Gandhi International Stadium, Uppal",Hyderabad,Sunrisers Hyderabad,Royal Challengers Bangalore,Sunrisers Hyderabad,bat,Royal Challengers Bangalore,,6.0,V Kohli,0,2015
829809,2015-05-16,2015,Indian Premier League,"Punjab Cricket Association Stadium, Mohali",Chandigarh,Kings XI Punjab,Chennai Super Kings,Kings XI Punjab,bat,Chennai Super Kings,,7.0,P Negi,0,2015
829811,2015-05-16,2015,Indian Premier League,Brabourne Stadium,Mumbai,Rajasthan Royals,Kolkata Knight Riders,Rajasthan Royals,bat,Rajasthan Royals,9.0,,SR Watson,1,2015
829813,2015-05-17,2015,Indian Premier League,M Chinnaswamy Stadium,Bangalore,Royal Challengers Bangalore,Delhi Daredevils,Royal Challengers Bangalore,field,no result,,,,0,2015
829815,2015-05-17,2015,Indian Premier League,"Rajiv Gandhi International Stadium, Uppal",Hyderabad,Sunrisers Hyderabad,Mumbai Indians,Sunrisers Hyderabad,bat,Mumbai Indians,,9.0,MJ McClenaghan,0,2015
829817,2015-05-19,2015,Indian Premier League,Wankhede Stadium,Mumbai,Chennai Super Kings,Mumbai Indians,Mumbai Indians,bat,Mumbai Indians,25.0,,KA Pollard,1,2015
829819,2015-05-20,2015,Indian Premier League,Maharashtra Cricket Association Stadium,Pune,Royal Challengers Bangalore,Rajasthan Royals,Royal Challengers Bangalore,bat,Royal Challengers Bangalore,71.0,,AB de Villiers,1,2015
829821,2015-05-22,2015,Indian Premier League,JSCA International Stadium Complex,Ranchi,Chennai Super Kings,Royal Challengers Bangalore,Chennai Super Kings,field,Chennai Super Kings,,3.0,A Nehra,1,2015
829823,2015-05-24,2015,Indian Premier League,Eden Gardens,Kolkata,Mumbai Indians,Chennai Super Kings,Chennai Super Kings,field,Mumbai Indians,41.0,,RG Sharma,0,2015
980901,2016-04-09,2016,Indian Premier League,Wankhede Stadium,Mumbai,Mumbai Indians,Rising Pune Supergiants,Mumbai Indians,bat,Rising Pune Supergiants,,9.0,AM Rahane,0,2016
980903,2016-04-10,2016,Indian Premier League,Eden Gardens,Kolkata,Kolkata Knight Riders,Delhi Daredevils,Kolkata Knight Riders,field,Kolkata Knight Riders,,9.0,AD Russell,1,2016
980905,2016-04-11,2016,Indian Premier League,"Punjab Cricket Association IS Bindra Stadium, Mohali",Chandigarh,Kings XI Punjab,Gujarat Lions,Gujarat Lions,field,Gujarat Lions,,5.0,AJ Finch,1,2016
980907,2016-04-12,2016,Indian Premier League,M Chinnaswamy Stadium,Bangalore,Royal Challengers Bangalore,Sunrisers Hyderabad,Sunrisers Hyderabad,field,Royal Challengers Bangalore,45.0,,AB de Villiers,0,2016
980909,2016-04-13,2016,Indian Premier League,Eden Gardens,Kolkata,Kolkata Knight Riders,Mumbai Indians,Mumbai Indians,field,Mumbai Indians,,6.0,RG Sharma,1,2016
980911,2016-04-14,2016,Indian Premier League,Saurashtra Cricket Association Stadium,Rajkot,Gujarat Lions,Rising Pune Supergiants,Rising Pune Supergiants,bat,Gujarat Lions,,7.0,AJ Finch,0,2016
980913,2016-04-15,2016,Indian Premier League,Feroz Shah Kotla,Delhi,Delhi Daredevils,Kings XI Punjab,Delhi Daredevils,field,Delhi Daredevils,,8.0,A Mishra,1,2016
980915,2016-04-16,2016,Indian Premier League,"Rajiv Gandhi International Stadium, Uppal",Hyderabad,Sunrisers Hyderabad,Kolkata Knight Riders,Sunrisers Hyderabad,bat,Kolkata Knight Riders,,8.0,G Gambhir,0,2016
980917,2016-04-16,2016,Indian Premier League,Wankhede Stadium,Mumbai,Mumbai Indians,Gujarat Lions,Gujarat Lions,field,Gujarat Lions,,3.0,AJ Finch,1,2016
980919,2016-04-17,2016,Indian Premier League,"Punjab Cricket Association IS Bindra Stadium, Mohali",Chandigarh,Kings XI Punjab,Rising Pune Supergiants,Rising Pune Supergiants,bat,Kings XI Punjab,,6.0,M Vohra,0,2016
980921,2016-04-17,2016,Indian Premier League,M Chinnaswamy Stadium,Bangalore,Royal Challengers Bangalore,Delhi Daredevils,Delhi Daredevils,field,Delhi Daredevils,,7.0,Q de Kock,1,2016
980923,2016-04-18,2016,Indian Premier League,"Rajiv Gandhi International Stadium, Uppal",Hyderabad,Sunrisers Hyderabad,Mumbai Indians,Sunrisers Hyderabad,field,Sunrisers Hyderabad,,7.0,DA Warner,1,2016
980925,2016-04-19,2016,Indian Premier League,"Punjab Cricket Association IS Bindra Stadium, Mohali",Chandigarh,Kings XI Punjab,Kolkata Knight Riders,Kolkata Knight Riders,field,Kolkata Knight Riders,,6.0,RV Uthappa,1,2016
980927,2016-04-20,2016,Indian Premier League,Wankhede Stadium,Mumbai,Mumbai Indians,Royal Challengers Bangalore,Mumbai Indians,field,Mumbai Indians,,6.0,RG Sharma,1,2016
980929,2016-04-21,2016,Indian Premier League,Saurashtra Cricket Association Stadium,Rajkot,Gujarat Lions,Sunrisers Hyderabad,Sunrisers Hyderabad,field,Sunrisers Hyderabad,,10.0,B Kumar,1,2016
980931,2016-04-22,2016,Indian Premier League,Maharashtra Cricket Association Stadium,Pune,Rising Pune Supergiants,Royal Challengers Bangalore,Rising Pune Supergiants,field,Royal Challengers Bangalore,13.0,,AB de Villiers,0,2016
980933,2016-04-23,2016,Indian Premier League,Feroz Shah Kotla,Delhi,Delhi Daredevils,Mumbai Indians,Mumbai Indians,field,Delhi Daredevils,10.0,,SV Samson,0,2016
980935,2016-04-23,2016,Indian Premier League,"Rajiv Gandhi International Stadium, Uppal",Hyderabad,Sunrisers Hyderabad,Kings XI Punjab,Sunrisers Hyderabad,field,Sunrisers Hyderabad,,5.0,Mustafizur Rahman,1,2016
980937,2016-04-24,2016,Indian Premier League,Saurashtra Cricket Association Stadium,Rajkot,Gujarat Lions,Royal Challengers Bangalore,Royal Challengers Bangalore,bat,Gujarat Lions,,6.0,V Kohli,0,2016
980939,2016-04-24,2016,Indian Premier League,Maharashtra Cricket Association Stadium,Pune,Rising Pune Supergiants,Kolkata Knight Riders,Kolkata Knight Riders,field,Kolkata Knight Riders,,2.0,SA Yadav,1,2016
980941,2016-04-25,2016,Indian Premier League,"Punjab Cricket Association IS Bindra Stadium, Mohali",Chandigarh,Kings XI Punjab,Mumbai Indians,Kings XI Punjab,field,Mumbai Indians,25.0,,PA Patel,0,2016
980943,2016-04-26,2016,Indian Premier League,"Rajiv Gandhi International Stadium, Uppal",Hyderabad,Sunrisers Hyderabad,Rising Pune Supergiants,Rising Pune Supergiants,field,Rising Pune Supergiants,34.0,,AB Dinda,1,2016
980945,2016-04-27,2016,Indian Premier League,Feroz Shah Kotla,Delhi,Delhi Daredevils,Gujarat Lions,Delhi Daredevils,field,Gujarat Lions,1.0,,CH Morris,0,2016
980947,2016-04-28,2016,Indian Premier League,Wankhede Stadium,Mumbai,Mumbai Indians,Kolkata Knight Riders,Mumbai Indians,field,Mumbai Indians,,6.0,RG Sharma,1,2016
980949,2016-04-29,2016,Indian Premier League,Maharashtra Cricket Association Stadium,Pune,Rising Pune Supergiants,Gujarat Lions,Gujarat Lions,field,Gujarat Lions,,3.0,DR Smith,1,2016
980951,2016-04-30,2016,Indian Premier League,Feroz Shah Kotla,Delhi,Delhi Daredevils,Kolkata Knight Riders,Kolkata Knight Riders,field,Delhi Daredevils,27.0,,CR Brathwaite,0,2016
980953,2016-04-30,2016,Indian Premier League,"Rajiv Gandhi International Stadium, Uppal",Hyderabad,Sunrisers Hyderabad,Royal Challengers Bangalore,Royal Challengers Bangalore,field,Sunrisers Hyderabad,15.0,,DA Warner,0,2016
980955,2016-05-01,2016,Indian Premier League,Saurashtra Cricket Association Stadium,Rajkot,Gujarat Lions,Kings XI Punjab,Gujarat Lions,field,Kings XI Punjab,23.0,,AR Patel,0,2016
980957,2016-05-01,2016,Indian Premier League,Maharashtra Cricket Association Stadium,Pune,Rising Pune Supergiants,Mumbai Indians,Mumbai Indians,field,Mumbai Indians,,8.0,RG Sharma,1,2016
980959,2016-05-02,2016,Indian Premier League,M Chinnaswamy Stadium,Bangalore,Royal Challengers Bangalore,Kolkata Knight Riders,Kolkata Knight Riders,field,Kolkata Knight Riders,,5.0,AD Russell,1,2016
980961,2016-05-03,2016,Indian Premier League,Saurashtra Cricket Association Stadium,Rajkot,Gujarat Lions,Delhi Daredevils,Delhi Daredevils,field,Delhi Daredevils,,8.0,RR Pant,1,2016
980963,2016-05-04,2016,Indian Premier League,Eden Gardens,Kolkata,Kolkata Knight Riders,Kings XI Punjab,Kings XI Punjab,field,Kolkata Knight Riders,7.0,,AD Russell,0,2016
980965,2016-05-05,2016,Indian Premier League,Feroz Shah Kotla,Delhi,Delhi Daredevils,Rising Pune Supergiants,Rising Pune Supergiants,field,Rising Pune Supergiants,,7.0,AM Rahane,1,2016
980967,2016-05-06,2016,Indian Premier League,"Rajiv Gandhi International Stadium, Uppal",Hyderabad,Sunrisers Hyderabad,Gujarat Lions,Sunrisers Hyderabad,field,Sunrisers Hyderabad,,5.0,B Kumar,1,2016
980969,2016-05-07,2016,Indian Premier League,M Chinnaswamy Stadium,Bangalore,Royal Challengers Bangalore,Rising Pune Supergiants,Royal Challengers Bangalore,field,Royal Challengers Bangalore,,7.0,V Kohli,1,2016
980971,2016-05-07,2016,Indian Premier League,"Punjab Cricket Association IS Bindra Stadium, Mohali",Chandigarh,Kings XI Punjab,Delhi Daredevils,Delhi Daredevils,field,Kings XI Punjab,9.0,,MP Stoinis,0,2016
980973,2016-05-08,2016,Indian Premier League,Dr. Y.S. Rajasekhara Reddy ACA-VDCA Cricket Stadium,Visakhapatnam,Mumbai Indians,Sunrisers Hyderabad,Mumbai Indians,field,Sunrisers Hyderabad,85.0,,A Nehra,0,2016
980975,2016-05-08,2016,Indian Premier League,Eden Gardens,Kolkata,Kolkata Knight Riders,Gujarat Lions,Gujarat Lions,field,Gujarat Lions,,5.0,P Kumar,1,2016
980977,2016-05-09,2016,Indian Premier League,"Punjab Cricket Association IS Bindra Stadium, Mohali",Chandigarh,Kings XI Punjab,Royal Challengers Bangalore,Kings XI Punjab,field,Royal Challengers Bangalore,1.0,,SR Watson,0,2016
980979,2016-05-10,2016,Indian Premier League,Dr. Y.S. Rajasekhara Reddy ACA-VDCA Cricket Stadium,Visakhapatnam,Rising Pune Supergiants,Sunrisers Hyderabad,Sunrisers Hyderabad,bat,Sunrisers Hyderabad,4.0,,A Zampa,1,2016
980981,2016-05-11,2016,Indian Premier League,M Chinnaswamy Stadium,Bangalore,Royal Challengers Bangalore,Mumbai Indians,Mumbai Indians,field,Mumbai Indians,,6.0,KH Pandya,1,2016
980983,2016-05-12,2016,Indian Premier League,"Rajiv Gandhi International Stadium, Uppal",Hyderabad,Sunrisers Hyderabad,Delhi Daredevils,Delhi Daredevils,field,Delhi Daredevils,,7.0,CH Morris,1,2016
980985,2016-05-13,2016,Indian Premier League,Dr. Y.S. Rajasekhara Reddy ACA-VDCA Cricket Stadium,Visakhapatnam,Mumbai Indians,Kings XI Punjab,Mumbai Indians,bat,Kings XI Punjab,,7.0,MP Stoinis,0,2016
980987,2016-05-14,2016,Indian Premier League,M Chinnaswamy Stadium,Bangalore,Royal Challengers Bangalore,Gujarat Lions,Gujarat Lions,field,Royal Challengers Bangalore,144.0,,AB de Villiers,0,2016
980989,2016-05-14,2016,Indian Premier League,Eden Gardens,Kolkata,Kolkata Knight Riders,Rising Pune Supergiants,Rising Pune Supergiants,bat,Kolkata Knight Riders,,8.0,YK Pathan,0,2016
980991,2016-05-15,2016,Indian Premier League,"Punjab Cricket Association IS Bindra Stadium, Mohali",Chandigarh,Kings XI Punjab,Sunrisers Hyderabad,Kings XI Punjab,bat,Sunrisers Hyderabad,,7.0,HM Amla,0,2016
980993,2016-05-15,2016,Indian Premier League,Dr. Y.S. Rajasekhara Reddy ACA-VDCA Cricket Stadium,Visakhapatnam,Mumbai Indians,Delhi Daredevils,Delhi Daredevils,field,Mumbai Indians,80.0,,KH Pandya,0,2016
980995,2016-05-16,2016,Indian Premier League,Eden Gardens,Kolkata,Kolkata Knight Riders,Royal Challengers Bangalore,Royal Challengers Bangalore,field,Royal Challengers Bangalore,,9.0,V Kohli,1,2016
980997,2016-05-17,2016,Indian Premier League,Dr. Y.S. Rajasekhara Reddy ACA-VDCA Cricket Stadium,Visakhapatnam,Rising Pune Supergiants,Delhi Daredevils,Rising Pune Supergiants,field,Rising Pune Supergiants,19.0,,AB Dinda,1,2016
980999,2016-05-18,2016,Indian Premier League,M Chinnaswamy Stadium,Bangalore,Royal Challengers Bangalore,Kings XI Punjab,Kings XI Punjab,field,Royal Challengers Bangalore,82.0,,V Kohli,0,2016
981001,2016-05-19,2016,Indian Premier League,Green Park,Kanpur,Gujarat Lions,Kolkata Knight Riders,Gujarat Lions,field,Gujarat Lions,,6.0,DR Smith,1,2016
981003,2016-05-20,2016,Indian Premier League,Shaheed Veer Narayan Singh International Stadium,Raipur,Delhi Daredevils,Sunrisers Hyderabad,Delhi Daredevils,field,Delhi Daredevils,,6.0,KK Nair,1,2016
981005,2016-05-21,2016,Indian Premier League,Dr. Y.S. Rajasekhara Reddy ACA-VDCA Cricket Stadium,Visakhapatnam,Rising Pune Supergiants,Kings XI Punjab,Kings XI Punjab,bat,Rising Pune Supergiants,,4.0,MS Dhoni,0,2016
981007,2016-05-21,2016,Indian Premier League,Green Park,Kanpur,Gujarat Lions,Mumbai Indians,Gujarat Lions,field,Gujarat Lions,,6.0,SK Raina,1,2016
981009,2016-05-22,2016,Indian Premier League,Eden Gardens,Kolkata,Kolkata Knight Riders,Sunrisers Hyderabad,Sunrisers Hyderabad,field,Kolkata Knight Riders,22.0,,YK Pathan,0,2016
981011,2016-05-22,2016,Indian Premier League,Shaheed Veer Narayan Singh International Stadium,Raipur,Delhi Daredevils,Royal Challengers Bangalore,Royal Challengers Bangalore,field,Royal Challengers Bangalore,,6.0,V Kohli,1,2016
981013,2016-05-24,2016,Indian Premier League,M Chinnaswamy Stadium,Bangalore,Gujarat Lions,Royal Challengers Bangalore,Royal Challengers Bangalore,field,Royal Challengers Bangalore,,4.0,AB de Villiers,1,2016
981015,2016-05-25,2016,Indian Premier League,Feroz Shah Kotla,Delhi,Sunrisers Hyderabad,Kolkata Knight Riders,Kolkata Knight Riders,field,Sunrisers Hyderabad,22.0,,MC Henriques,0,2016
981017,2016-05-27,2016,Indian Premier League,Feroz Shah Kotla,Delhi,Gujarat Lions,Sunrisers Hyderabad,Sunrisers Hyderabad,field,Sunrisers Hyderabad,,4.0,DA Warner,1,2016
981019,2016-05-29,2016,Indian Premier League,M Chinnaswamy Stadium,Bangalore,Royal Challengers Bangalore,Sunrisers Hyderabad,Sunrisers Hyderabad,bat,Sunrisers Hyderabad,8.0,,BCJ Cutting,1,2016
1527674,2026-03-28,2026,Indian Premier League,"M Chinnaswamy Stadium, Bengaluru",Bengaluru,Sunrisers Hyderabad,Royal Challengers Bengaluru,Royal Challengers Bengaluru,field,Royal Challengers Bengaluru,,6.0,JA Duffy,1,2026
1527675,2026-03-29,2026,Indian Premier League,"Wankhede Stadium, Mumbai",Mumbai,Kolkata Knight Riders,Mumbai Indians,Mumbai Indians,field,Mumbai Indians,,6.0,SN Thakur,1,2026
1527676,2026-03-30,2026,Indian Premier League,"Barsapara Cricket Stadium, Guwahati",Guwahati,Chennai Super Kings,Rajasthan Royals,Rajasthan Royals,field,Rajasthan Royals,,8.0,N Burger,1,2026
1527677,2026-03-31,2026,Indian Premier League,"Maharaja Yadavindra Singh International Cricket Stadium, New Chandigarh",New Chandigarh,Gujarat Titans,Punjab Kings,Punjab Kings,field,Punjab Kings,,3.0,C Connolly,1,2026
1527678,2026-04-01,2026,Indian Premier League,"Bharat Ratna Shri Atal Bihari Vajpayee Ekana Cricket Stadium, Lucknow",Lucknow,Lucknow Super Giants,Delhi Capitals,Delhi Capitals,field,Delhi Capitals,,6.0,Sameer Rizvi,1,2026
1527679,2026-04-02,2026,Indian Premier League,"Eden Gardens, Kolkata",Kolkata,Sunrisers Hyderabad,Kolkata Knight Riders,Kolkata Knight Riders,field,Sunrisers Hyderabad,65.0,,Nithish Kumar Reddy,0,2026
1527680,2026-04-03,2026,Indian Premier League,"MA Chidambaram Stadium, Chepauk, Chennai",Chennai,Chennai Super Kings,Punjab Kings,Punjab Kings,field,Punjab Kings,,5.0,Priyansh Arya,1,2026
1527681,2026-04-04,2026,Indian Premier League,"Arun Jaitley Stadium, Delhi",Delhi,Mumbai Indians,Delhi Capitals,Delhi Capitals,field,Delhi Capitals,,6.0,Sameer Rizvi,1,2026
1527682,2026-04-04,2026,Indian Premier League,"Narendra Modi Stadium, Ahmedabad",Ahmedabad,Rajasthan Royals,Gujarat Titans,Rajasthan Royals,bat,Rajasthan Royals,6.0,,Ravi Bishnoi,1,2026
1527683,2026-04-05,2026,Indian Premier League,"Rajiv Gandhi International Stadium, Uppal, Hyderabad",Hyderabad,Sunrisers Hyderabad,Lucknow Super Giants,Lucknow Super Giants,field,Lucknow Super Giants,,5.0,Mohammed Shami,1,2026
1527684,2026-04-05,2026,Indian Premier League,"M Chinnaswamy Stadium, Bengaluru",Bengaluru,Royal Challengers Bengaluru,Chennai Super Kings,Chennai Super Kings,field,Royal Challengers Bengaluru,43.0,,TH David,0,2026
1527685,2026-04-06,2026,Indian Premier League,"Eden Gardens, Kolkata",Kolkata,Kolkata Knight Riders,Punjab Kings,Kolkata Knight Riders,bat,no result,,,,0,2026
1527686,2026-04-07,2026,Indian Premier League,"Barsapara Cricket Stadium, Guwahati",Guwahati,Rajasthan Royals,Mumbai Indians,Mumbai Indians,field,Rajasthan Royals,27.0,,YBK Jaiswal,0,2026
1527687,2026-04-08,2026,Indian Premier League,"Arun Jaitley Stadium, Delhi",Delhi,Gujarat Titans,Delhi Capitals,Delhi Capitals,field,Gujarat Titans,1.0,,Rashid Khan,0,2026
1527688,2026-04-09,2026,Indian Premier League,"Eden Gardens, Kolkata",Kolkata,Kolkata Knight Riders,Lucknow Super Giants,Lucknow Super Giants,field,Lucknow Super Giants,,3.0,MD Choudhary,1,2026
1527689,2026-04-10,2026,Indian Premier League,"Barsapara Cricket Stadium, Guwahati",Guwahati,Royal Challengers Bengaluru,Rajasthan Royals,Rajasthan Royals,field,Rajasthan Royals,,6.0,V Suryavanshi,1,2026
1527690,2026-04-11,2026,Indian Premier League,"Maharaja Yadavindra Singh International Cricket Stadium, New Chandigarh",New Chandigarh,Sunrisers Hyderabad,Punjab Kings,Punjab Kings,field,Punjab Kings,,6.0,SS Iyer,1,2026
1527691,2026-04-11,2026,Indian Premier League,"MA Chidambaram Stadium, Chepauk, Chennai",Chennai,Chennai Super Kings,Delhi Capitals,Delhi Capitals,field,Chennai Super Kings,23.0,,SV Samson,0,2026
1527692,2026-04-12,2026,Indian Premier League,"Bharat Ratna Shri Atal Bihari Vajpayee Ekana Cricket Stadium, Lucknow",Lucknow,Lucknow Super Giants,Gujarat Titans,Gujarat Titans,field,Gujarat Titans,,7.0,M Prasidh Krishna,1,2026
1527693,2026-04-12,2026,Indian Premier League,"Wankhede Stadium, Mumbai",Mumbai,Royal Challengers Bengaluru,Mumbai Indians,Mumbai Indians,field,Royal Challengers Bengaluru,18.0,,PD Salt,0,2026
1529264,2026-04-13,2026,Indian Premier League,"Rajiv Gandhi International Stadium, Uppal, Hyderabad",Hyderabad,Sunrisers Hyderabad,Rajasthan Royals,Rajasthan Royals,field,Sunrisers Hyderabad,57.0,,PP Hinge,0,2026
1529265,2026-04-14,2026,Indian Premier League,"MA Chidambaram Stadium, Chepauk, Chennai",Chennai,Chennai Super Kings,Kolkata Knight Riders,Kolkata Knight Riders,field,Chennai Super Kings,32.0,,Noor Ahmad,0,2026
1529266,2026-04-15,2026,Indian Premier League,"M Chinnaswamy Stadium, Bengaluru",Bengaluru,Lucknow Super Giants,Royal Challengers Bengaluru,Royal Challengers Bengaluru,field,Royal Challengers Bengaluru,,5.0,JR Hazlewood,1,2026
1529267,2026-04-16,2026,Indian Premier League,"Wankhede Stadium, Mumbai",Mumbai,Mumbai Indians,Punjab Kings,Punjab Kings,field,Punjab Kings,,7.0,Arshdeep Singh,1,2026
1529268,2026-04-17,2026,Indian Premier League,"Narendra Modi Stadium, Ahmedabad",Ahmedabad,Kolkata Knight Riders,Gujarat Titans,Kolkata Knight Riders,bat,Gujarat Titans,,5.0,Shubman Gill,0,2026
1529269,2026-04-18,2026,Indian Premier League,"M Chinnaswamy Stadium, Bengaluru",Bengaluru,Royal Challengers Bengaluru,Delhi Capitals,Delhi Capitals,field,Delhi Capitals,,6.0,T Stubbs,1,2026
1529270,2026-04-18,2026,Indian Premier League,"Rajiv Gandhi International Stadium, Uppal, Hyderabad",Hyderabad,Sunrisers Hyderabad,Chennai Super Kings,Chennai Super Kings,field,Sunrisers Hyderabad,10.0,,E Malinga,0,2026
1529271,2026-04-19,2026,Indian Premier League,"Eden Gardens, Kolkata",Kolkata,Rajasthan Royals,Kolkata Knight Riders,Rajasthan Royals,bat,Kolkata Knight Riders,,4.0,CV Varun,0,2026
1529272,2026-04-19,2026,Indian Premier League,"Maharaja Yadavindra Singh International Cricket Stadium, New Chandigarh",New Chandigarh,Punjab Kings,Lucknow Super Giants,Lucknow Super Giants,field,Punjab Kings,54.0,,Priyansh Arya,0,2026
1529273,2026-04-20,2026,Indian Premier League,"Narendra Modi Stadium, Ahmedabad",Ahmedabad,Mumbai Indians,Gujarat Titans,Gujarat Titans,field,Mumbai Indians,99.0,,Tilak Varma,0,2026
1529274,2026-04-21,2026,Indian Premier League,"Rajiv Gandhi International Stadium, Uppal, Hyderabad",Hyderabad,Sunrisers Hyderabad,Delhi Capitals,Delhi Capitals,field,Sunrisers Hyderabad,47.0,,Abhishek Sharma,0,2026
1529275,2026-04-22,2026,Indian Premier League,"Bharat Ratna Shri Atal Bihari Vajpayee Ekana Cricket Stadium, Lucknow",Lucknow,Rajasthan Royals,Lucknow Super Giants,Lucknow Super Giants,field,Rajasthan Royals,40.0,,RA Jadeja,0,2026
1529276,2026-04-23,2026,Indian Premier League,"Wankhede Stadium, Mumbai",Mumbai,Chennai Super Kings,Mumbai Indians,Mumbai Indians,field,Chennai Super Kings,103.0,,SV Samson,0,2026
1529277,2026-04-24,2026,Indian Premier League,"M Chinnaswamy Stadium, Bengaluru",Bengaluru,Gujarat Titans,Royal Challengers Bengaluru,Royal Challengers Bengaluru,field,Royal Challengers Bengaluru,,5.0,V Kohli,1,2026
1529278,2026-04-25,2026,Indian Premier League,"Arun Jaitley Stadium, Delhi",Delhi,Delhi Capitals,Punjab Kings,Delhi Capitals,bat,Punjab Kings,,6.0,KL Rahul,0,2026
1529279,2026-04-25,2026,Indian Premier League,"Sawai Mansingh Stadium, Jaipur",Jaipur,Rajasthan Royals,Sunrisers Hyderabad,Sunrisers Hyderabad,field,Sunrisers Hyderabad,,5.0,Ishan Kishan,1,2026
1529280,2026-04-26,2026,Indian Premier League,"MA Chidambaram Stadium, Chepauk, Chennai",Chennai,Chennai Super Kings,Gujarat Titans,Gujarat Titans,field,Gujarat Titans,,8.0,K Rabada,1,2026
1529281,2026-04-26,2026,Indian Premier League,"Bharat Ratna Shri Atal Bihari Vajpayee Ekana Cricket Stadium, Lucknow",Lucknow,Kolkata Knight Riders,Lucknow Super Giants,Lucknow Super Giants,field,tie,,,RK Singh,0,2026
1529282,2026-04-27,2026,Indian Premier League,"Arun Jaitley Stadium, Delhi",Delhi,Delhi Capitals,Royal Challengers Bengaluru,Royal Challengers Bengaluru,field,Royal Challengers Bengaluru,,9.0,JR Hazlewood,1,2026
1529283,2026-04-28,2026,Indian Premier League,"Maharaja Yadavindra Singh International Cricket Stadium, New Chandigarh",New Chandigarh,Punjab Kings,Rajasthan Royals,Rajasthan Royals,field,Rajasthan Royals,,6.0,D Ferreira,1,2026
1529284,2026-04-29,2026,Indian Premier League,"Wankhede Stadium, Mumbai",Mumbai,Mumbai Indians,Sunrisers Hyderabad,Mumbai Indians,bat,Sunrisers Hyderabad,,6.0,H Klaasen,0,2026
1529285,2026-04-30,2026,Indian Premier League,"Narendra Modi Stadium, Ahmedabad",Ahmedabad,Royal Challengers Bengaluru,Gujarat Titans,Gujarat Titans,field,Gujarat Titans,,4.0,JO Holder,1,2026
1529286,2026-05-01,2026,Indian Premier League,"Sawai Mansingh Stadium, Jaipur",Jaipur,Rajasthan Royals,Delhi Capitals,Rajasthan Royals,bat,Delhi Capitals,,7.0,KL Rahul,0,2026
1529287,2026-05-02,2026,Indian Premier League,"MA Chidambaram Stadium, Chepauk, Chennai",Chennai,Mumbai Indians,Chennai Super Kings,Mumbai Indians,bat,Chennai Super Kings,,8.0,RD Gaikwad,0,2026
1529288,2026-05-03,2026,Indian Premier League,"Rajiv Gandhi International Stadium, Uppal, Hyderabad",Hyderabad,Sunrisers Hyderabad,Kolkata Knight Riders,Sunrisers Hyderabad,bat,Kolkata Knight Riders,,7.0,CV Varun,0,2026
1529289,2026-05-03,2026,Indian Premier League,"Narendra Modi Stadium, Ahmedabad",Ahmedabad,Punjab Kings,Gujarat Titans,Gujarat Titans,field,Gujarat Titans,,4.0,JO Holder,1,2026
1529290,2026-05-04,2026,Indian Premier League,"Wankhede Stadium, Mumbai",Mumbai,Lucknow Super Giants,Mumbai Indians,Mumbai Indians,field,Mumbai Indians,,6.0,RD Rickelton,1,2026
1529291,2026-05-05,2026,Indian Premier League,"Arun Jaitley Stadium, Delhi",Delhi,Delhi Capitals,Chennai Super Kings,Delhi Capitals,bat,Chennai Super Kings,,8.0,SV Samson,0,2026
1529292,2026-05-06,2026,Indian Premier League,"Rajiv Gandhi International Stadium, Uppal, Hyderabad",Hyderabad,Sunrisers Hyderabad,Punjab Kings,Punjab Kings,field,Sunrisers Hyderabad,33.0,,PJ Cummins,0,2026
